{"results": {"benchmarks.DTWF.peakmem_human_chr22": 109375488, "benchmarks.DTWF.peakmem_large_population_size": 51695616, "benchmarks.DTWF.peakmem_long_sequence_length": 55775232, "benchmarks.DTWF.peakmem_many_replicates": 44576768, "benchmarks.DTWF.time_human_chr22": {"result": [37.172697517002234], "stats": [{"ci_99": [-Infinity, Infinity], "q_25": 37.172697517002234, "q_75": 37.172697517002234, "min": 37.172697517002234, "max": 37.172697517002234, "mean": 37.172697517002234, "std": 0.0, "repeat": 1, "number": 1}]}, "benchmarks.DTWF.time_large_population_size": {"result": [10.897621207986958], "stats": [{"ci_99": [-Infinity, Infinity], "q_25": 10.897621207986958, "q_75": 10.897621207986958, "min": 10.897621207986958, "max": 10.897621207986958, "mean": 10.897621207986958, "std": 0.0, "repeat": 1, "number": 1}]}, "benchmarks.DTWF.time_long_sequence_length": {"result": [12.464043682004558], "stats": [{"ci_99": [-Infinity, Infinity], "q_25": 12.464043682004558, "q_75": 12.464043682004558, "min": 12.464043682004558, "max": 12.464043682004558, "mean": 12.464043682004558, "std": 0.0, "repeat": 1, "number": 1}]}, "benchmarks.DTWF.time_many_replicates": {"result": [51.03959511499852], "stats": [{"ci_99": [-Infinity, Infinity], "q_25": 51.03959511499852, "q_75": 51.03959511499852, "min": 51.03959511499852, "max": 51.03959511499852, "mean": 51.03959511499852, "std": 0.0, "repeat": 1, "number": 1}]}, "benchmarks.Hudson.peakmem_human_chr22": 142200832, "benchmarks.Hudson.peakmem_large_sample_size": 835846144, "benchmarks.Hudson.peakmem_long_sequence_length": 166137856, "benchmarks.Hudson.peakmem_long_sequence_length_gene_conversion": 167120896, "benchmarks.Hudson.peakmem_many_replicates": 44720128, "benchmarks.Hudson.time_human_chr22": {"result": [31.856400410993956], "stats": [{"ci_99": [-Infinity, Infinity], "q_25": 31.856400410993956, "q_75": 31.856400410993956, "min": 31.856400410993956, "max": 31.856400410993956, "mean": 31.856400410993956, "std": 0.0, "repeat": 1, "number": 1}]}, "benchmarks.Hudson.time_large_sample_size": {"result": [56.558658221998485], "stats": [{"ci_99": [-Infinity, Infinity], "q_25": 56.558658221998485, "q_75": 56.558658221998485, "min": 56.558658221998485, "max": 56.558658221998485, "mean": 56.558658221998485, "std": 0.0, "repeat": 1, "number": 1}]}, "benchmarks.Hudson.time_long_sequence_length": {"result": [51.12381687699235], "stats": [{"ci_99": [-Infinity, Infinity], "q_25": 51.12381687699235, "q_75": 51.12381687699235, "min": 51.12381687699235, "max": 51.12381687699235, "mean": 51.12381687699235, "std": 0.0, "repeat": 1, "number": 1}]}, "benchmarks.Hudson.time_long_sequence_length_gene_conversion": {"result": [51.15626839900506], "stats": [{"ci_99": [-Infinity, Infinity], "q_25": 51.15626839900506, "q_75": 51.15626839900506, "min": 51.15626839900506, "max": 51.15626839900506, "mean": 51.15626839900506, "std": 0.0, "repeat": 1, "number": 1}]}, "benchmarks.Hudson.time_many_replicates": {"result": [31.854933081980562], "stats": [{"ci_99": [-Infinity, Infinity], "q_25": 31.854933081980562, "q_75": 31.854933081980562, "min": 31.854933081980562, "max": 31.854933081980562, "mean": 31.854933081980562, "std": 0.0, "repeat": 1, "number": 1}]}}, "params": {"arch": "x86_64", "cpu": "Intel(R) Core(TM) i5-3317U CPU @ 1.70GHz", "machine": "poplar", "num_cpu": "4", "os": "Linux 3.13.0-24-generic", "ram": "3931396", "python": "3.8", "stdpopsim": ""}, "requirements": {"stdpopsim": ""}, "commit_hash": "022fdb215bab1efe8aa76f3bfbd42a2aef2aaa91", "date": 1585042382000, "env_name": "virtualenv-py3.8-stdpopsim", "python": "3.8", "profiles": {}, "started_at": {"benchmarks.DTWF.peakmem_human_chr22": 1602102832020, "benchmarks.DTWF.peakmem_large_population_size": 1602102868797, "benchmarks.DTWF.peakmem_long_sequence_length": 1602102879772, "benchmarks.DTWF.peakmem_many_replicates": 1602102892243, "benchmarks.DTWF.time_human_chr22": 1602102943319, "benchmarks.DTWF.time_large_population_size": 1602102980597, "benchmarks.DTWF.time_long_sequence_length": 1602102991622, "benchmarks.DTWF.time_many_replicates": 1602103004193, "benchmarks.Hudson.peakmem_human_chr22": 1602103055370, "benchmarks.Hudson.peakmem_large_sample_size": 1602103087386, "benchmarks.Hudson.peakmem_long_sequence_length": 1602103144541, "benchmarks.Hudson.peakmem_long_sequence_length_gene_conversion": 1602103194442, "benchmarks.Hudson.peakmem_many_replicates": 1602103246197, "benchmarks.Hudson.time_human_chr22": 1602103278196, "benchmarks.Hudson.time_large_sample_size": 1602103310161, "benchmarks.Hudson.time_long_sequence_length": 1602103366817, "benchmarks.Hudson.time_long_sequence_length_gene_conversion": 1602103418070, "benchmarks.Hudson.time_many_replicates": 1602103469324}, "ended_at": {"benchmarks.DTWF.peakmem_human_chr22": 1602102868796, "benchmarks.DTWF.peakmem_large_population_size": 1602102879772, "benchmarks.DTWF.peakmem_long_sequence_length": 1602102892242, "benchmarks.DTWF.peakmem_many_replicates": 1602102943319, "benchmarks.DTWF.time_human_chr22": 1602102980597, "benchmarks.DTWF.time_large_population_size": 1602102991622, "benchmarks.DTWF.time_long_sequence_length": 1602103004192, "benchmarks.DTWF.time_many_replicates": 1602103055369, "benchmarks.Hudson.peakmem_human_chr22": 1602103087385, "benchmarks.Hudson.peakmem_large_sample_size": 1602103144541, "benchmarks.Hudson.peakmem_long_sequence_length": 1602103194442, "benchmarks.Hudson.peakmem_long_sequence_length_gene_conversion": 1602103246197, "benchmarks.Hudson.peakmem_many_replicates": 1602103278195, "benchmarks.Hudson.time_human_chr22": 1602103310161, "benchmarks.Hudson.time_large_sample_size": 1602103366817, "benchmarks.Hudson.time_long_sequence_length": 1602103418070, "benchmarks.Hudson.time_long_sequence_length_gene_conversion": 1602103469324, "benchmarks.Hudson.time_many_replicates": 1602103501272}, "benchmark_version": {"benchmarks.DTWF.peakmem_human_chr22": "f848688127844489b5870c5598d06fc61bdb8c1a31b2c71741fb842ce4869124", "benchmarks.DTWF.peakmem_large_population_size": "1c54016f27b74e5d827e0cf71dee2587b99237d50e0c3aa5bfb1e9a54bedf712", "benchmarks.DTWF.peakmem_long_sequence_length": "72b4498a433ac926a303683be39aa07c206b25c22caa613088af6cbe51544ce9", "benchmarks.DTWF.peakmem_many_replicates": "8d591fe1a84bfd039f312aef953605c494b28ed3e3b28bd41773b5a6bbab8e13", "benchmarks.DTWF.time_human_chr22": "d016729b716d45e5a6cc8608ae18480b4f3d6192cc29f39ad8e06222786408c6", "benchmarks.DTWF.time_large_population_size": "5393d907eb6d9700c18c23789395c3a6a8aecf236b49983e2d955dccc6f793a3", "benchmarks.DTWF.time_long_sequence_length": "89860f21a2ad81e267314c086383279e852e4560e27f425d127937bd62fb83f9", "benchmarks.DTWF.time_many_replicates": "8f8fa44794e1a510a8052653f41596e3e11adbcdc838d7ca59f99bdb491be41b", "benchmarks.Hudson.peakmem_human_chr22": "20ef616d263e941e12a3089b8e8dbfee94d982362fe475e40174ebc3506b102a", "benchmarks.Hudson.peakmem_large_sample_size": "0b75d04c5ff9994c35ae62a490034e021485c38567b2699884e524931587881a", "benchmarks.Hudson.peakmem_long_sequence_length": "edd9dee8418f69b81347803203f176ff269220225a8939dc1c4bc1ab32289f94", "benchmarks.Hudson.peakmem_long_sequence_length_gene_conversion": "2236f20c5a4cc1e037abd099ce1f70d0dd2045a14914c96dcc48d0507f45e1da", "benchmarks.Hudson.peakmem_many_replicates": "b93569a722fa5396ed6631750fbdd02c7b47148d63973610f802eb69db85679e", "benchmarks.Hudson.time_human_chr22": "e648432b5c065478e09802f16a5658d37b625c204e147517826817bd6b04acb1", "benchmarks.Hudson.time_large_sample_size": "7bc273fa1975809170f8f4dd7776de03dd9993132a83866c1c135afe37e4d541", "benchmarks.Hudson.time_long_sequence_length": "0b6c7c537bd986f4e9c36c5549b8e939955cbd49901f29827e3ce763790fb3b7", "benchmarks.Hudson.time_long_sequence_length_gene_conversion": "19005a2b4b33b284a84cc0ad033e2d2c646f2d264fd59a5a55e3c2246a05851b", "benchmarks.Hudson.time_many_replicates": "c0f9f49074ade65f919a2db206a10f03ba6f5b53fa86dce2a6a32e96dd8a5067"}, "version": 1}