{"results": {"benchmarks.DTWF.peakmem_human_chr22": 109912064, "benchmarks.DTWF.peakmem_large_population_size": 55271424, "benchmarks.DTWF.peakmem_long_sequence_length": 47296512, "benchmarks.DTWF.peakmem_many_replicates": 47267840, "benchmarks.DTWF.time_human_chr22": {"result": [30.55964987199968], "stats": [{"ci_99": [-Infinity, Infinity], "q_25": 30.55964987199968, "q_75": 30.55964987199968, "min": 30.55964987199968, "max": 30.55964987199968, "mean": 30.55964987199968, "std": 0.0, "repeat": 1, "number": 1}]}, "benchmarks.DTWF.time_large_population_size": {"result": [11.636933750000026], "stats": [{"ci_99": [-Infinity, Infinity], "q_25": 11.636933750000026, "q_75": 11.636933750000026, "min": 11.636933750000026, "max": 11.636933750000026, "mean": 11.636933750000026, "std": 0.0, "repeat": 1, "number": 1}]}, "benchmarks.DTWF.time_long_sequence_length": {"result": [0.11766793800052255], "stats": [{"ci_99": [-Infinity, Infinity], "q_25": 0.11766793800052255, "q_75": 0.11766793800052255, "min": 0.11766793800052255, "max": 0.11766793800052255, "mean": 0.11766793800052255, "std": 0.0, "repeat": 1, "number": 1}]}, "benchmarks.DTWF.time_many_replicates": {"result": [47.95160276899969], "stats": [{"ci_99": [-Infinity, Infinity], "q_25": 47.95160276899969, "q_75": 47.95160276899969, "min": 47.95160276899969, "max": 47.95160276899969, "mean": 47.95160276899969, "std": 0.0, "repeat": 1, "number": 1}]}, "benchmarks.Hudson.peakmem_human_chr22": 149475328, "benchmarks.Hudson.peakmem_large_sample_size": 850931712, "benchmarks.Hudson.peakmem_long_sequence_length": 173027328, "benchmarks.Hudson.peakmem_many_replicates": 47235072, "benchmarks.Hudson.time_human_chr22": {"result": [52.34945263899954], "stats": [{"ci_99": [-Infinity, Infinity], "q_25": 52.34945263899954, "q_75": 52.34945263899954, "min": 52.34945263899954, "max": 52.34945263899954, "mean": 52.34945263899954, "std": 0.0, "repeat": 1, "number": 1}]}, "benchmarks.Hudson.time_large_sample_size": {"result": [67.1353613250003], "stats": [{"ci_99": [-Infinity, Infinity], "q_25": 67.1353613250003, "q_75": 67.1353613250003, "min": 67.1353613250003, "max": 67.1353613250003, "mean": 67.1353613250003, "std": 0.0, "repeat": 1, "number": 1}]}, "benchmarks.Hudson.time_long_sequence_length": {"result": [51.20356166500005], "stats": [{"ci_99": [-Infinity, Infinity], "q_25": 51.20356166500005, "q_75": 51.20356166500005, "min": 51.20356166500005, "max": 51.20356166500005, "mean": 51.20356166500005, "std": 0.0, "repeat": 1, "number": 1}]}, "benchmarks.Hudson.time_many_replicates": {"result": [28.33557006800038], "stats": [{"ci_99": [-Infinity, Infinity], "q_25": 28.33557006800038, "q_75": 28.33557006800038, "min": 28.33557006800038, "max": 28.33557006800038, "mean": 28.33557006800038, "std": 0.0, "repeat": 1, "number": 1}]}, "benchmarks.Hudson.peakmem_long_sequence_length_gene_conversion": 174563328, "benchmarks.Hudson.time_long_sequence_length_gene_conversion": {"result": [51.70313360600085], "stats": [{"ci_99": [-Infinity, Infinity], "q_25": 51.70313360600085, "q_75": 51.70313360600085, "min": 51.70313360600085, "max": 51.70313360600085, "mean": 51.70313360600085, "std": 0.0, "repeat": 1, "number": 1}]}}, "params": {"arch": "x86_64", "cpu": "Intel(R) Core(TM) i5-3317U CPU @ 1.70GHz", "machine": "poplar", "num_cpu": "4", "os": "Linux 3.13.0-24-generic", "ram": "3931396", "python": "3.8", "stdpopsim": ""}, "requirements": {"stdpopsim": ""}, "commit_hash": "03379906d0c358f2f8003700ee9381c2a0494af2", "date": 1601460909000, "env_name": "virtualenv-py3.8-stdpopsim", "python": "3.8", "profiles": {}, "started_at": {"benchmarks.DTWF.peakmem_human_chr22": 1601461596587, "benchmarks.DTWF.peakmem_large_population_size": 1601461627702, "benchmarks.DTWF.peakmem_long_sequence_length": 1601461639929, "benchmarks.DTWF.peakmem_many_replicates": 1601461640633, "benchmarks.DTWF.time_human_chr22": 1601461689255, "benchmarks.DTWF.time_large_population_size": 1601461720419, "benchmarks.DTWF.time_long_sequence_length": 1601461732647, "benchmarks.DTWF.time_many_replicates": 1601461733351, "benchmarks.Hudson.peakmem_human_chr22": 1601461781873, "benchmarks.Hudson.peakmem_large_sample_size": 1601461835229, "benchmarks.Hudson.peakmem_long_sequence_length": 1601461903787, "benchmarks.Hudson.peakmem_many_replicates": 1601461954480, "benchmarks.Hudson.time_human_chr22": 1601461983622, "benchmarks.Hudson.time_large_sample_size": 1601462036570, "benchmarks.Hudson.time_long_sequence_length": 1601462104284, "benchmarks.Hudson.time_many_replicates": 1601462156087, "benchmarks.Hudson.peakmem_long_sequence_length_gene_conversion": 1601472739472, "benchmarks.Hudson.time_long_sequence_length_gene_conversion": 1601472790273}, "ended_at": {"benchmarks.DTWF.peakmem_human_chr22": 1601461627701, "benchmarks.DTWF.peakmem_large_population_size": 1601461639929, "benchmarks.DTWF.peakmem_long_sequence_length": 1601461640632, "benchmarks.DTWF.peakmem_many_replicates": 1601461689255, "benchmarks.DTWF.time_human_chr22": 1601461720419, "benchmarks.DTWF.time_large_population_size": 1601461732646, "benchmarks.DTWF.time_long_sequence_length": 1601461733350, "benchmarks.DTWF.time_many_replicates": 1601461781873, "benchmarks.Hudson.peakmem_human_chr22": 1601461835228, "benchmarks.Hudson.peakmem_large_sample_size": 1601461903787, "benchmarks.Hudson.peakmem_long_sequence_length": 1601461954480, "benchmarks.Hudson.peakmem_many_replicates": 1601461983622, "benchmarks.Hudson.time_human_chr22": 1601462036569, "benchmarks.Hudson.time_large_sample_size": 1601462104284, "benchmarks.Hudson.time_long_sequence_length": 1601462156086, "benchmarks.Hudson.time_many_replicates": 1601462184981, "benchmarks.Hudson.peakmem_long_sequence_length_gene_conversion": 1601472790273, "benchmarks.Hudson.time_long_sequence_length_gene_conversion": 1601472842577}, "benchmark_version": {"benchmarks.DTWF.peakmem_human_chr22": "f848688127844489b5870c5598d06fc61bdb8c1a31b2c71741fb842ce4869124", "benchmarks.DTWF.peakmem_large_population_size": "1c54016f27b74e5d827e0cf71dee2587b99237d50e0c3aa5bfb1e9a54bedf712", "benchmarks.DTWF.peakmem_long_sequence_length": "72b4498a433ac926a303683be39aa07c206b25c22caa613088af6cbe51544ce9", "benchmarks.DTWF.peakmem_many_replicates": "8d591fe1a84bfd039f312aef953605c494b28ed3e3b28bd41773b5a6bbab8e13", "benchmarks.DTWF.time_human_chr22": "d016729b716d45e5a6cc8608ae18480b4f3d6192cc29f39ad8e06222786408c6", "benchmarks.DTWF.time_large_population_size": "5393d907eb6d9700c18c23789395c3a6a8aecf236b49983e2d955dccc6f793a3", "benchmarks.DTWF.time_long_sequence_length": "89860f21a2ad81e267314c086383279e852e4560e27f425d127937bd62fb83f9", "benchmarks.DTWF.time_many_replicates": "8f8fa44794e1a510a8052653f41596e3e11adbcdc838d7ca59f99bdb491be41b", "benchmarks.Hudson.peakmem_human_chr22": "20ef616d263e941e12a3089b8e8dbfee94d982362fe475e40174ebc3506b102a", "benchmarks.Hudson.peakmem_large_sample_size": "0b75d04c5ff9994c35ae62a490034e021485c38567b2699884e524931587881a", "benchmarks.Hudson.peakmem_long_sequence_length": "edd9dee8418f69b81347803203f176ff269220225a8939dc1c4bc1ab32289f94", "benchmarks.Hudson.peakmem_many_replicates": "b93569a722fa5396ed6631750fbdd02c7b47148d63973610f802eb69db85679e", "benchmarks.Hudson.time_human_chr22": "e648432b5c065478e09802f16a5658d37b625c204e147517826817bd6b04acb1", "benchmarks.Hudson.time_large_sample_size": "7bc273fa1975809170f8f4dd7776de03dd9993132a83866c1c135afe37e4d541", "benchmarks.Hudson.time_long_sequence_length": "0b6c7c537bd986f4e9c36c5549b8e939955cbd49901f29827e3ce763790fb3b7", "benchmarks.Hudson.time_many_replicates": "c0f9f49074ade65f919a2db206a10f03ba6f5b53fa86dce2a6a32e96dd8a5067", "benchmarks.Hudson.peakmem_long_sequence_length_gene_conversion": "2236f20c5a4cc1e037abd099ce1f70d0dd2045a14914c96dcc48d0507f45e1da", "benchmarks.Hudson.time_long_sequence_length_gene_conversion": "19005a2b4b33b284a84cc0ad033e2d2c646f2d264fd59a5a55e3c2246a05851b"}, "version": 1}