{"results": {"benchmarks.DTWF.peakmem_human_chr22": 107597824, "benchmarks.DTWF.peakmem_large_population_size": 53149696, "benchmarks.DTWF.peakmem_long_sequence_length": 55885824, "benchmarks.DTWF.peakmem_many_replicates": 44621824, "benchmarks.DTWF.time_human_chr22": {"result": [37.92098298500059], "stats": [{"ci_99": [-Infinity, Infinity], "q_25": 37.92098298500059, "q_75": 37.92098298500059, "min": 37.92098298500059, "max": 37.92098298500059, "mean": 37.92098298500059, "std": 0.0, "repeat": 1, "number": 1}]}, "benchmarks.DTWF.time_large_population_size": {"result": [11.248159144975943], "stats": [{"ci_99": [-Infinity, Infinity], "q_25": 11.248159144975943, "q_75": 11.248159144975943, "min": 11.248159144975943, "max": 11.248159144975943, "mean": 11.248159144975943, "std": 0.0, "repeat": 1, "number": 1}]}, "benchmarks.DTWF.time_long_sequence_length": {"result": [12.220189474988729], "stats": [{"ci_99": [-Infinity, Infinity], "q_25": 12.220189474988729, "q_75": 12.220189474988729, "min": 12.220189474988729, "max": 12.220189474988729, "mean": 12.220189474988729, "std": 0.0, "repeat": 1, "number": 1}]}, "benchmarks.DTWF.time_many_replicates": {"result": [50.98754465501406], "stats": [{"ci_99": [-Infinity, Infinity], "q_25": 50.98754465501406, "q_75": 50.98754465501406, "min": 50.98754465501406, "max": 50.98754465501406, "mean": 50.98754465501406, "std": 0.0, "repeat": 1, "number": 1}]}, "benchmarks.Hudson.peakmem_human_chr22": 142815232, "benchmarks.Hudson.peakmem_large_sample_size": 842629120, "benchmarks.Hudson.peakmem_long_sequence_length": 165818368, "benchmarks.Hudson.peakmem_long_sequence_length_gene_conversion": 169701376, "benchmarks.Hudson.peakmem_many_replicates": 44748800, "benchmarks.Hudson.time_human_chr22": {"result": [33.204055934998905], "stats": [{"ci_99": [-Infinity, Infinity], "q_25": 33.204055934998905, "q_75": 33.204055934998905, "min": 33.204055934998905, "max": 33.204055934998905, "mean": 33.204055934998905, "std": 0.0, "repeat": 1, "number": 1}]}, "benchmarks.Hudson.time_large_sample_size": {"result": [53.72115554998163], "stats": [{"ci_99": [-Infinity, Infinity], "q_25": 53.72115554998163, "q_75": 53.72115554998163, "min": 53.72115554998163, "max": 53.72115554998163, "mean": 53.72115554998163, "std": 0.0, "repeat": 1, "number": 1}]}, "benchmarks.Hudson.time_long_sequence_length": {"result": [49.42419811198488], "stats": [{"ci_99": [-Infinity, Infinity], "q_25": 49.42419811198488, "q_75": 49.42419811198488, "min": 49.42419811198488, "max": 49.42419811198488, "mean": 49.42419811198488, "std": 0.0, "repeat": 1, "number": 1}]}, "benchmarks.Hudson.time_long_sequence_length_gene_conversion": {"result": [51.28311229401152], "stats": [{"ci_99": [-Infinity, Infinity], "q_25": 51.28311229401152, "q_75": 51.28311229401152, "min": 51.28311229401152, "max": 51.28311229401152, "mean": 51.28311229401152, "std": 0.0, "repeat": 1, "number": 1}]}, "benchmarks.Hudson.time_many_replicates": {"result": [31.23532775399508], "stats": [{"ci_99": [-Infinity, Infinity], "q_25": 31.23532775399508, "q_75": 31.23532775399508, "min": 31.23532775399508, "max": 31.23532775399508, "mean": 31.23532775399508, "std": 0.0, "repeat": 1, "number": 1}]}}, "params": {"arch": "x86_64", "cpu": "Intel(R) Core(TM) i5-3317U CPU @ 1.70GHz", "machine": "poplar", "num_cpu": "4", "os": "Linux 3.13.0-24-generic", "ram": "3931396", "python": "3.8", "stdpopsim": ""}, "requirements": {"stdpopsim": ""}, "commit_hash": "0593131bc0234b5352c06dd0ea485cb1a46a3a09", "date": 1592901076000, "env_name": "virtualenv-py3.8-stdpopsim", "python": "3.8", "profiles": {}, "started_at": {"benchmarks.DTWF.peakmem_human_chr22": 1602039414381, "benchmarks.DTWF.peakmem_large_population_size": 1602039452711, "benchmarks.DTWF.peakmem_long_sequence_length": 1602039464087, "benchmarks.DTWF.peakmem_many_replicates": 1602039476507, "benchmarks.DTWF.time_human_chr22": 1602039527383, "benchmarks.DTWF.time_large_population_size": 1602039565412, "benchmarks.DTWF.time_long_sequence_length": 1602039576788, "benchmarks.DTWF.time_many_replicates": 1602039589108, "benchmarks.Hudson.peakmem_human_chr22": 1602039640234, "benchmarks.Hudson.peakmem_large_sample_size": 1602039673803, "benchmarks.Hudson.peakmem_long_sequence_length": 1602039726451, "benchmarks.Hudson.peakmem_long_sequence_length_gene_conversion": 1602039775800, "benchmarks.Hudson.peakmem_many_replicates": 1602039827303, "benchmarks.Hudson.time_human_chr22": 1602039858701, "benchmarks.Hudson.time_large_sample_size": 1602039892019, "benchmarks.Hudson.time_long_sequence_length": 1602039945868, "benchmarks.Hudson.time_long_sequence_length_gene_conversion": 1602039995418, "benchmarks.Hudson.time_many_replicates": 1602040046821}, "ended_at": {"benchmarks.DTWF.peakmem_human_chr22": 1602039452711, "benchmarks.DTWF.peakmem_large_population_size": 1602039464086, "benchmarks.DTWF.peakmem_long_sequence_length": 1602039476507, "benchmarks.DTWF.peakmem_many_replicates": 1602039527383, "benchmarks.DTWF.time_human_chr22": 1602039565412, "benchmarks.DTWF.time_large_population_size": 1602039576787, "benchmarks.DTWF.time_long_sequence_length": 1602039589108, "benchmarks.DTWF.time_many_replicates": 1602039640234, "benchmarks.Hudson.peakmem_human_chr22": 1602039673803, "benchmarks.Hudson.peakmem_large_sample_size": 1602039726451, "benchmarks.Hudson.peakmem_long_sequence_length": 1602039775800, "benchmarks.Hudson.peakmem_long_sequence_length_gene_conversion": 1602039827303, "benchmarks.Hudson.peakmem_many_replicates": 1602039858701, "benchmarks.Hudson.time_human_chr22": 1602039892019, "benchmarks.Hudson.time_large_sample_size": 1602039945868, "benchmarks.Hudson.time_long_sequence_length": 1602039995417, "benchmarks.Hudson.time_long_sequence_length_gene_conversion": 1602040046821, "benchmarks.Hudson.time_many_replicates": 1602040078169}, "benchmark_version": {"benchmarks.DTWF.peakmem_human_chr22": "f848688127844489b5870c5598d06fc61bdb8c1a31b2c71741fb842ce4869124", "benchmarks.DTWF.peakmem_large_population_size": "1c54016f27b74e5d827e0cf71dee2587b99237d50e0c3aa5bfb1e9a54bedf712", "benchmarks.DTWF.peakmem_long_sequence_length": "72b4498a433ac926a303683be39aa07c206b25c22caa613088af6cbe51544ce9", "benchmarks.DTWF.peakmem_many_replicates": "8d591fe1a84bfd039f312aef953605c494b28ed3e3b28bd41773b5a6bbab8e13", "benchmarks.DTWF.time_human_chr22": "d016729b716d45e5a6cc8608ae18480b4f3d6192cc29f39ad8e06222786408c6", "benchmarks.DTWF.time_large_population_size": "5393d907eb6d9700c18c23789395c3a6a8aecf236b49983e2d955dccc6f793a3", "benchmarks.DTWF.time_long_sequence_length": "89860f21a2ad81e267314c086383279e852e4560e27f425d127937bd62fb83f9", "benchmarks.DTWF.time_many_replicates": "8f8fa44794e1a510a8052653f41596e3e11adbcdc838d7ca59f99bdb491be41b", "benchmarks.Hudson.peakmem_human_chr22": "20ef616d263e941e12a3089b8e8dbfee94d982362fe475e40174ebc3506b102a", "benchmarks.Hudson.peakmem_large_sample_size": "0b75d04c5ff9994c35ae62a490034e021485c38567b2699884e524931587881a", "benchmarks.Hudson.peakmem_long_sequence_length": "edd9dee8418f69b81347803203f176ff269220225a8939dc1c4bc1ab32289f94", "benchmarks.Hudson.peakmem_long_sequence_length_gene_conversion": "2236f20c5a4cc1e037abd099ce1f70d0dd2045a14914c96dcc48d0507f45e1da", "benchmarks.Hudson.peakmem_many_replicates": "b93569a722fa5396ed6631750fbdd02c7b47148d63973610f802eb69db85679e", "benchmarks.Hudson.time_human_chr22": "e648432b5c065478e09802f16a5658d37b625c204e147517826817bd6b04acb1", "benchmarks.Hudson.time_large_sample_size": "7bc273fa1975809170f8f4dd7776de03dd9993132a83866c1c135afe37e4d541", "benchmarks.Hudson.time_long_sequence_length": "0b6c7c537bd986f4e9c36c5549b8e939955cbd49901f29827e3ce763790fb3b7", "benchmarks.Hudson.time_long_sequence_length_gene_conversion": "19005a2b4b33b284a84cc0ad033e2d2c646f2d264fd59a5a55e3c2246a05851b", "benchmarks.Hudson.time_many_replicates": "c0f9f49074ade65f919a2db206a10f03ba6f5b53fa86dce2a6a32e96dd8a5067"}, "version": 1}