{"results": {"benchmarks.DTWF.peakmem_human_chr22": 109408256, "benchmarks.DTWF.peakmem_large_population_size": 54722560, "benchmarks.DTWF.peakmem_long_sequence_length": 56897536, "benchmarks.DTWF.peakmem_many_replicates": 46297088, "benchmarks.DTWF.time_human_chr22": {"result": [37.25379714299925], "stats": [{"ci_99": [-Infinity, Infinity], "q_25": 37.25379714299925, "q_75": 37.25379714299925, "min": 37.25379714299925, "max": 37.25379714299925, "mean": 37.25379714299925, "std": 0.0, "repeat": 1, "number": 1}]}, "benchmarks.DTWF.time_large_population_size": {"result": [12.402341286011506], "stats": [{"ci_99": [-Infinity, Infinity], "q_25": 12.402341286011506, "q_75": 12.402341286011506, "min": 12.402341286011506, "max": 12.402341286011506, "mean": 12.402341286011506, "std": 0.0, "repeat": 1, "number": 1}]}, "benchmarks.DTWF.time_long_sequence_length": {"result": [12.793646614009049], "stats": [{"ci_99": [-Infinity, Infinity], "q_25": 12.793646614009049, "q_75": 12.793646614009049, "min": 12.793646614009049, "max": 12.793646614009049, "mean": 12.793646614009049, "std": 0.0, "repeat": 1, "number": 1}]}, "benchmarks.DTWF.time_many_replicates": {"result": [51.843081861006794], "stats": [{"ci_99": [-Infinity, Infinity], "q_25": 51.843081861006794, "q_75": 51.843081861006794, "min": 51.843081861006794, "max": 51.843081861006794, "mean": 51.843081861006794, "std": 0.0, "repeat": 1, "number": 1}]}, "benchmarks.Hudson.peakmem_human_chr22": 140955648, "benchmarks.Hudson.peakmem_large_sample_size": 835997696, "benchmarks.Hudson.peakmem_long_sequence_length": 168099840, "benchmarks.Hudson.peakmem_long_sequence_length_gene_conversion": 168128512, "benchmarks.Hudson.peakmem_many_replicates": 43728896, "benchmarks.Hudson.time_human_chr22": {"result": [31.185125021991553], "stats": [{"ci_99": [-Infinity, Infinity], "q_25": 31.185125021991553, "q_75": 31.185125021991553, "min": 31.185125021991553, "max": 31.185125021991553, "mean": 31.185125021991553, "std": 0.0, "repeat": 1, "number": 1}]}, "benchmarks.Hudson.time_large_sample_size": {"result": [61.42653999099275], "stats": [{"ci_99": [-Infinity, Infinity], "q_25": 61.42653999099275, "q_75": 61.42653999099275, "min": 61.42653999099275, "max": 61.42653999099275, "mean": 61.42653999099275, "std": 0.0, "repeat": 1, "number": 1}]}, "benchmarks.Hudson.time_long_sequence_length": {"result": [49.46831377100898], "stats": [{"ci_99": [-Infinity, Infinity], "q_25": 49.46831377100898, "q_75": 49.46831377100898, "min": 49.46831377100898, "max": 49.46831377100898, "mean": 49.46831377100898, "std": 0.0, "repeat": 1, "number": 1}]}, "benchmarks.Hudson.time_long_sequence_length_gene_conversion": {"result": [49.997831631975714], "stats": [{"ci_99": [-Infinity, Infinity], "q_25": 49.997831631975714, "q_75": 49.997831631975714, "min": 49.997831631975714, "max": 49.997831631975714, "mean": 49.997831631975714, "std": 0.0, "repeat": 1, "number": 1}]}, "benchmarks.Hudson.time_many_replicates": {"result": [31.42626917801681], "stats": [{"ci_99": [-Infinity, Infinity], "q_25": 31.42626917801681, "q_75": 31.42626917801681, "min": 31.42626917801681, "max": 31.42626917801681, "mean": 31.42626917801681, "std": 0.0, "repeat": 1, "number": 1}]}}, "params": {"arch": "x86_64", "cpu": "Intel(R) Core(TM) i5-3317U CPU @ 1.70GHz", "machine": "poplar", "num_cpu": "4", "os": "Linux 3.13.0-24-generic", "ram": "3931396", "python": "3.8", "stdpopsim": ""}, "requirements": {"stdpopsim": ""}, "commit_hash": "076e2b4e82fdfcc3a8e1a70fcb4ea7a78a8beea9", "date": 1585069096000, "env_name": "virtualenv-py3.8-stdpopsim", "python": "3.8", "profiles": {}, "started_at": {"benchmarks.DTWF.peakmem_human_chr22": 1602099251020, "benchmarks.DTWF.peakmem_large_population_size": 1602099287647, "benchmarks.DTWF.peakmem_long_sequence_length": 1602099300175, "benchmarks.DTWF.peakmem_many_replicates": 1602099313096, "benchmarks.DTWF.time_human_chr22": 1602099365075, "benchmarks.DTWF.time_large_population_size": 1602099402454, "benchmarks.DTWF.time_long_sequence_length": 1602099414982, "benchmarks.DTWF.time_many_replicates": 1602099427903, "benchmarks.Hudson.peakmem_human_chr22": 1602099479881, "benchmarks.Hudson.peakmem_large_sample_size": 1602099512398, "benchmarks.Hudson.peakmem_long_sequence_length": 1602099565747, "benchmarks.Hudson.peakmem_long_sequence_length_gene_conversion": 1602099615449, "benchmarks.Hudson.peakmem_many_replicates": 1602099665049, "benchmarks.Hudson.time_human_chr22": 1602099696497, "benchmarks.Hudson.time_large_sample_size": 1602099727812, "benchmarks.Hudson.time_long_sequence_length": 1602099789376, "benchmarks.Hudson.time_long_sequence_length_gene_conversion": 1602099838977, "benchmarks.Hudson.time_many_replicates": 1602099889079}, "ended_at": {"benchmarks.DTWF.peakmem_human_chr22": 1602099287647, "benchmarks.DTWF.peakmem_large_population_size": 1602099300175, "benchmarks.DTWF.peakmem_long_sequence_length": 1602099313096, "benchmarks.DTWF.peakmem_many_replicates": 1602099365074, "benchmarks.DTWF.time_human_chr22": 1602099402453, "benchmarks.DTWF.time_large_population_size": 1602099414982, "benchmarks.DTWF.time_long_sequence_length": 1602099427903, "benchmarks.DTWF.time_many_replicates": 1602099479881, "benchmarks.Hudson.peakmem_human_chr22": 1602099512398, "benchmarks.Hudson.peakmem_large_sample_size": 1602099565747, "benchmarks.Hudson.peakmem_long_sequence_length": 1602099615448, "benchmarks.Hudson.peakmem_long_sequence_length_gene_conversion": 1602099665049, "benchmarks.Hudson.peakmem_many_replicates": 1602099696497, "benchmarks.Hudson.time_human_chr22": 1602099727812, "benchmarks.Hudson.time_large_sample_size": 1602099789376, "benchmarks.Hudson.time_long_sequence_length": 1602099838977, "benchmarks.Hudson.time_long_sequence_length_gene_conversion": 1602099889079, "benchmarks.Hudson.time_many_replicates": 1602099920626}, "benchmark_version": {"benchmarks.DTWF.peakmem_human_chr22": "f848688127844489b5870c5598d06fc61bdb8c1a31b2c71741fb842ce4869124", "benchmarks.DTWF.peakmem_large_population_size": "1c54016f27b74e5d827e0cf71dee2587b99237d50e0c3aa5bfb1e9a54bedf712", "benchmarks.DTWF.peakmem_long_sequence_length": "72b4498a433ac926a303683be39aa07c206b25c22caa613088af6cbe51544ce9", "benchmarks.DTWF.peakmem_many_replicates": "8d591fe1a84bfd039f312aef953605c494b28ed3e3b28bd41773b5a6bbab8e13", "benchmarks.DTWF.time_human_chr22": "d016729b716d45e5a6cc8608ae18480b4f3d6192cc29f39ad8e06222786408c6", "benchmarks.DTWF.time_large_population_size": "5393d907eb6d9700c18c23789395c3a6a8aecf236b49983e2d955dccc6f793a3", "benchmarks.DTWF.time_long_sequence_length": "89860f21a2ad81e267314c086383279e852e4560e27f425d127937bd62fb83f9", "benchmarks.DTWF.time_many_replicates": "8f8fa44794e1a510a8052653f41596e3e11adbcdc838d7ca59f99bdb491be41b", "benchmarks.Hudson.peakmem_human_chr22": "20ef616d263e941e12a3089b8e8dbfee94d982362fe475e40174ebc3506b102a", "benchmarks.Hudson.peakmem_large_sample_size": "0b75d04c5ff9994c35ae62a490034e021485c38567b2699884e524931587881a", "benchmarks.Hudson.peakmem_long_sequence_length": "edd9dee8418f69b81347803203f176ff269220225a8939dc1c4bc1ab32289f94", "benchmarks.Hudson.peakmem_long_sequence_length_gene_conversion": "2236f20c5a4cc1e037abd099ce1f70d0dd2045a14914c96dcc48d0507f45e1da", "benchmarks.Hudson.peakmem_many_replicates": "b93569a722fa5396ed6631750fbdd02c7b47148d63973610f802eb69db85679e", "benchmarks.Hudson.time_human_chr22": "e648432b5c065478e09802f16a5658d37b625c204e147517826817bd6b04acb1", "benchmarks.Hudson.time_large_sample_size": "7bc273fa1975809170f8f4dd7776de03dd9993132a83866c1c135afe37e4d541", "benchmarks.Hudson.time_long_sequence_length": "0b6c7c537bd986f4e9c36c5549b8e939955cbd49901f29827e3ce763790fb3b7", "benchmarks.Hudson.time_long_sequence_length_gene_conversion": "19005a2b4b33b284a84cc0ad033e2d2c646f2d264fd59a5a55e3c2246a05851b", "benchmarks.Hudson.time_many_replicates": "c0f9f49074ade65f919a2db206a10f03ba6f5b53fa86dce2a6a32e96dd8a5067"}, "version": 1}