{"results": {"benchmarks.DTWF.peakmem_human_chr22": 109039616, "benchmarks.DTWF.peakmem_large_population_size": 53211136, "benchmarks.DTWF.peakmem_long_sequence_length": 58372096, "benchmarks.DTWF.peakmem_many_replicates": 47796224, "benchmarks.DTWF.time_human_chr22": {"result": [40.35504376899917], "stats": [{"ci_99": [-Infinity, Infinity], "q_25": 40.35504376899917, "q_75": 40.35504376899917, "min": 40.35504376899917, "max": 40.35504376899917, "mean": 40.35504376899917, "std": 0.0, "repeat": 1, "number": 1}]}, "benchmarks.DTWF.time_large_population_size": {"result": [11.258458411000902], "stats": [{"ci_99": [-Infinity, Infinity], "q_25": 11.258458411000902, "q_75": 11.258458411000902, "min": 11.258458411000902, "max": 11.258458411000902, "mean": 11.258458411000902, "std": 0.0, "repeat": 1, "number": 1}]}, "benchmarks.DTWF.time_long_sequence_length": {"result": [12.342918047012063], "stats": [{"ci_99": [-Infinity, Infinity], "q_25": 12.342918047012063, "q_75": 12.342918047012063, "min": 12.342918047012063, "max": 12.342918047012063, "mean": 12.342918047012063, "std": 0.0, "repeat": 1, "number": 1}]}, "benchmarks.DTWF.time_many_replicates": {"result": [52.173466253996594], "stats": [{"ci_99": [-Infinity, Infinity], "q_25": 52.173466253996594, "q_75": 52.173466253996594, "min": 52.173466253996594, "max": 52.173466253996594, "mean": 52.173466253996594, "std": 0.0, "repeat": 1, "number": 1}]}, "benchmarks.Hudson.peakmem_human_chr22": 143609856, "benchmarks.Hudson.peakmem_large_sample_size": 842866688, "benchmarks.Hudson.peakmem_long_sequence_length": 167395328, "benchmarks.Hudson.peakmem_long_sequence_length_gene_conversion": 170258432, "benchmarks.Hudson.peakmem_many_replicates": 47915008, "benchmarks.Hudson.time_human_chr22": {"result": [32.66855606401805], "stats": [{"ci_99": [-Infinity, Infinity], "q_25": 32.66855606401805, "q_75": 32.66855606401805, "min": 32.66855606401805, "max": 32.66855606401805, "mean": 32.66855606401805, "std": 0.0, "repeat": 1, "number": 1}]}, "benchmarks.Hudson.time_large_sample_size": {"result": [59.44980906101409], "stats": [{"ci_99": [-Infinity, Infinity], "q_25": 59.44980906101409, "q_75": 59.44980906101409, "min": 59.44980906101409, "max": 59.44980906101409, "mean": 59.44980906101409, "std": 0.0, "repeat": 1, "number": 1}]}, "benchmarks.Hudson.time_long_sequence_length": {"result": [49.40172019900638], "stats": [{"ci_99": [-Infinity, Infinity], "q_25": 49.40172019900638, "q_75": 49.40172019900638, "min": 49.40172019900638, "max": 49.40172019900638, "mean": 49.40172019900638, "std": 0.0, "repeat": 1, "number": 1}]}, "benchmarks.Hudson.time_long_sequence_length_gene_conversion": {"result": [50.19591224199394], "stats": [{"ci_99": [-Infinity, Infinity], "q_25": 50.19591224199394, "q_75": 50.19591224199394, "min": 50.19591224199394, "max": 50.19591224199394, "mean": 50.19591224199394, "std": 0.0, "repeat": 1, "number": 1}]}, "benchmarks.Hudson.time_many_replicates": {"result": [32.45337770000333], "stats": [{"ci_99": [-Infinity, Infinity], "q_25": 32.45337770000333, "q_75": 32.45337770000333, "min": 32.45337770000333, "max": 32.45337770000333, "mean": 32.45337770000333, "std": 0.0, "repeat": 1, "number": 1}]}}, "params": {"arch": "x86_64", "cpu": "Intel(R) Core(TM) i5-3317U CPU @ 1.70GHz", "machine": "poplar", "num_cpu": "4", "os": "Linux 3.13.0-24-generic", "ram": "3931396", "python": "3.8", "stdpopsim": ""}, "requirements": {"stdpopsim": ""}, "commit_hash": "0c40745b1b254ff887d470f3867b4f249c6968a8", "date": 1593602292000, "env_name": "virtualenv-py3.8-stdpopsim", "python": "3.8", "profiles": {}, "started_at": {"benchmarks.DTWF.peakmem_human_chr22": 1602037348675, "benchmarks.DTWF.peakmem_large_population_size": 1602037385647, "benchmarks.DTWF.peakmem_long_sequence_length": 1602037397020, "benchmarks.DTWF.peakmem_many_replicates": 1602037409338, "benchmarks.DTWF.time_human_chr22": 1602037461762, "benchmarks.DTWF.time_large_population_size": 1602037502244, "benchmarks.DTWF.time_long_sequence_length": 1602037513619, "benchmarks.DTWF.time_many_replicates": 1602037526090, "benchmarks.Hudson.peakmem_human_chr22": 1602037578369, "benchmarks.Hudson.peakmem_large_sample_size": 1602037611135, "benchmarks.Hudson.peakmem_long_sequence_length": 1602037668642, "benchmarks.Hudson.peakmem_long_sequence_length_gene_conversion": 1602037719093, "benchmarks.Hudson.peakmem_many_replicates": 1602037770746, "benchmarks.Hudson.time_human_chr22": 1602037803546, "benchmarks.Hudson.time_large_sample_size": 1602037836362, "benchmarks.Hudson.time_long_sequence_length": 1602037895918, "benchmarks.Hudson.time_long_sequence_length_gene_conversion": 1602037945466, "benchmarks.Hudson.time_many_replicates": 1602037995767}, "ended_at": {"benchmarks.DTWF.peakmem_human_chr22": 1602037385647, "benchmarks.DTWF.peakmem_large_population_size": 1602037397020, "benchmarks.DTWF.peakmem_long_sequence_length": 1602037409338, "benchmarks.DTWF.peakmem_many_replicates": 1602037461761, "benchmarks.DTWF.time_human_chr22": 1602037502244, "benchmarks.DTWF.time_large_population_size": 1602037513619, "benchmarks.DTWF.time_long_sequence_length": 1602037526090, "benchmarks.DTWF.time_many_replicates": 1602037578368, "benchmarks.Hudson.peakmem_human_chr22": 1602037611135, "benchmarks.Hudson.peakmem_large_sample_size": 1602037668642, "benchmarks.Hudson.peakmem_long_sequence_length": 1602037719093, "benchmarks.Hudson.peakmem_long_sequence_length_gene_conversion": 1602037770745, "benchmarks.Hudson.peakmem_many_replicates": 1602037803546, "benchmarks.Hudson.time_human_chr22": 1602037836362, "benchmarks.Hudson.time_large_sample_size": 1602037895917, "benchmarks.Hudson.time_long_sequence_length": 1602037945466, "benchmarks.Hudson.time_long_sequence_length_gene_conversion": 1602037995767, "benchmarks.Hudson.time_many_replicates": 1602038028367}, "benchmark_version": {"benchmarks.DTWF.peakmem_human_chr22": "f848688127844489b5870c5598d06fc61bdb8c1a31b2c71741fb842ce4869124", "benchmarks.DTWF.peakmem_large_population_size": "1c54016f27b74e5d827e0cf71dee2587b99237d50e0c3aa5bfb1e9a54bedf712", "benchmarks.DTWF.peakmem_long_sequence_length": "72b4498a433ac926a303683be39aa07c206b25c22caa613088af6cbe51544ce9", "benchmarks.DTWF.peakmem_many_replicates": "8d591fe1a84bfd039f312aef953605c494b28ed3e3b28bd41773b5a6bbab8e13", "benchmarks.DTWF.time_human_chr22": "d016729b716d45e5a6cc8608ae18480b4f3d6192cc29f39ad8e06222786408c6", "benchmarks.DTWF.time_large_population_size": "5393d907eb6d9700c18c23789395c3a6a8aecf236b49983e2d955dccc6f793a3", "benchmarks.DTWF.time_long_sequence_length": "89860f21a2ad81e267314c086383279e852e4560e27f425d127937bd62fb83f9", "benchmarks.DTWF.time_many_replicates": "8f8fa44794e1a510a8052653f41596e3e11adbcdc838d7ca59f99bdb491be41b", "benchmarks.Hudson.peakmem_human_chr22": "20ef616d263e941e12a3089b8e8dbfee94d982362fe475e40174ebc3506b102a", "benchmarks.Hudson.peakmem_large_sample_size": "0b75d04c5ff9994c35ae62a490034e021485c38567b2699884e524931587881a", "benchmarks.Hudson.peakmem_long_sequence_length": "edd9dee8418f69b81347803203f176ff269220225a8939dc1c4bc1ab32289f94", "benchmarks.Hudson.peakmem_long_sequence_length_gene_conversion": "2236f20c5a4cc1e037abd099ce1f70d0dd2045a14914c96dcc48d0507f45e1da", "benchmarks.Hudson.peakmem_many_replicates": "b93569a722fa5396ed6631750fbdd02c7b47148d63973610f802eb69db85679e", "benchmarks.Hudson.time_human_chr22": "e648432b5c065478e09802f16a5658d37b625c204e147517826817bd6b04acb1", "benchmarks.Hudson.time_large_sample_size": "7bc273fa1975809170f8f4dd7776de03dd9993132a83866c1c135afe37e4d541", "benchmarks.Hudson.time_long_sequence_length": "0b6c7c537bd986f4e9c36c5549b8e939955cbd49901f29827e3ce763790fb3b7", "benchmarks.Hudson.time_long_sequence_length_gene_conversion": "19005a2b4b33b284a84cc0ad033e2d2c646f2d264fd59a5a55e3c2246a05851b", "benchmarks.Hudson.time_many_replicates": "c0f9f49074ade65f919a2db206a10f03ba6f5b53fa86dce2a6a32e96dd8a5067"}, "version": 1}