{"results": {"benchmarks.DTWF.peakmem_human_chr22": 104202240, "benchmarks.DTWF.peakmem_large_population_size": null, "benchmarks.DTWF.peakmem_long_sequence_length": 55996416, "benchmarks.DTWF.peakmem_many_replicates": null, "benchmarks.DTWF.time_human_chr22": {"result": [98.58408840099582], "stats": [{"ci_99": [-Infinity, Infinity], "q_25": 98.58408840099582, "q_75": 98.58408840099582, "min": 98.58408840099582, "max": 98.58408840099582, "mean": 98.58408840099582, "std": 0.0, "repeat": 1, "number": 1}]}, "benchmarks.DTWF.time_large_population_size": null, "benchmarks.DTWF.time_long_sequence_length": {"result": [99.28265326900873], "stats": [{"ci_99": [-Infinity, Infinity], "q_25": 99.28265326900873, "q_75": 99.28265326900873, "min": 99.28265326900873, "max": 99.28265326900873, "mean": 99.28265326900873, "std": 0.0, "repeat": 1, "number": 1}]}, "benchmarks.DTWF.time_many_replicates": null, "benchmarks.Hudson.peakmem_human_chr22": 135041024, "benchmarks.Hudson.peakmem_large_sample_size": 835981312, "benchmarks.Hudson.peakmem_long_sequence_length": 167903232, "benchmarks.Hudson.peakmem_long_sequence_length_gene_conversion": 169283584, "benchmarks.Hudson.peakmem_many_replicates": 45690880, "benchmarks.Hudson.time_human_chr22": {"result": [32.27637876098743], "stats": [{"ci_99": [-Infinity, Infinity], "q_25": 32.27637876098743, "q_75": 32.27637876098743, "min": 32.27637876098743, "max": 32.27637876098743, "mean": 32.27637876098743, "std": 0.0, "repeat": 1, "number": 1}]}, "benchmarks.Hudson.time_large_sample_size": {"result": [55.41183488702518], "stats": [{"ci_99": [-Infinity, Infinity], "q_25": 55.41183488702518, "q_75": 55.41183488702518, "min": 55.41183488702518, "max": 55.41183488702518, "mean": 55.41183488702518, "std": 0.0, "repeat": 1, "number": 1}]}, "benchmarks.Hudson.time_long_sequence_length": {"result": [49.15746329599642], "stats": [{"ci_99": [-Infinity, Infinity], "q_25": 49.15746329599642, "q_75": 49.15746329599642, "min": 49.15746329599642, "max": 49.15746329599642, "mean": 49.15746329599642, "std": 0.0, "repeat": 1, "number": 1}]}, "benchmarks.Hudson.time_long_sequence_length_gene_conversion": {"result": [51.33895032000146], "stats": [{"ci_99": [-Infinity, Infinity], "q_25": 51.33895032000146, "q_75": 51.33895032000146, "min": 51.33895032000146, "max": 51.33895032000146, "mean": 51.33895032000146, "std": 0.0, "repeat": 1, "number": 1}]}, "benchmarks.Hudson.time_many_replicates": {"result": [31.233246085001156], "stats": [{"ci_99": [-Infinity, Infinity], "q_25": 31.233246085001156, "q_75": 31.233246085001156, "min": 31.233246085001156, "max": 31.233246085001156, "mean": 31.233246085001156, "std": 0.0, "repeat": 1, "number": 1}]}}, "params": {"arch": "x86_64", "cpu": "Intel(R) Core(TM) i5-3317U CPU @ 1.70GHz", "machine": "poplar", "num_cpu": "4", "os": "Linux 3.13.0-24-generic", "ram": "3931396", "python": "3.8", "stdpopsim": ""}, "requirements": {"stdpopsim": ""}, "commit_hash": "0f130d3ebf30ff5d5297012b66c09298927136db", "date": 1583396676000, "env_name": "virtualenv-py3.8-stdpopsim", "python": "3.8", "profiles": {}, "started_at": {"benchmarks.DTWF.peakmem_human_chr22": 1602107083458, "benchmarks.DTWF.peakmem_large_population_size": 1602107178302, "benchmarks.DTWF.peakmem_long_sequence_length": 1602107298363, "benchmarks.DTWF.peakmem_many_replicates": 1602107397960, "benchmarks.DTWF.time_human_chr22": 1602107518037, "benchmarks.DTWF.time_large_population_size": 1602107616738, "benchmarks.DTWF.time_long_sequence_length": 1602107736798, "benchmarks.DTWF.time_many_replicates": 1602107836195, "benchmarks.Hudson.peakmem_human_chr22": 1602107956272, "benchmarks.Hudson.peakmem_large_sample_size": 1602107988137, "benchmarks.Hudson.peakmem_long_sequence_length": 1602108052508, "benchmarks.Hudson.peakmem_long_sequence_length_gene_conversion": 1602108102108, "benchmarks.Hudson.peakmem_many_replicates": 1602108153913, "benchmarks.Hudson.time_human_chr22": 1602108185261, "benchmarks.Hudson.time_large_sample_size": 1602108217676, "benchmarks.Hudson.time_long_sequence_length": 1602108273181, "benchmarks.Hudson.time_long_sequence_length_gene_conversion": 1602108322480, "benchmarks.Hudson.time_many_replicates": 1602108373932}, "ended_at": {"benchmarks.DTWF.peakmem_human_chr22": 1602107178302, "benchmarks.DTWF.peakmem_large_population_size": 1602107298363, "benchmarks.DTWF.peakmem_long_sequence_length": 1602107397960, "benchmarks.DTWF.peakmem_many_replicates": 1602107518036, "benchmarks.DTWF.time_human_chr22": 1602107616738, "benchmarks.DTWF.time_large_population_size": 1602107736798, "benchmarks.DTWF.time_long_sequence_length": 1602107836194, "benchmarks.DTWF.time_many_replicates": 1602107956271, "benchmarks.Hudson.peakmem_human_chr22": 1602107988137, "benchmarks.Hudson.peakmem_large_sample_size": 1602108052507, "benchmarks.Hudson.peakmem_long_sequence_length": 1602108102108, "benchmarks.Hudson.peakmem_long_sequence_length_gene_conversion": 1602108153913, "benchmarks.Hudson.peakmem_many_replicates": 1602108185260, "benchmarks.Hudson.time_human_chr22": 1602108217676, "benchmarks.Hudson.time_large_sample_size": 1602108273181, "benchmarks.Hudson.time_long_sequence_length": 1602108322479, "benchmarks.Hudson.time_long_sequence_length_gene_conversion": 1602108373932, "benchmarks.Hudson.time_many_replicates": 1602108405280}, "benchmark_version": {"benchmarks.DTWF.peakmem_human_chr22": "f848688127844489b5870c5598d06fc61bdb8c1a31b2c71741fb842ce4869124", "benchmarks.DTWF.peakmem_large_population_size": "1c54016f27b74e5d827e0cf71dee2587b99237d50e0c3aa5bfb1e9a54bedf712", "benchmarks.DTWF.peakmem_long_sequence_length": "72b4498a433ac926a303683be39aa07c206b25c22caa613088af6cbe51544ce9", "benchmarks.DTWF.peakmem_many_replicates": "8d591fe1a84bfd039f312aef953605c494b28ed3e3b28bd41773b5a6bbab8e13", "benchmarks.DTWF.time_human_chr22": "d016729b716d45e5a6cc8608ae18480b4f3d6192cc29f39ad8e06222786408c6", "benchmarks.DTWF.time_large_population_size": "5393d907eb6d9700c18c23789395c3a6a8aecf236b49983e2d955dccc6f793a3", "benchmarks.DTWF.time_long_sequence_length": "89860f21a2ad81e267314c086383279e852e4560e27f425d127937bd62fb83f9", "benchmarks.DTWF.time_many_replicates": "8f8fa44794e1a510a8052653f41596e3e11adbcdc838d7ca59f99bdb491be41b", "benchmarks.Hudson.peakmem_human_chr22": "20ef616d263e941e12a3089b8e8dbfee94d982362fe475e40174ebc3506b102a", "benchmarks.Hudson.peakmem_large_sample_size": "0b75d04c5ff9994c35ae62a490034e021485c38567b2699884e524931587881a", "benchmarks.Hudson.peakmem_long_sequence_length": "edd9dee8418f69b81347803203f176ff269220225a8939dc1c4bc1ab32289f94", "benchmarks.Hudson.peakmem_long_sequence_length_gene_conversion": "2236f20c5a4cc1e037abd099ce1f70d0dd2045a14914c96dcc48d0507f45e1da", "benchmarks.Hudson.peakmem_many_replicates": "b93569a722fa5396ed6631750fbdd02c7b47148d63973610f802eb69db85679e", "benchmarks.Hudson.time_human_chr22": "e648432b5c065478e09802f16a5658d37b625c204e147517826817bd6b04acb1", "benchmarks.Hudson.time_large_sample_size": "7bc273fa1975809170f8f4dd7776de03dd9993132a83866c1c135afe37e4d541", "benchmarks.Hudson.time_long_sequence_length": "0b6c7c537bd986f4e9c36c5549b8e939955cbd49901f29827e3ce763790fb3b7", "benchmarks.Hudson.time_long_sequence_length_gene_conversion": "19005a2b4b33b284a84cc0ad033e2d2c646f2d264fd59a5a55e3c2246a05851b", "benchmarks.Hudson.time_many_replicates": "c0f9f49074ade65f919a2db206a10f03ba6f5b53fa86dce2a6a32e96dd8a5067"}, "version": 1}