{"results": {"benchmarks.DTWF.peakmem_human_chr22": 100945920, "benchmarks.DTWF.peakmem_large_population_size": null, "benchmarks.DTWF.peakmem_long_sequence_length": 55500800, "benchmarks.DTWF.peakmem_many_replicates": null, "benchmarks.DTWF.time_human_chr22": {"result": [69.05387819197495], "stats": [{"ci_99": [-Infinity, Infinity], "q_25": 69.05387819197495, "q_75": 69.05387819197495, "min": 69.05387819197495, "max": 69.05387819197495, "mean": 69.05387819197495, "std": 0.0, "repeat": 1, "number": 1}]}, "benchmarks.DTWF.time_large_population_size": null, "benchmarks.DTWF.time_long_sequence_length": {"result": [96.13228288304526], "stats": [{"ci_99": [-Infinity, Infinity], "q_25": 96.13228288304526, "q_75": 96.13228288304526, "min": 96.13228288304526, "max": 96.13228288304526, "mean": 96.13228288304526, "std": 0.0, "repeat": 1, "number": 1}]}, "benchmarks.DTWF.time_many_replicates": null, "benchmarks.Hudson.peakmem_human_chr22": 132833280, "benchmarks.Hudson.peakmem_large_sample_size": 793473024, "benchmarks.Hudson.peakmem_long_sequence_length": 163581952, "benchmarks.Hudson.peakmem_long_sequence_length_gene_conversion": 163581952, "benchmarks.Hudson.peakmem_many_replicates": 44441600, "benchmarks.Hudson.time_human_chr22": {"result": [24.531103812973015], "stats": [{"ci_99": [-Infinity, Infinity], "q_25": 24.531103812973015, "q_75": 24.531103812973015, "min": 24.531103812973015, "max": 24.531103812973015, "mean": 24.531103812973015, "std": 0.0, "repeat": 1, "number": 1}]}, "benchmarks.Hudson.time_large_sample_size": {"result": [53.989587864954956], "stats": [{"ci_99": [-Infinity, Infinity], "q_25": 53.989587864954956, "q_75": 53.989587864954956, "min": 53.989587864954956, "max": 53.989587864954956, "mean": 53.989587864954956, "std": 0.0, "repeat": 1, "number": 1}]}, "benchmarks.Hudson.time_long_sequence_length": {"result": [43.53796682500979], "stats": [{"ci_99": [-Infinity, Infinity], "q_25": 43.53796682500979, "q_75": 43.53796682500979, "min": 43.53796682500979, "max": 43.53796682500979, "mean": 43.53796682500979, "std": 0.0, "repeat": 1, "number": 1}]}, "benchmarks.Hudson.time_long_sequence_length_gene_conversion": {"result": [45.121308566012885], "stats": [{"ci_99": [-Infinity, Infinity], "q_25": 45.121308566012885, "q_75": 45.121308566012885, "min": 45.121308566012885, "max": 45.121308566012885, "mean": 45.121308566012885, "std": 0.0, "repeat": 1, "number": 1}]}, "benchmarks.Hudson.time_many_replicates": {"result": [30.70545235904865], "stats": [{"ci_99": [-Infinity, Infinity], "q_25": 30.70545235904865, "q_75": 30.70545235904865, "min": 30.70545235904865, "max": 30.70545235904865, "mean": 30.70545235904865, "std": 0.0, "repeat": 1, "number": 1}]}}, "params": {"arch": "x86_64", "cpu": "Intel(R) Core(TM) i5-3317U CPU @ 1.70GHz", "machine": "poplar", "num_cpu": "4", "os": "Linux 3.13.0-24-generic", "ram": "3931396", "python": "3.8", "stdpopsim": ""}, "requirements": {"stdpopsim": ""}, "commit_hash": "0fec4cb7f5e6d7eb14da2bb6d2b081c4e49a1fe4", "date": 1578995699000, "env_name": "virtualenv-py3.8-stdpopsim", "python": "3.8", "profiles": {}, "started_at": {"benchmarks.DTWF.peakmem_human_chr22": 1602149192982, "benchmarks.DTWF.peakmem_large_population_size": 1602149261772, "benchmarks.DTWF.peakmem_long_sequence_length": 1602149381834, "benchmarks.DTWF.peakmem_many_replicates": 1602149477976, "benchmarks.DTWF.time_human_chr22": 1602149598052, "benchmarks.DTWF.time_large_population_size": 1602149667240, "benchmarks.DTWF.time_long_sequence_length": 1602149787300, "benchmarks.DTWF.time_many_replicates": 1602149883540, "benchmarks.Hudson.peakmem_human_chr22": 1602150003615, "benchmarks.Hudson.peakmem_large_sample_size": 1602150028264, "benchmarks.Hudson.peakmem_long_sequence_length": 1602150084315, "benchmarks.Hudson.peakmem_long_sequence_length_gene_conversion": 1602150127902, "benchmarks.Hudson.peakmem_many_replicates": 1602150172942, "benchmarks.Hudson.time_human_chr22": 1602150203789, "benchmarks.Hudson.time_large_sample_size": 1602150228438, "benchmarks.Hudson.time_long_sequence_length": 1602150282536, "benchmarks.Hudson.time_long_sequence_length_gene_conversion": 1602150326173, "benchmarks.Hudson.time_many_replicates": 1602150371414}, "ended_at": {"benchmarks.DTWF.peakmem_human_chr22": 1602149261771, "benchmarks.DTWF.peakmem_large_population_size": 1602149381833, "benchmarks.DTWF.peakmem_long_sequence_length": 1602149477976, "benchmarks.DTWF.peakmem_many_replicates": 1602149598051, "benchmarks.DTWF.time_human_chr22": 1602149667240, "benchmarks.DTWF.time_large_population_size": 1602149787300, "benchmarks.DTWF.time_long_sequence_length": 1602149883540, "benchmarks.DTWF.time_many_replicates": 1602150003615, "benchmarks.Hudson.peakmem_human_chr22": 1602150028264, "benchmarks.Hudson.peakmem_large_sample_size": 1602150084315, "benchmarks.Hudson.peakmem_long_sequence_length": 1602150127902, "benchmarks.Hudson.peakmem_long_sequence_length_gene_conversion": 1602150172941, "benchmarks.Hudson.peakmem_many_replicates": 1602150203788, "benchmarks.Hudson.time_human_chr22": 1602150228437, "benchmarks.Hudson.time_large_sample_size": 1602150282536, "benchmarks.Hudson.time_long_sequence_length": 1602150326173, "benchmarks.Hudson.time_long_sequence_length_gene_conversion": 1602150371414, "benchmarks.Hudson.time_many_replicates": 1602150402211}, "benchmark_version": {"benchmarks.DTWF.peakmem_human_chr22": "f848688127844489b5870c5598d06fc61bdb8c1a31b2c71741fb842ce4869124", "benchmarks.DTWF.peakmem_large_population_size": "1c54016f27b74e5d827e0cf71dee2587b99237d50e0c3aa5bfb1e9a54bedf712", "benchmarks.DTWF.peakmem_long_sequence_length": "72b4498a433ac926a303683be39aa07c206b25c22caa613088af6cbe51544ce9", "benchmarks.DTWF.peakmem_many_replicates": "8d591fe1a84bfd039f312aef953605c494b28ed3e3b28bd41773b5a6bbab8e13", "benchmarks.DTWF.time_human_chr22": "d016729b716d45e5a6cc8608ae18480b4f3d6192cc29f39ad8e06222786408c6", "benchmarks.DTWF.time_large_population_size": "5393d907eb6d9700c18c23789395c3a6a8aecf236b49983e2d955dccc6f793a3", "benchmarks.DTWF.time_long_sequence_length": "89860f21a2ad81e267314c086383279e852e4560e27f425d127937bd62fb83f9", "benchmarks.DTWF.time_many_replicates": "8f8fa44794e1a510a8052653f41596e3e11adbcdc838d7ca59f99bdb491be41b", "benchmarks.Hudson.peakmem_human_chr22": "20ef616d263e941e12a3089b8e8dbfee94d982362fe475e40174ebc3506b102a", "benchmarks.Hudson.peakmem_large_sample_size": "0b75d04c5ff9994c35ae62a490034e021485c38567b2699884e524931587881a", "benchmarks.Hudson.peakmem_long_sequence_length": "edd9dee8418f69b81347803203f176ff269220225a8939dc1c4bc1ab32289f94", "benchmarks.Hudson.peakmem_long_sequence_length_gene_conversion": "2236f20c5a4cc1e037abd099ce1f70d0dd2045a14914c96dcc48d0507f45e1da", "benchmarks.Hudson.peakmem_many_replicates": "b93569a722fa5396ed6631750fbdd02c7b47148d63973610f802eb69db85679e", "benchmarks.Hudson.time_human_chr22": "e648432b5c065478e09802f16a5658d37b625c204e147517826817bd6b04acb1", "benchmarks.Hudson.time_large_sample_size": "7bc273fa1975809170f8f4dd7776de03dd9993132a83866c1c135afe37e4d541", "benchmarks.Hudson.time_long_sequence_length": "0b6c7c537bd986f4e9c36c5549b8e939955cbd49901f29827e3ce763790fb3b7", "benchmarks.Hudson.time_long_sequence_length_gene_conversion": "19005a2b4b33b284a84cc0ad033e2d2c646f2d264fd59a5a55e3c2246a05851b", "benchmarks.Hudson.time_many_replicates": "c0f9f49074ade65f919a2db206a10f03ba6f5b53fa86dce2a6a32e96dd8a5067"}, "version": 1}