{"results": {"benchmarks.DTWF.peakmem_human_chr22": 113819648, "benchmarks.DTWF.peakmem_large_population_size": 56930304, "benchmarks.DTWF.peakmem_long_sequence_length": 59486208, "benchmarks.DTWF.peakmem_many_replicates": 48979968, "benchmarks.DTWF.time_human_chr22": {"result": [28.688280633999966], "stats": [{"ci_99": [-Infinity, Infinity], "q_25": 28.688280633999966, "q_75": 28.688280633999966, "min": 28.688280633999966, "max": 28.688280633999966, "mean": 28.688280633999966, "std": 0.0, "repeat": 1, "number": 1}]}, "benchmarks.DTWF.time_large_population_size": {"result": [10.85536764099379], "stats": [{"ci_99": [-Infinity, Infinity], "q_25": 10.85536764099379, "q_75": 10.85536764099379, "min": 10.85536764099379, "max": 10.85536764099379, "mean": 10.85536764099379, "std": 0.0, "repeat": 1, "number": 1}]}, "benchmarks.DTWF.time_long_sequence_length": {"result": [11.926042580016656], "stats": [{"ci_99": [-Infinity, Infinity], "q_25": 11.926042580016656, "q_75": 11.926042580016656, "min": 11.926042580016656, "max": 11.926042580016656, "mean": 11.926042580016656, "std": 0.0, "repeat": 1, "number": 1}]}, "benchmarks.DTWF.time_many_replicates": {"result": [47.19585136399837], "stats": [{"ci_99": [-Infinity, Infinity], "q_25": 47.19585136399837, "q_75": 47.19585136399837, "min": 47.19585136399837, "max": 47.19585136399837, "mean": 47.19585136399837, "std": 0.0, "repeat": 1, "number": 1}]}, "benchmarks.Hudson.peakmem_human_chr22": 150896640, "benchmarks.Hudson.peakmem_large_sample_size": 852762624, "benchmarks.Hudson.peakmem_long_sequence_length": 175427584, "benchmarks.Hudson.peakmem_long_sequence_length_gene_conversion": 177061888, "benchmarks.Hudson.peakmem_many_replicates": 48312320, "benchmarks.Hudson.time_human_chr22": {"result": [35.4260001059738], "stats": [{"ci_99": [-Infinity, Infinity], "q_25": 35.4260001059738, "q_75": 35.4260001059738, "min": 35.4260001059738, "max": 35.4260001059738, "mean": 35.4260001059738, "std": 0.0, "repeat": 1, "number": 1}]}, "benchmarks.Hudson.time_large_sample_size": {"result": [73.57481069202186], "stats": [{"ci_99": [-Infinity, Infinity], "q_25": 73.57481069202186, "q_75": 73.57481069202186, "min": 73.57481069202186, "max": 73.57481069202186, "mean": 73.57481069202186, "std": 0.0, "repeat": 1, "number": 1}]}, "benchmarks.Hudson.time_long_sequence_length": {"result": [51.54137853899738], "stats": [{"ci_99": [-Infinity, Infinity], "q_25": 51.54137853899738, "q_75": 51.54137853899738, "min": 51.54137853899738, "max": 51.54137853899738, "mean": 51.54137853899738, "std": 0.0, "repeat": 1, "number": 1}]}, "benchmarks.Hudson.time_long_sequence_length_gene_conversion": {"result": [50.60307400400052], "stats": [{"ci_99": [-Infinity, Infinity], "q_25": 50.60307400400052, "q_75": 50.60307400400052, "min": 50.60307400400052, "max": 50.60307400400052, "mean": 50.60307400400052, "std": 0.0, "repeat": 1, "number": 1}]}, "benchmarks.Hudson.time_many_replicates": {"result": [27.76068577199476], "stats": [{"ci_99": [-Infinity, Infinity], "q_25": 27.76068577199476, "q_75": 27.76068577199476, "min": 27.76068577199476, "max": 27.76068577199476, "mean": 27.76068577199476, "std": 0.0, "repeat": 1, "number": 1}]}}, "params": {"arch": "x86_64", "cpu": "Intel(R) Core(TM) i5-3317U CPU @ 1.70GHz", "machine": "poplar", "num_cpu": "4", "os": "Linux 3.13.0-24-generic", "ram": "3931396", "python": "3.8", "stdpopsim": ""}, "requirements": {"stdpopsim": ""}, "commit_hash": "1053c957da799e80208a8fa567668c787e84c742", "date": 1605090850000, "env_name": "virtualenv-py3.8-stdpopsim", "python": "3.8", "profiles": {}, "started_at": {"benchmarks.DTWF.peakmem_human_chr22": 1605093774498, "benchmarks.DTWF.peakmem_large_population_size": 1605093801752, "benchmarks.DTWF.peakmem_long_sequence_length": 1605093813176, "benchmarks.DTWF.peakmem_many_replicates": 1605093825645, "benchmarks.DTWF.time_human_chr22": 1605093873664, "benchmarks.DTWF.time_large_population_size": 1605093902921, "benchmarks.DTWF.time_long_sequence_length": 1605093914345, "benchmarks.DTWF.time_many_replicates": 1605093926864, "benchmarks.Hudson.peakmem_human_chr22": 1605093974633, "benchmarks.Hudson.peakmem_large_sample_size": 1605094010307, "benchmarks.Hudson.peakmem_long_sequence_length": 1605094084140, "benchmarks.Hudson.peakmem_long_sequence_length_gene_conversion": 1605094135044, "benchmarks.Hudson.peakmem_many_replicates": 1605094187001, "benchmarks.Hudson.time_human_chr22": 1605094215496, "benchmarks.Hudson.time_large_sample_size": 1605094251520, "benchmarks.Hudson.time_long_sequence_length": 1605094325706, "benchmarks.Hudson.time_long_sequence_length_gene_conversion": 1605094377812, "benchmarks.Hudson.time_many_replicates": 1605094429017}, "ended_at": {"benchmarks.DTWF.peakmem_human_chr22": 1605093801751, "benchmarks.DTWF.peakmem_large_population_size": 1605093813175, "benchmarks.DTWF.peakmem_long_sequence_length": 1605093825645, "benchmarks.DTWF.peakmem_many_replicates": 1605093873663, "benchmarks.DTWF.time_human_chr22": 1605093902921, "benchmarks.DTWF.time_large_population_size": 1605093914345, "benchmarks.DTWF.time_long_sequence_length": 1605093926864, "benchmarks.DTWF.time_many_replicates": 1605093974633, "benchmarks.Hudson.peakmem_human_chr22": 1605094010306, "benchmarks.Hudson.peakmem_large_sample_size": 1605094084139, "benchmarks.Hudson.peakmem_long_sequence_length": 1605094135044, "benchmarks.Hudson.peakmem_long_sequence_length_gene_conversion": 1605094187000, "benchmarks.Hudson.peakmem_many_replicates": 1605094215496, "benchmarks.Hudson.time_human_chr22": 1605094251520, "benchmarks.Hudson.time_large_sample_size": 1605094325705, "benchmarks.Hudson.time_long_sequence_length": 1605094377812, "benchmarks.Hudson.time_long_sequence_length_gene_conversion": 1605094429017, "benchmarks.Hudson.time_many_replicates": 1605094457362}, "benchmark_version": {"benchmarks.DTWF.peakmem_human_chr22": "f848688127844489b5870c5598d06fc61bdb8c1a31b2c71741fb842ce4869124", "benchmarks.DTWF.peakmem_large_population_size": "1c54016f27b74e5d827e0cf71dee2587b99237d50e0c3aa5bfb1e9a54bedf712", "benchmarks.DTWF.peakmem_long_sequence_length": "72b4498a433ac926a303683be39aa07c206b25c22caa613088af6cbe51544ce9", "benchmarks.DTWF.peakmem_many_replicates": "8d591fe1a84bfd039f312aef953605c494b28ed3e3b28bd41773b5a6bbab8e13", "benchmarks.DTWF.time_human_chr22": "d016729b716d45e5a6cc8608ae18480b4f3d6192cc29f39ad8e06222786408c6", "benchmarks.DTWF.time_large_population_size": "5393d907eb6d9700c18c23789395c3a6a8aecf236b49983e2d955dccc6f793a3", "benchmarks.DTWF.time_long_sequence_length": "89860f21a2ad81e267314c086383279e852e4560e27f425d127937bd62fb83f9", "benchmarks.DTWF.time_many_replicates": "8f8fa44794e1a510a8052653f41596e3e11adbcdc838d7ca59f99bdb491be41b", "benchmarks.Hudson.peakmem_human_chr22": "20ef616d263e941e12a3089b8e8dbfee94d982362fe475e40174ebc3506b102a", "benchmarks.Hudson.peakmem_large_sample_size": "0b75d04c5ff9994c35ae62a490034e021485c38567b2699884e524931587881a", "benchmarks.Hudson.peakmem_long_sequence_length": "edd9dee8418f69b81347803203f176ff269220225a8939dc1c4bc1ab32289f94", "benchmarks.Hudson.peakmem_long_sequence_length_gene_conversion": "2236f20c5a4cc1e037abd099ce1f70d0dd2045a14914c96dcc48d0507f45e1da", "benchmarks.Hudson.peakmem_many_replicates": "b93569a722fa5396ed6631750fbdd02c7b47148d63973610f802eb69db85679e", "benchmarks.Hudson.time_human_chr22": "e648432b5c065478e09802f16a5658d37b625c204e147517826817bd6b04acb1", "benchmarks.Hudson.time_large_sample_size": "7bc273fa1975809170f8f4dd7776de03dd9993132a83866c1c135afe37e4d541", "benchmarks.Hudson.time_long_sequence_length": "0b6c7c537bd986f4e9c36c5549b8e939955cbd49901f29827e3ce763790fb3b7", "benchmarks.Hudson.time_long_sequence_length_gene_conversion": "19005a2b4b33b284a84cc0ad033e2d2c646f2d264fd59a5a55e3c2246a05851b", "benchmarks.Hudson.time_many_replicates": "c0f9f49074ade65f919a2db206a10f03ba6f5b53fa86dce2a6a32e96dd8a5067"}, "version": 1}