{"results": {"benchmarks.DTWF.peakmem_human_chr22": 113360896, "benchmarks.DTWF.peakmem_large_population_size": 54599680, "benchmarks.DTWF.peakmem_long_sequence_length": 59543552, "benchmarks.DTWF.peakmem_many_replicates": 49946624, "benchmarks.DTWF.time_human_chr22": {"result": [36.64860519798822], "stats": [{"ci_99": [-Infinity, Infinity], "q_25": 36.64860519798822, "q_75": 36.64860519798822, "min": 36.64860519798822, "max": 36.64860519798822, "mean": 36.64860519798822, "std": 0.0, "repeat": 1, "number": 1}]}, "benchmarks.DTWF.time_large_population_size": {"result": [11.233020351006417], "stats": [{"ci_99": [-Infinity, Infinity], "q_25": 11.233020351006417, "q_75": 11.233020351006417, "min": 11.233020351006417, "max": 11.233020351006417, "mean": 11.233020351006417, "std": 0.0, "repeat": 1, "number": 1}]}, "benchmarks.DTWF.time_long_sequence_length": {"result": [12.167631156014977], "stats": [{"ci_99": [-Infinity, Infinity], "q_25": 12.167631156014977, "q_75": 12.167631156014977, "min": 12.167631156014977, "max": 12.167631156014977, "mean": 12.167631156014977, "std": 0.0, "repeat": 1, "number": 1}]}, "benchmarks.DTWF.time_many_replicates": {"result": [52.891920002992265], "stats": [{"ci_99": [-Infinity, Infinity], "q_25": 52.891920002992265, "q_75": 52.891920002992265, "min": 52.891920002992265, "max": 52.891920002992265, "mean": 52.891920002992265, "std": 0.0, "repeat": 1, "number": 1}]}, "benchmarks.Hudson.peakmem_human_chr22": 147042304, "benchmarks.Hudson.peakmem_large_sample_size": null, "benchmarks.Hudson.peakmem_long_sequence_length": 171520000, "benchmarks.Hudson.peakmem_long_sequence_length_gene_conversion": 175132672, "benchmarks.Hudson.peakmem_many_replicates": 50200576, "benchmarks.Hudson.time_human_chr22": {"result": [32.88313768900116], "stats": [{"ci_99": [-Infinity, Infinity], "q_25": 32.88313768900116, "q_75": 32.88313768900116, "min": 32.88313768900116, "max": 32.88313768900116, "mean": 32.88313768900116, "std": 0.0, "repeat": 1, "number": 1}]}, "benchmarks.Hudson.time_large_sample_size": null, "benchmarks.Hudson.time_long_sequence_length": {"result": [49.535561195982154], "stats": [{"ci_99": [-Infinity, Infinity], "q_25": 49.535561195982154, "q_75": 49.535561195982154, "min": 49.535561195982154, "max": 49.535561195982154, "mean": 49.535561195982154, "std": 0.0, "repeat": 1, "number": 1}]}, "benchmarks.Hudson.time_long_sequence_length_gene_conversion": {"result": [50.86058676999528], "stats": [{"ci_99": [-Infinity, Infinity], "q_25": 50.86058676999528, "q_75": 50.86058676999528, "min": 50.86058676999528, "max": 50.86058676999528, "mean": 50.86058676999528, "std": 0.0, "repeat": 1, "number": 1}]}, "benchmarks.Hudson.time_many_replicates": {"result": [33.61304184101755], "stats": [{"ci_99": [-Infinity, Infinity], "q_25": 33.61304184101755, "q_75": 33.61304184101755, "min": 33.61304184101755, "max": 33.61304184101755, "mean": 33.61304184101755, "std": 0.0, "repeat": 1, "number": 1}]}}, "params": {"arch": "x86_64", "cpu": "Intel(R) Core(TM) i5-3317U CPU @ 1.70GHz", "machine": "poplar", "num_cpu": "4", "os": "Linux 3.13.0-24-generic", "ram": "3931396", "python": "3.8", "stdpopsim": ""}, "requirements": {"stdpopsim": ""}, "commit_hash": "129ae0f315dcb9aadc7bf577da42aefea3b0b665", "date": 1598976151000, "env_name": "virtualenv-py3.8-stdpopsim", "python": "3.8", "profiles": {}, "started_at": {"benchmarks.DTWF.peakmem_human_chr22": 1602007411874, "benchmarks.DTWF.peakmem_large_population_size": 1602007448750, "benchmarks.DTWF.peakmem_long_sequence_length": 1602007460126, "benchmarks.DTWF.peakmem_many_replicates": 1602007472496, "benchmarks.DTWF.time_human_chr22": 1602007525676, "benchmarks.DTWF.time_large_population_size": 1602007562449, "benchmarks.DTWF.time_long_sequence_length": 1602007573822, "benchmarks.DTWF.time_many_replicates": 1602007586090, "benchmarks.Hudson.peakmem_human_chr22": 1602007639115, "benchmarks.Hudson.peakmem_large_sample_size": 1602007672076, "benchmarks.Hudson.peakmem_long_sequence_length": 1602007792152, "benchmarks.Hudson.peakmem_long_sequence_length_gene_conversion": 1602007841902, "benchmarks.Hudson.peakmem_many_replicates": 1602007892754, "benchmarks.Hudson.time_human_chr22": 1602007926806, "benchmarks.Hudson.time_large_sample_size": 1602007959822, "benchmarks.Hudson.time_long_sequence_length": 1602008079923, "benchmarks.Hudson.time_long_sequence_length_gene_conversion": 1602008129572, "benchmarks.Hudson.time_many_replicates": 1602008180524}, "ended_at": {"benchmarks.DTWF.peakmem_human_chr22": 1602007448750, "benchmarks.DTWF.peakmem_large_population_size": 1602007460126, "benchmarks.DTWF.peakmem_long_sequence_length": 1602007472496, "benchmarks.DTWF.peakmem_many_replicates": 1602007525675, "benchmarks.DTWF.time_human_chr22": 1602007562449, "benchmarks.DTWF.time_large_population_size": 1602007573822, "benchmarks.DTWF.time_long_sequence_length": 1602007586090, "benchmarks.DTWF.time_many_replicates": 1602007639114, "benchmarks.Hudson.peakmem_human_chr22": 1602007672076, "benchmarks.Hudson.peakmem_large_sample_size": 1602007792152, "benchmarks.Hudson.peakmem_long_sequence_length": 1602007841902, "benchmarks.Hudson.peakmem_long_sequence_length_gene_conversion": 1602007892753, "benchmarks.Hudson.peakmem_many_replicates": 1602007926805, "benchmarks.Hudson.time_human_chr22": 1602007959822, "benchmarks.Hudson.time_large_sample_size": 1602008079923, "benchmarks.Hudson.time_long_sequence_length": 1602008129572, "benchmarks.Hudson.time_long_sequence_length_gene_conversion": 1602008180524, "benchmarks.Hudson.time_many_replicates": 1602008214275}, "benchmark_version": {"benchmarks.DTWF.peakmem_human_chr22": "f848688127844489b5870c5598d06fc61bdb8c1a31b2c71741fb842ce4869124", "benchmarks.DTWF.peakmem_large_population_size": "1c54016f27b74e5d827e0cf71dee2587b99237d50e0c3aa5bfb1e9a54bedf712", "benchmarks.DTWF.peakmem_long_sequence_length": "72b4498a433ac926a303683be39aa07c206b25c22caa613088af6cbe51544ce9", "benchmarks.DTWF.peakmem_many_replicates": "8d591fe1a84bfd039f312aef953605c494b28ed3e3b28bd41773b5a6bbab8e13", "benchmarks.DTWF.time_human_chr22": "d016729b716d45e5a6cc8608ae18480b4f3d6192cc29f39ad8e06222786408c6", "benchmarks.DTWF.time_large_population_size": "5393d907eb6d9700c18c23789395c3a6a8aecf236b49983e2d955dccc6f793a3", "benchmarks.DTWF.time_long_sequence_length": "89860f21a2ad81e267314c086383279e852e4560e27f425d127937bd62fb83f9", "benchmarks.DTWF.time_many_replicates": "8f8fa44794e1a510a8052653f41596e3e11adbcdc838d7ca59f99bdb491be41b", "benchmarks.Hudson.peakmem_human_chr22": "20ef616d263e941e12a3089b8e8dbfee94d982362fe475e40174ebc3506b102a", "benchmarks.Hudson.peakmem_large_sample_size": "0b75d04c5ff9994c35ae62a490034e021485c38567b2699884e524931587881a", "benchmarks.Hudson.peakmem_long_sequence_length": "edd9dee8418f69b81347803203f176ff269220225a8939dc1c4bc1ab32289f94", "benchmarks.Hudson.peakmem_long_sequence_length_gene_conversion": "2236f20c5a4cc1e037abd099ce1f70d0dd2045a14914c96dcc48d0507f45e1da", "benchmarks.Hudson.peakmem_many_replicates": "b93569a722fa5396ed6631750fbdd02c7b47148d63973610f802eb69db85679e", "benchmarks.Hudson.time_human_chr22": "e648432b5c065478e09802f16a5658d37b625c204e147517826817bd6b04acb1", "benchmarks.Hudson.time_large_sample_size": "7bc273fa1975809170f8f4dd7776de03dd9993132a83866c1c135afe37e4d541", "benchmarks.Hudson.time_long_sequence_length": "0b6c7c537bd986f4e9c36c5549b8e939955cbd49901f29827e3ce763790fb3b7", "benchmarks.Hudson.time_long_sequence_length_gene_conversion": "19005a2b4b33b284a84cc0ad033e2d2c646f2d264fd59a5a55e3c2246a05851b", "benchmarks.Hudson.time_many_replicates": "c0f9f49074ade65f919a2db206a10f03ba6f5b53fa86dce2a6a32e96dd8a5067"}, "version": 1}