{"results": {"benchmarks.DTWF.peakmem_human_chr22": 113922048, "benchmarks.DTWF.peakmem_large_population_size": 57004032, "benchmarks.DTWF.peakmem_long_sequence_length": 49025024, "benchmarks.DTWF.peakmem_many_replicates": 48766976, "benchmarks.DTWF.time_human_chr22": {"result": [28.379255533000105], "stats": [{"ci_99": [-Infinity, Infinity], "q_25": 28.379255533000105, "q_75": 28.379255533000105, "min": 28.379255533000105, "max": 28.379255533000105, "mean": 28.379255533000105, "std": 0.0, "repeat": 1, "number": 1}]}, "benchmarks.DTWF.time_large_population_size": {"result": [10.866878891999932], "stats": [{"ci_99": [-Infinity, Infinity], "q_25": 10.866878891999932, "q_75": 10.866878891999932, "min": 10.866878891999932, "max": 10.866878891999932, "mean": 10.866878891999932, "std": 0.0, "repeat": 1, "number": 1}]}, "benchmarks.DTWF.time_long_sequence_length": {"result": [0.11195136600008482], "stats": [{"ci_99": [-Infinity, Infinity], "q_25": 0.11195136600008482, "q_75": 0.11195136600008482, "min": 0.11195136600008482, "max": 0.11195136600008482, "mean": 0.11195136600008482, "std": 0.0, "repeat": 1, "number": 1}]}, "benchmarks.DTWF.time_many_replicates": {"result": [46.94659646800028], "stats": [{"ci_99": [-Infinity, Infinity], "q_25": 46.94659646800028, "q_75": 46.94659646800028, "min": 46.94659646800028, "max": 46.94659646800028, "mean": 46.94659646800028, "std": 0.0, "repeat": 1, "number": 1}]}, "benchmarks.Hudson.peakmem_human_chr22": 151097344, "benchmarks.Hudson.peakmem_large_sample_size": 854249472, "benchmarks.Hudson.peakmem_long_sequence_length": 176283648, "benchmarks.Hudson.peakmem_many_replicates": 49020928, "benchmarks.Hudson.time_human_chr22": {"result": [52.131008174999806], "stats": [{"ci_99": [-Infinity, Infinity], "q_25": 52.131008174999806, "q_75": 52.131008174999806, "min": 52.131008174999806, "max": 52.131008174999806, "mean": 52.131008174999806, "std": 0.0, "repeat": 1, "number": 1}]}, "benchmarks.Hudson.time_large_sample_size": {"result": [73.47377778999999], "stats": [{"ci_99": [-Infinity, Infinity], "q_25": 73.47377778999999, "q_75": 73.47377778999999, "min": 73.47377778999999, "max": 73.47377778999999, "mean": 73.47377778999999, "std": 0.0, "repeat": 1, "number": 1}]}, "benchmarks.Hudson.time_long_sequence_length": {"result": [51.638411679], "stats": [{"ci_99": [-Infinity, Infinity], "q_25": 51.638411679, "q_75": 51.638411679, "min": 51.638411679, "max": 51.638411679, "mean": 51.638411679, "std": 0.0, "repeat": 1, "number": 1}]}, "benchmarks.Hudson.time_many_replicates": {"result": [28.124391377000393], "stats": [{"ci_99": [-Infinity, Infinity], "q_25": 28.124391377000393, "q_75": 28.124391377000393, "min": 28.124391377000393, "max": 28.124391377000393, "mean": 28.124391377000393, "std": 0.0, "repeat": 1, "number": 1}]}, "benchmarks.Hudson.peakmem_long_sequence_length_gene_conversion": 172396544, "benchmarks.Hudson.time_long_sequence_length_gene_conversion": {"result": [51.63471058399955], "stats": [{"ci_99": [-Infinity, Infinity], "q_25": 51.63471058399955, "q_75": 51.63471058399955, "min": 51.63471058399955, "max": 51.63471058399955, "mean": 51.63471058399955, "std": 0.0, "repeat": 1, "number": 1}]}}, "params": {"arch": "x86_64", "cpu": "Intel(R) Core(TM) i5-3317U CPU @ 1.70GHz", "machine": "poplar", "num_cpu": "4", "os": "Linux 3.13.0-24-generic", "ram": "3931396", "python": "3.8", "stdpopsim": ""}, "requirements": {"stdpopsim": ""}, "commit_hash": "15551e09c9c379eb992c0d3c60fd3c067beec546", "date": 1601455528000, "env_name": "virtualenv-py3.8-stdpopsim", "python": "3.8", "profiles": {}, "started_at": {"benchmarks.DTWF.peakmem_human_chr22": 1601459297854, "benchmarks.DTWF.peakmem_large_population_size": 1601459326663, "benchmarks.DTWF.peakmem_long_sequence_length": 1601459338089, "benchmarks.DTWF.peakmem_many_replicates": 1601459338792, "benchmarks.DTWF.time_human_chr22": 1601459386417, "benchmarks.DTWF.time_large_population_size": 1601459415379, "benchmarks.DTWF.time_long_sequence_length": 1601459426805, "benchmarks.DTWF.time_many_replicates": 1601459427509, "benchmarks.Hudson.peakmem_human_chr22": 1601459475033, "benchmarks.Hudson.peakmem_large_sample_size": 1601459528240, "benchmarks.Hudson.peakmem_long_sequence_length": 1601459603523, "benchmarks.Hudson.peakmem_many_replicates": 1601459653824, "benchmarks.Hudson.time_human_chr22": 1601459682619, "benchmarks.Hudson.time_large_sample_size": 1601459735325, "benchmarks.Hudson.time_long_sequence_length": 1601459809357, "benchmarks.Hudson.time_many_replicates": 1601459861560, "benchmarks.Hudson.peakmem_long_sequence_length_gene_conversion": 1601472976644, "benchmarks.Hudson.time_long_sequence_length_gene_conversion": 1601473027897}, "ended_at": {"benchmarks.DTWF.peakmem_human_chr22": 1601459326663, "benchmarks.DTWF.peakmem_large_population_size": 1601459338088, "benchmarks.DTWF.peakmem_long_sequence_length": 1601459338792, "benchmarks.DTWF.peakmem_many_replicates": 1601459386416, "benchmarks.DTWF.time_human_chr22": 1601459415379, "benchmarks.DTWF.time_large_population_size": 1601459426805, "benchmarks.DTWF.time_long_sequence_length": 1601459427509, "benchmarks.DTWF.time_many_replicates": 1601459475033, "benchmarks.Hudson.peakmem_human_chr22": 1601459528240, "benchmarks.Hudson.peakmem_large_sample_size": 1601459603522, "benchmarks.Hudson.peakmem_long_sequence_length": 1601459653824, "benchmarks.Hudson.peakmem_many_replicates": 1601459682618, "benchmarks.Hudson.time_human_chr22": 1601459735324, "benchmarks.Hudson.time_large_sample_size": 1601459809356, "benchmarks.Hudson.time_long_sequence_length": 1601459861560, "benchmarks.Hudson.time_many_replicates": 1601459890254, "benchmarks.Hudson.peakmem_long_sequence_length_gene_conversion": 1601473027896, "benchmarks.Hudson.time_long_sequence_length_gene_conversion": 1601473080099}, "benchmark_version": {"benchmarks.DTWF.peakmem_human_chr22": "f848688127844489b5870c5598d06fc61bdb8c1a31b2c71741fb842ce4869124", "benchmarks.DTWF.peakmem_large_population_size": "1c54016f27b74e5d827e0cf71dee2587b99237d50e0c3aa5bfb1e9a54bedf712", "benchmarks.DTWF.peakmem_long_sequence_length": "72b4498a433ac926a303683be39aa07c206b25c22caa613088af6cbe51544ce9", "benchmarks.DTWF.peakmem_many_replicates": "8d591fe1a84bfd039f312aef953605c494b28ed3e3b28bd41773b5a6bbab8e13", "benchmarks.DTWF.time_human_chr22": "d016729b716d45e5a6cc8608ae18480b4f3d6192cc29f39ad8e06222786408c6", "benchmarks.DTWF.time_large_population_size": "5393d907eb6d9700c18c23789395c3a6a8aecf236b49983e2d955dccc6f793a3", "benchmarks.DTWF.time_long_sequence_length": "89860f21a2ad81e267314c086383279e852e4560e27f425d127937bd62fb83f9", "benchmarks.DTWF.time_many_replicates": "8f8fa44794e1a510a8052653f41596e3e11adbcdc838d7ca59f99bdb491be41b", "benchmarks.Hudson.peakmem_human_chr22": "20ef616d263e941e12a3089b8e8dbfee94d982362fe475e40174ebc3506b102a", "benchmarks.Hudson.peakmem_large_sample_size": "0b75d04c5ff9994c35ae62a490034e021485c38567b2699884e524931587881a", "benchmarks.Hudson.peakmem_long_sequence_length": "edd9dee8418f69b81347803203f176ff269220225a8939dc1c4bc1ab32289f94", "benchmarks.Hudson.peakmem_many_replicates": "b93569a722fa5396ed6631750fbdd02c7b47148d63973610f802eb69db85679e", "benchmarks.Hudson.time_human_chr22": "e648432b5c065478e09802f16a5658d37b625c204e147517826817bd6b04acb1", "benchmarks.Hudson.time_large_sample_size": "7bc273fa1975809170f8f4dd7776de03dd9993132a83866c1c135afe37e4d541", "benchmarks.Hudson.time_long_sequence_length": "0b6c7c537bd986f4e9c36c5549b8e939955cbd49901f29827e3ce763790fb3b7", "benchmarks.Hudson.time_many_replicates": "c0f9f49074ade65f919a2db206a10f03ba6f5b53fa86dce2a6a32e96dd8a5067", "benchmarks.Hudson.peakmem_long_sequence_length_gene_conversion": "2236f20c5a4cc1e037abd099ce1f70d0dd2045a14914c96dcc48d0507f45e1da", "benchmarks.Hudson.time_long_sequence_length_gene_conversion": "19005a2b4b33b284a84cc0ad033e2d2c646f2d264fd59a5a55e3c2246a05851b"}, "version": 1}