{"results": {"benchmarks.DTWF.peakmem_human_chr22": 113299456, "benchmarks.DTWF.peakmem_large_population_size": 55345152, "benchmarks.DTWF.peakmem_long_sequence_length": 58744832, "benchmarks.DTWF.peakmem_many_replicates": 47308800, "benchmarks.DTWF.time_human_chr22": {"result": [37.38193172798492], "stats": [{"ci_99": [-Infinity, Infinity], "q_25": 37.38193172798492, "q_75": 37.38193172798492, "min": 37.38193172798492, "max": 37.38193172798492, "mean": 37.38193172798492, "std": 0.0, "repeat": 1, "number": 1}]}, "benchmarks.DTWF.time_large_population_size": {"result": [11.254284378985176], "stats": [{"ci_99": [-Infinity, Infinity], "q_25": 11.254284378985176, "q_75": 11.254284378985176, "min": 11.254284378985176, "max": 11.254284378985176, "mean": 11.254284378985176, "std": 0.0, "repeat": 1, "number": 1}]}, "benchmarks.DTWF.time_long_sequence_length": {"result": [12.155305029998999], "stats": [{"ci_99": [-Infinity, Infinity], "q_25": 12.155305029998999, "q_75": 12.155305029998999, "min": 12.155305029998999, "max": 12.155305029998999, "mean": 12.155305029998999, "std": 0.0, "repeat": 1, "number": 1}]}, "benchmarks.DTWF.time_many_replicates": {"result": [52.80908761799219], "stats": [{"ci_99": [-Infinity, Infinity], "q_25": 52.80908761799219, "q_75": 52.80908761799219, "min": 52.80908761799219, "max": 52.80908761799219, "mean": 52.80908761799219, "std": 0.0, "repeat": 1, "number": 1}]}, "benchmarks.Hudson.peakmem_human_chr22": 147431424, "benchmarks.Hudson.peakmem_large_sample_size": null, "benchmarks.Hudson.peakmem_long_sequence_length": 173187072, "benchmarks.Hudson.peakmem_long_sequence_length_gene_conversion": 175652864, "benchmarks.Hudson.peakmem_many_replicates": 47362048, "benchmarks.Hudson.time_human_chr22": {"result": [34.542001017020084], "stats": [{"ci_99": [-Infinity, Infinity], "q_25": 34.542001017020084, "q_75": 34.542001017020084, "min": 34.542001017020084, "max": 34.542001017020084, "mean": 34.542001017020084, "std": 0.0, "repeat": 1, "number": 1}]}, "benchmarks.Hudson.time_large_sample_size": null, "benchmarks.Hudson.time_long_sequence_length": {"result": [50.93996042298386], "stats": [{"ci_99": [-Infinity, Infinity], "q_25": 50.93996042298386, "q_75": 50.93996042298386, "min": 50.93996042298386, "max": 50.93996042298386, "mean": 50.93996042298386, "std": 0.0, "repeat": 1, "number": 1}]}, "benchmarks.Hudson.time_long_sequence_length_gene_conversion": {"result": [51.70617172998027], "stats": [{"ci_99": [-Infinity, Infinity], "q_25": 51.70617172998027, "q_75": 51.70617172998027, "min": 51.70617172998027, "max": 51.70617172998027, "mean": 51.70617172998027, "std": 0.0, "repeat": 1, "number": 1}]}, "benchmarks.Hudson.time_many_replicates": {"result": [33.69739567200304], "stats": [{"ci_99": [-Infinity, Infinity], "q_25": 33.69739567200304, "q_75": 33.69739567200304, "min": 33.69739567200304, "max": 33.69739567200304, "mean": 33.69739567200304, "std": 0.0, "repeat": 1, "number": 1}]}}, "params": {"arch": "x86_64", "cpu": "Intel(R) Core(TM) i5-3317U CPU @ 1.70GHz", "machine": "poplar", "num_cpu": "4", "os": "Linux 3.13.0-24-generic", "ram": "3931396", "python": "3.8", "stdpopsim": ""}, "requirements": {"stdpopsim": ""}, "commit_hash": "18051bf8451fe0210d61b397dcdea20de766b308", "date": 1598549020000, "env_name": "virtualenv-py3.8-stdpopsim", "python": "3.8", "profiles": {}, "started_at": {"benchmarks.DTWF.peakmem_human_chr22": 1602009364106, "benchmarks.DTWF.peakmem_large_population_size": 1602009401383, "benchmarks.DTWF.peakmem_long_sequence_length": 1602009412758, "benchmarks.DTWF.peakmem_many_replicates": 1602009425129, "benchmarks.DTWF.time_human_chr22": 1602009478408, "benchmarks.DTWF.time_large_population_size": 1602009515886, "benchmarks.DTWF.time_long_sequence_length": 1602009527259, "benchmarks.DTWF.time_many_replicates": 1602009539528, "benchmarks.Hudson.peakmem_human_chr22": 1602009592452, "benchmarks.Hudson.peakmem_large_sample_size": 1602009625915, "benchmarks.Hudson.peakmem_long_sequence_length": 1602009745999, "benchmarks.Hudson.peakmem_long_sequence_length_gene_conversion": 1602009796501, "benchmarks.Hudson.peakmem_many_replicates": 1602009848555, "benchmarks.Hudson.time_human_chr22": 1602009882456, "benchmarks.Hudson.time_large_sample_size": 1602009917127, "benchmarks.Hudson.time_long_sequence_length": 1602010037228, "benchmarks.Hudson.time_long_sequence_length_gene_conversion": 1602010088279, "benchmarks.Hudson.time_many_replicates": 1602010140081}, "ended_at": {"benchmarks.DTWF.peakmem_human_chr22": 1602009401383, "benchmarks.DTWF.peakmem_large_population_size": 1602009412758, "benchmarks.DTWF.peakmem_long_sequence_length": 1602009425129, "benchmarks.DTWF.peakmem_many_replicates": 1602009478408, "benchmarks.DTWF.time_human_chr22": 1602009515886, "benchmarks.DTWF.time_large_population_size": 1602009527259, "benchmarks.DTWF.time_long_sequence_length": 1602009539528, "benchmarks.DTWF.time_many_replicates": 1602009592452, "benchmarks.Hudson.peakmem_human_chr22": 1602009625915, "benchmarks.Hudson.peakmem_large_sample_size": 1602009745999, "benchmarks.Hudson.peakmem_long_sequence_length": 1602009796500, "benchmarks.Hudson.peakmem_long_sequence_length_gene_conversion": 1602009848555, "benchmarks.Hudson.peakmem_many_replicates": 1602009882456, "benchmarks.Hudson.time_human_chr22": 1602009917127, "benchmarks.Hudson.time_large_sample_size": 1602010037227, "benchmarks.Hudson.time_long_sequence_length": 1602010088278, "benchmarks.Hudson.time_long_sequence_length_gene_conversion": 1602010140081, "benchmarks.Hudson.time_many_replicates": 1602010173882}, "benchmark_version": {"benchmarks.DTWF.peakmem_human_chr22": "f848688127844489b5870c5598d06fc61bdb8c1a31b2c71741fb842ce4869124", "benchmarks.DTWF.peakmem_large_population_size": "1c54016f27b74e5d827e0cf71dee2587b99237d50e0c3aa5bfb1e9a54bedf712", "benchmarks.DTWF.peakmem_long_sequence_length": "72b4498a433ac926a303683be39aa07c206b25c22caa613088af6cbe51544ce9", "benchmarks.DTWF.peakmem_many_replicates": "8d591fe1a84bfd039f312aef953605c494b28ed3e3b28bd41773b5a6bbab8e13", "benchmarks.DTWF.time_human_chr22": "d016729b716d45e5a6cc8608ae18480b4f3d6192cc29f39ad8e06222786408c6", "benchmarks.DTWF.time_large_population_size": "5393d907eb6d9700c18c23789395c3a6a8aecf236b49983e2d955dccc6f793a3", "benchmarks.DTWF.time_long_sequence_length": "89860f21a2ad81e267314c086383279e852e4560e27f425d127937bd62fb83f9", "benchmarks.DTWF.time_many_replicates": "8f8fa44794e1a510a8052653f41596e3e11adbcdc838d7ca59f99bdb491be41b", "benchmarks.Hudson.peakmem_human_chr22": "20ef616d263e941e12a3089b8e8dbfee94d982362fe475e40174ebc3506b102a", "benchmarks.Hudson.peakmem_large_sample_size": "0b75d04c5ff9994c35ae62a490034e021485c38567b2699884e524931587881a", "benchmarks.Hudson.peakmem_long_sequence_length": "edd9dee8418f69b81347803203f176ff269220225a8939dc1c4bc1ab32289f94", "benchmarks.Hudson.peakmem_long_sequence_length_gene_conversion": "2236f20c5a4cc1e037abd099ce1f70d0dd2045a14914c96dcc48d0507f45e1da", "benchmarks.Hudson.peakmem_many_replicates": "b93569a722fa5396ed6631750fbdd02c7b47148d63973610f802eb69db85679e", "benchmarks.Hudson.time_human_chr22": "e648432b5c065478e09802f16a5658d37b625c204e147517826817bd6b04acb1", "benchmarks.Hudson.time_large_sample_size": "7bc273fa1975809170f8f4dd7776de03dd9993132a83866c1c135afe37e4d541", "benchmarks.Hudson.time_long_sequence_length": "0b6c7c537bd986f4e9c36c5549b8e939955cbd49901f29827e3ce763790fb3b7", "benchmarks.Hudson.time_long_sequence_length_gene_conversion": "19005a2b4b33b284a84cc0ad033e2d2c646f2d264fd59a5a55e3c2246a05851b", "benchmarks.Hudson.time_many_replicates": "c0f9f49074ade65f919a2db206a10f03ba6f5b53fa86dce2a6a32e96dd8a5067"}, "version": 1}