{"results": {"benchmarks.DTWF.peakmem_human_chr22": 111923200, "benchmarks.DTWF.peakmem_large_population_size": 57438208, "benchmarks.DTWF.peakmem_long_sequence_length": 49106944, "benchmarks.DTWF.peakmem_many_replicates": 48480256, "benchmarks.DTWF.time_human_chr22": {"result": [32.65888814999971], "stats": [{"ci_99": [-Infinity, Infinity], "q_25": 32.65888814999971, "q_75": 32.65888814999971, "min": 32.65888814999971, "max": 32.65888814999971, "mean": 32.65888814999971, "std": 0.0, "repeat": 1, "number": 1}]}, "benchmarks.DTWF.time_large_population_size": {"result": [11.654986308999923], "stats": [{"ci_99": [-Infinity, Infinity], "q_25": 11.654986308999923, "q_75": 11.654986308999923, "min": 11.654986308999923, "max": 11.654986308999923, "mean": 11.654986308999923, "std": 0.0, "repeat": 1, "number": 1}]}, "benchmarks.DTWF.time_long_sequence_length": {"result": [0.1187317300000359], "stats": [{"ci_99": [-Infinity, Infinity], "q_25": 0.1187317300000359, "q_75": 0.1187317300000359, "min": 0.1187317300000359, "max": 0.1187317300000359, "mean": 0.1187317300000359, "std": 0.0, "repeat": 1, "number": 1}]}, "benchmarks.DTWF.time_many_replicates": {"result": [48.3771865990002], "stats": [{"ci_99": [-Infinity, Infinity], "q_25": 48.3771865990002, "q_75": 48.3771865990002, "min": 48.3771865990002, "max": 48.3771865990002, "mean": 48.3771865990002, "std": 0.0, "repeat": 1, "number": 1}]}, "benchmarks.Hudson.peakmem_human_chr22": 150630400, "benchmarks.Hudson.peakmem_large_sample_size": 854507520, "benchmarks.Hudson.peakmem_long_sequence_length": 176242688, "benchmarks.Hudson.peakmem_many_replicates": 48300032, "benchmarks.Hudson.time_human_chr22": {"result": [53.7859103830001], "stats": [{"ci_99": [-Infinity, Infinity], "q_25": 53.7859103830001, "q_75": 53.7859103830001, "min": 53.7859103830001, "max": 53.7859103830001, "mean": 53.7859103830001, "std": 0.0, "repeat": 1, "number": 1}]}, "benchmarks.Hudson.time_large_sample_size": {"result": [69.79953080099995], "stats": [{"ci_99": [-Infinity, Infinity], "q_25": 69.79953080099995, "q_75": 69.79953080099995, "min": 69.79953080099995, "max": 69.79953080099995, "mean": 69.79953080099995, "std": 0.0, "repeat": 1, "number": 1}]}, "benchmarks.Hudson.time_long_sequence_length": {"result": [50.06833910500018], "stats": [{"ci_99": [-Infinity, Infinity], "q_25": 50.06833910500018, "q_75": 50.06833910500018, "min": 50.06833910500018, "max": 50.06833910500018, "mean": 50.06833910500018, "std": 0.0, "repeat": 1, "number": 1}]}, "benchmarks.Hudson.time_many_replicates": {"result": [28.841944386999785], "stats": [{"ci_99": [-Infinity, Infinity], "q_25": 28.841944386999785, "q_75": 28.841944386999785, "min": 28.841944386999785, "max": 28.841944386999785, "mean": 28.841944386999785, "std": 0.0, "repeat": 1, "number": 1}]}, "benchmarks.Hudson.peakmem_long_sequence_length_gene_conversion": 174080000, "benchmarks.Hudson.time_long_sequence_length_gene_conversion": {"result": [50.2647838569992], "stats": [{"ci_99": [-Infinity, Infinity], "q_25": 50.2647838569992, "q_75": 50.2647838569992, "min": 50.2647838569992, "max": 50.2647838569992, "mean": 50.2647838569992, "std": 0.0, "repeat": 1, "number": 1}]}}, "params": {"arch": "x86_64", "cpu": "Intel(R) Core(TM) i5-3317U CPU @ 1.70GHz", "machine": "poplar", "num_cpu": "4", "os": "Linux 3.13.0-24-generic", "ram": "3931396", "python": "3.8", "stdpopsim": ""}, "requirements": {"stdpopsim": ""}, "commit_hash": "19750266f8bd51fa4a4ac17e1cf891b6bcb654bc", "date": 1601450081000, "env_name": "virtualenv-py3.8-stdpopsim", "python": "3.8", "profiles": {}, "started_at": {"benchmarks.DTWF.peakmem_human_chr22": 1601459905112, "benchmarks.DTWF.peakmem_large_population_size": 1601459937528, "benchmarks.DTWF.peakmem_long_sequence_length": 1601459949756, "benchmarks.DTWF.peakmem_many_replicates": 1601459950459, "benchmarks.DTWF.time_human_chr22": 1601459999433, "benchmarks.DTWF.time_large_population_size": 1601460032701, "benchmarks.DTWF.time_long_sequence_length": 1601460044928, "benchmarks.DTWF.time_many_replicates": 1601460045632, "benchmarks.Hudson.peakmem_human_chr22": 1601460094606, "benchmarks.Hudson.peakmem_large_sample_size": 1601460149965, "benchmarks.Hudson.peakmem_long_sequence_length": 1601460221493, "benchmarks.Hudson.peakmem_many_replicates": 1601460271842, "benchmarks.Hudson.time_human_chr22": 1601460301287, "benchmarks.Hudson.time_large_sample_size": 1601460355645, "benchmarks.Hudson.time_long_sequence_length": 1601460426021, "benchmarks.Hudson.time_many_replicates": 1601460476672, "benchmarks.Hudson.peakmem_long_sequence_length_gene_conversion": 1601473095140, "benchmarks.Hudson.time_long_sequence_length_gene_conversion": 1601473147193}, "ended_at": {"benchmarks.DTWF.peakmem_human_chr22": 1601459937528, "benchmarks.DTWF.peakmem_large_population_size": 1601459949755, "benchmarks.DTWF.peakmem_long_sequence_length": 1601459950459, "benchmarks.DTWF.peakmem_many_replicates": 1601459999433, "benchmarks.DTWF.time_human_chr22": 1601460032700, "benchmarks.DTWF.time_large_population_size": 1601460044928, "benchmarks.DTWF.time_long_sequence_length": 1601460045632, "benchmarks.DTWF.time_many_replicates": 1601460094605, "benchmarks.Hudson.peakmem_human_chr22": 1601460149965, "benchmarks.Hudson.peakmem_large_sample_size": 1601460221493, "benchmarks.Hudson.peakmem_long_sequence_length": 1601460271842, "benchmarks.Hudson.peakmem_many_replicates": 1601460301287, "benchmarks.Hudson.time_human_chr22": 1601460355644, "benchmarks.Hudson.time_large_sample_size": 1601460426021, "benchmarks.Hudson.time_long_sequence_length": 1601460476671, "benchmarks.Hudson.time_many_replicates": 1601460506117, "benchmarks.Hudson.peakmem_long_sequence_length_gene_conversion": 1601473147193, "benchmarks.Hudson.time_long_sequence_length_gene_conversion": 1601473198044}, "benchmark_version": {"benchmarks.DTWF.peakmem_human_chr22": "f848688127844489b5870c5598d06fc61bdb8c1a31b2c71741fb842ce4869124", "benchmarks.DTWF.peakmem_large_population_size": "1c54016f27b74e5d827e0cf71dee2587b99237d50e0c3aa5bfb1e9a54bedf712", "benchmarks.DTWF.peakmem_long_sequence_length": "72b4498a433ac926a303683be39aa07c206b25c22caa613088af6cbe51544ce9", "benchmarks.DTWF.peakmem_many_replicates": "8d591fe1a84bfd039f312aef953605c494b28ed3e3b28bd41773b5a6bbab8e13", "benchmarks.DTWF.time_human_chr22": "d016729b716d45e5a6cc8608ae18480b4f3d6192cc29f39ad8e06222786408c6", "benchmarks.DTWF.time_large_population_size": "5393d907eb6d9700c18c23789395c3a6a8aecf236b49983e2d955dccc6f793a3", "benchmarks.DTWF.time_long_sequence_length": "89860f21a2ad81e267314c086383279e852e4560e27f425d127937bd62fb83f9", "benchmarks.DTWF.time_many_replicates": "8f8fa44794e1a510a8052653f41596e3e11adbcdc838d7ca59f99bdb491be41b", "benchmarks.Hudson.peakmem_human_chr22": "20ef616d263e941e12a3089b8e8dbfee94d982362fe475e40174ebc3506b102a", "benchmarks.Hudson.peakmem_large_sample_size": "0b75d04c5ff9994c35ae62a490034e021485c38567b2699884e524931587881a", "benchmarks.Hudson.peakmem_long_sequence_length": "edd9dee8418f69b81347803203f176ff269220225a8939dc1c4bc1ab32289f94", "benchmarks.Hudson.peakmem_many_replicates": "b93569a722fa5396ed6631750fbdd02c7b47148d63973610f802eb69db85679e", "benchmarks.Hudson.time_human_chr22": "e648432b5c065478e09802f16a5658d37b625c204e147517826817bd6b04acb1", "benchmarks.Hudson.time_large_sample_size": "7bc273fa1975809170f8f4dd7776de03dd9993132a83866c1c135afe37e4d541", "benchmarks.Hudson.time_long_sequence_length": "0b6c7c537bd986f4e9c36c5549b8e939955cbd49901f29827e3ce763790fb3b7", "benchmarks.Hudson.time_many_replicates": "c0f9f49074ade65f919a2db206a10f03ba6f5b53fa86dce2a6a32e96dd8a5067", "benchmarks.Hudson.peakmem_long_sequence_length_gene_conversion": "2236f20c5a4cc1e037abd099ce1f70d0dd2045a14914c96dcc48d0507f45e1da", "benchmarks.Hudson.time_long_sequence_length_gene_conversion": "19005a2b4b33b284a84cc0ad033e2d2c646f2d264fd59a5a55e3c2246a05851b"}, "version": 1}