{"results": {"benchmarks.DTWF.peakmem_human_chr22": 100601856, "benchmarks.DTWF.peakmem_large_population_size": null, "benchmarks.DTWF.peakmem_long_sequence_length": 55156736, "benchmarks.DTWF.peakmem_many_replicates": null, "benchmarks.DTWF.time_human_chr22": {"result": [95.14546764502302], "stats": [{"ci_99": [-Infinity, Infinity], "q_25": 95.14546764502302, "q_75": 95.14546764502302, "min": 95.14546764502302, "max": 95.14546764502302, "mean": 95.14546764502302, "std": 0.0, "repeat": 1, "number": 1}]}, "benchmarks.DTWF.time_large_population_size": null, "benchmarks.DTWF.time_long_sequence_length": {"result": [95.42733815300744], "stats": [{"ci_99": [-Infinity, Infinity], "q_25": 95.42733815300744, "q_75": 95.42733815300744, "min": 95.42733815300744, "max": 95.42733815300744, "mean": 95.42733815300744, "std": 0.0, "repeat": 1, "number": 1}]}, "benchmarks.DTWF.time_many_replicates": null, "benchmarks.Hudson.peakmem_human_chr22": 132509696, "benchmarks.Hudson.peakmem_large_sample_size": 793100288, "benchmarks.Hudson.peakmem_long_sequence_length": 163188736, "benchmarks.Hudson.peakmem_long_sequence_length_gene_conversion": 163188736, "benchmarks.Hudson.peakmem_many_replicates": 44023808, "benchmarks.Hudson.time_human_chr22": {"result": [57.18660430400632], "stats": [{"ci_99": [-Infinity, Infinity], "q_25": 57.18660430400632, "q_75": 57.18660430400632, "min": 57.18660430400632, "max": 57.18660430400632, "mean": 57.18660430400632, "std": 0.0, "repeat": 1, "number": 1}]}, "benchmarks.Hudson.time_large_sample_size": {"result": [53.577008785970975], "stats": [{"ci_99": [-Infinity, Infinity], "q_25": 53.577008785970975, "q_75": 53.577008785970975, "min": 53.577008785970975, "max": 53.577008785970975, "mean": 53.577008785970975, "std": 0.0, "repeat": 1, "number": 1}]}, "benchmarks.Hudson.time_long_sequence_length": {"result": [45.77397751400713], "stats": [{"ci_99": [-Infinity, Infinity], "q_25": 45.77397751400713, "q_75": 45.77397751400713, "min": 45.77397751400713, "max": 45.77397751400713, "mean": 45.77397751400713, "std": 0.0, "repeat": 1, "number": 1}]}, "benchmarks.Hudson.time_long_sequence_length_gene_conversion": {"result": [45.15608094900381], "stats": [{"ci_99": [-Infinity, Infinity], "q_25": 45.15608094900381, "q_75": 45.15608094900381, "min": 45.15608094900381, "max": 45.15608094900381, "mean": 45.15608094900381, "std": 0.0, "repeat": 1, "number": 1}]}, "benchmarks.Hudson.time_many_replicates": {"result": [30.18249672400998], "stats": [{"ci_99": [-Infinity, Infinity], "q_25": 30.18249672400998, "q_75": 30.18249672400998, "min": 30.18249672400998, "max": 30.18249672400998, "mean": 30.18249672400998, "std": 0.0, "repeat": 1, "number": 1}]}}, "params": {"arch": "x86_64", "cpu": "Intel(R) Core(TM) i5-3317U CPU @ 1.70GHz", "machine": "poplar", "num_cpu": "4", "os": "Linux 3.13.0-24-generic", "ram": "3931396", "python": "3.8", "stdpopsim": ""}, "requirements": {"stdpopsim": ""}, "commit_hash": "1a137eed91915160a87d270132dd0e26b64a1edb", "date": 1569484251000, "env_name": "virtualenv-py3.8-stdpopsim", "python": "3.8", "profiles": {}, "started_at": {"benchmarks.DTWF.peakmem_human_chr22": 1602170549408, "benchmarks.DTWF.peakmem_large_population_size": 1602170645602, "benchmarks.DTWF.peakmem_long_sequence_length": 1602170765671, "benchmarks.DTWF.peakmem_many_replicates": 1602170861362, "benchmarks.DTWF.time_human_chr22": 1602170981438, "benchmarks.DTWF.time_large_population_size": 1602171076680, "benchmarks.DTWF.time_long_sequence_length": 1602171196748, "benchmarks.DTWF.time_many_replicates": 1602171292289, "benchmarks.Hudson.peakmem_human_chr22": 1602171412365, "benchmarks.Hudson.peakmem_large_sample_size": 1602171469077, "benchmarks.Hudson.peakmem_long_sequence_length": 1602171527133, "benchmarks.Hudson.peakmem_long_sequence_length_gene_conversion": 1602171571022, "benchmarks.Hudson.peakmem_many_replicates": 1602171616514, "benchmarks.Hudson.time_human_chr22": 1602171646860, "benchmarks.Hudson.time_large_sample_size": 1602171704174, "benchmarks.Hudson.time_long_sequence_length": 1602171757876, "benchmarks.Hudson.time_long_sequence_length_gene_conversion": 1602171803768, "benchmarks.Hudson.time_many_replicates": 1602171849009}, "ended_at": {"benchmarks.DTWF.peakmem_human_chr22": 1602170645602, "benchmarks.DTWF.peakmem_large_population_size": 1602170765671, "benchmarks.DTWF.peakmem_long_sequence_length": 1602170861362, "benchmarks.DTWF.peakmem_many_replicates": 1602170981438, "benchmarks.DTWF.time_human_chr22": 1602171076679, "benchmarks.DTWF.time_large_population_size": 1602171196748, "benchmarks.DTWF.time_long_sequence_length": 1602171292289, "benchmarks.DTWF.time_many_replicates": 1602171412365, "benchmarks.Hudson.peakmem_human_chr22": 1602171469077, "benchmarks.Hudson.peakmem_large_sample_size": 1602171527133, "benchmarks.Hudson.peakmem_long_sequence_length": 1602171571022, "benchmarks.Hudson.peakmem_long_sequence_length_gene_conversion": 1602171616514, "benchmarks.Hudson.peakmem_many_replicates": 1602171646860, "benchmarks.Hudson.time_human_chr22": 1602171704174, "benchmarks.Hudson.time_large_sample_size": 1602171757876, "benchmarks.Hudson.time_long_sequence_length": 1602171803768, "benchmarks.Hudson.time_long_sequence_length_gene_conversion": 1602171849009, "benchmarks.Hudson.time_many_replicates": 1602171879305}, "benchmark_version": {"benchmarks.DTWF.peakmem_human_chr22": "f848688127844489b5870c5598d06fc61bdb8c1a31b2c71741fb842ce4869124", "benchmarks.DTWF.peakmem_large_population_size": "1c54016f27b74e5d827e0cf71dee2587b99237d50e0c3aa5bfb1e9a54bedf712", "benchmarks.DTWF.peakmem_long_sequence_length": "72b4498a433ac926a303683be39aa07c206b25c22caa613088af6cbe51544ce9", "benchmarks.DTWF.peakmem_many_replicates": "8d591fe1a84bfd039f312aef953605c494b28ed3e3b28bd41773b5a6bbab8e13", "benchmarks.DTWF.time_human_chr22": "d016729b716d45e5a6cc8608ae18480b4f3d6192cc29f39ad8e06222786408c6", "benchmarks.DTWF.time_large_population_size": "5393d907eb6d9700c18c23789395c3a6a8aecf236b49983e2d955dccc6f793a3", "benchmarks.DTWF.time_long_sequence_length": "89860f21a2ad81e267314c086383279e852e4560e27f425d127937bd62fb83f9", "benchmarks.DTWF.time_many_replicates": "8f8fa44794e1a510a8052653f41596e3e11adbcdc838d7ca59f99bdb491be41b", "benchmarks.Hudson.peakmem_human_chr22": "20ef616d263e941e12a3089b8e8dbfee94d982362fe475e40174ebc3506b102a", "benchmarks.Hudson.peakmem_large_sample_size": "0b75d04c5ff9994c35ae62a490034e021485c38567b2699884e524931587881a", "benchmarks.Hudson.peakmem_long_sequence_length": "edd9dee8418f69b81347803203f176ff269220225a8939dc1c4bc1ab32289f94", "benchmarks.Hudson.peakmem_long_sequence_length_gene_conversion": "2236f20c5a4cc1e037abd099ce1f70d0dd2045a14914c96dcc48d0507f45e1da", "benchmarks.Hudson.peakmem_many_replicates": "b93569a722fa5396ed6631750fbdd02c7b47148d63973610f802eb69db85679e", "benchmarks.Hudson.time_human_chr22": "e648432b5c065478e09802f16a5658d37b625c204e147517826817bd6b04acb1", "benchmarks.Hudson.time_large_sample_size": "7bc273fa1975809170f8f4dd7776de03dd9993132a83866c1c135afe37e4d541", "benchmarks.Hudson.time_long_sequence_length": "0b6c7c537bd986f4e9c36c5549b8e939955cbd49901f29827e3ce763790fb3b7", "benchmarks.Hudson.time_long_sequence_length_gene_conversion": "19005a2b4b33b284a84cc0ad033e2d2c646f2d264fd59a5a55e3c2246a05851b", "benchmarks.Hudson.time_many_replicates": "c0f9f49074ade65f919a2db206a10f03ba6f5b53fa86dce2a6a32e96dd8a5067"}, "version": 1}