{"results": {"benchmarks.DTWF.peakmem_human_chr22": 108646400, "benchmarks.DTWF.peakmem_large_population_size": 53268480, "benchmarks.DTWF.peakmem_long_sequence_length": 59101184, "benchmarks.DTWF.peakmem_many_replicates": 48619520, "benchmarks.DTWF.time_human_chr22": {"result": [29.233207997000136], "stats": [{"ci_99": [-Infinity, Infinity], "q_25": 29.233207997000136, "q_75": 29.233207997000136, "min": 29.233207997000136, "max": 29.233207997000136, "mean": 29.233207997000136, "std": 0.0, "repeat": 1, "number": 1}]}, "benchmarks.DTWF.time_large_population_size": {"result": [11.640994383997167], "stats": [{"ci_99": [-Infinity, Infinity], "q_25": 11.640994383997167, "q_75": 11.640994383997167, "min": 11.640994383997167, "max": 11.640994383997167, "mean": 11.640994383997167, "std": 0.0, "repeat": 1, "number": 1}]}, "benchmarks.DTWF.time_long_sequence_length": {"result": [12.236481719002768], "stats": [{"ci_99": [-Infinity, Infinity], "q_25": 12.236481719002768, "q_75": 12.236481719002768, "min": 12.236481719002768, "max": 12.236481719002768, "mean": 12.236481719002768, "std": 0.0, "repeat": 1, "number": 1}]}, "benchmarks.DTWF.time_many_replicates": {"result": [47.940750606998336], "stats": [{"ci_99": [-Infinity, Infinity], "q_25": 47.940750606998336, "q_75": 47.940750606998336, "min": 47.940750606998336, "max": 47.940750606998336, "mean": 47.940750606998336, "std": 0.0, "repeat": 1, "number": 1}]}, "benchmarks.Hudson.peakmem_human_chr22": 148021248, "benchmarks.Hudson.peakmem_large_sample_size": 851783680, "benchmarks.Hudson.peakmem_long_sequence_length": 171708416, "benchmarks.Hudson.peakmem_long_sequence_length_gene_conversion": 173629440, "benchmarks.Hudson.peakmem_many_replicates": 48812032, "benchmarks.Hudson.time_human_chr22": {"result": [54.71798912700615], "stats": [{"ci_99": [-Infinity, Infinity], "q_25": 54.71798912700615, "q_75": 54.71798912700615, "min": 54.71798912700615, "max": 54.71798912700615, "mean": 54.71798912700615, "std": 0.0, "repeat": 1, "number": 1}]}, "benchmarks.Hudson.time_large_sample_size": {"result": [70.18711932499718], "stats": [{"ci_99": [-Infinity, Infinity], "q_25": 70.18711932499718, "q_75": 70.18711932499718, "min": 70.18711932499718, "max": 70.18711932499718, "mean": 70.18711932499718, "std": 0.0, "repeat": 1, "number": 1}]}, "benchmarks.Hudson.time_long_sequence_length": {"result": [48.44248970899935], "stats": [{"ci_99": [-Infinity, Infinity], "q_25": 48.44248970899935, "q_75": 48.44248970899935, "min": 48.44248970899935, "max": 48.44248970899935, "mean": 48.44248970899935, "std": 0.0, "repeat": 1, "number": 1}]}, "benchmarks.Hudson.time_long_sequence_length_gene_conversion": {"result": [49.63860463499441], "stats": [{"ci_99": [-Infinity, Infinity], "q_25": 49.63860463499441, "q_75": 49.63860463499441, "min": 49.63860463499441, "max": 49.63860463499441, "mean": 49.63860463499441, "std": 0.0, "repeat": 1, "number": 1}]}, "benchmarks.Hudson.time_many_replicates": {"result": [28.44542810999701], "stats": [{"ci_99": [-Infinity, Infinity], "q_25": 28.44542810999701, "q_75": 28.44542810999701, "min": 28.44542810999701, "max": 28.44542810999701, "mean": 28.44542810999701, "std": 0.0, "repeat": 1, "number": 1}]}}, "params": {"arch": "x86_64", "cpu": "Intel(R) Core(TM) i5-3317U CPU @ 1.70GHz", "machine": "poplar", "num_cpu": "4", "os": "Linux 3.13.0-24-generic", "ram": "3931396", "python": "3.8", "stdpopsim": ""}, "requirements": {"stdpopsim": ""}, "commit_hash": "1ee8d287b15857ac8638c369b99d06bba77e235a", "date": 1600689294000, "env_name": "virtualenv-py3.8-stdpopsim", "python": "3.8", "profiles": {}, "started_at": {"benchmarks.DTWF.peakmem_human_chr22": 1601896393110, "benchmarks.DTWF.peakmem_large_population_size": 1601896421771, "benchmarks.DTWF.peakmem_long_sequence_length": 1601896433548, "benchmarks.DTWF.peakmem_many_replicates": 1601896445968, "benchmarks.DTWF.time_human_chr22": 1601896494141, "benchmarks.DTWF.time_large_population_size": 1601896523502, "benchmarks.DTWF.time_long_sequence_length": 1601896535279, "benchmarks.DTWF.time_many_replicates": 1601896547649, "benchmarks.Hudson.peakmem_human_chr22": 1601896595722, "benchmarks.Hudson.peakmem_large_sample_size": 1601896650231, "benchmarks.Hudson.peakmem_long_sequence_length": 1601896719752, "benchmarks.Hudson.peakmem_long_sequence_length_gene_conversion": 1601896768800, "benchmarks.Hudson.peakmem_many_replicates": 1601896819551, "benchmarks.Hudson.time_human_chr22": 1601896848095, "benchmarks.Hudson.time_large_sample_size": 1601896902904, "benchmarks.Hudson.time_long_sequence_length": 1601896973227, "benchmarks.Hudson.time_long_sequence_length_gene_conversion": 1601897021774, "benchmarks.Hudson.time_many_replicates": 1601897071522}, "ended_at": {"benchmarks.DTWF.peakmem_human_chr22": 1601896421771, "benchmarks.DTWF.peakmem_large_population_size": 1601896433547, "benchmarks.DTWF.peakmem_long_sequence_length": 1601896445968, "benchmarks.DTWF.peakmem_many_replicates": 1601896494141, "benchmarks.DTWF.time_human_chr22": 1601896523502, "benchmarks.DTWF.time_large_population_size": 1601896535278, "benchmarks.DTWF.time_long_sequence_length": 1601896547649, "benchmarks.DTWF.time_many_replicates": 1601896595721, "benchmarks.Hudson.peakmem_human_chr22": 1601896650230, "benchmarks.Hudson.peakmem_large_sample_size": 1601896719752, "benchmarks.Hudson.peakmem_long_sequence_length": 1601896768800, "benchmarks.Hudson.peakmem_long_sequence_length_gene_conversion": 1601896819551, "benchmarks.Hudson.peakmem_many_replicates": 1601896848095, "benchmarks.Hudson.time_human_chr22": 1601896902904, "benchmarks.Hudson.time_large_sample_size": 1601896973227, "benchmarks.Hudson.time_long_sequence_length": 1601897021774, "benchmarks.Hudson.time_long_sequence_length_gene_conversion": 1601897071522, "benchmarks.Hudson.time_many_replicates": 1601897100066}, "benchmark_version": {"benchmarks.DTWF.peakmem_human_chr22": "f848688127844489b5870c5598d06fc61bdb8c1a31b2c71741fb842ce4869124", "benchmarks.DTWF.peakmem_large_population_size": "1c54016f27b74e5d827e0cf71dee2587b99237d50e0c3aa5bfb1e9a54bedf712", "benchmarks.DTWF.peakmem_long_sequence_length": "72b4498a433ac926a303683be39aa07c206b25c22caa613088af6cbe51544ce9", "benchmarks.DTWF.peakmem_many_replicates": "8d591fe1a84bfd039f312aef953605c494b28ed3e3b28bd41773b5a6bbab8e13", "benchmarks.DTWF.time_human_chr22": "d016729b716d45e5a6cc8608ae18480b4f3d6192cc29f39ad8e06222786408c6", "benchmarks.DTWF.time_large_population_size": "5393d907eb6d9700c18c23789395c3a6a8aecf236b49983e2d955dccc6f793a3", "benchmarks.DTWF.time_long_sequence_length": "89860f21a2ad81e267314c086383279e852e4560e27f425d127937bd62fb83f9", "benchmarks.DTWF.time_many_replicates": "8f8fa44794e1a510a8052653f41596e3e11adbcdc838d7ca59f99bdb491be41b", "benchmarks.Hudson.peakmem_human_chr22": "20ef616d263e941e12a3089b8e8dbfee94d982362fe475e40174ebc3506b102a", "benchmarks.Hudson.peakmem_large_sample_size": "0b75d04c5ff9994c35ae62a490034e021485c38567b2699884e524931587881a", "benchmarks.Hudson.peakmem_long_sequence_length": "edd9dee8418f69b81347803203f176ff269220225a8939dc1c4bc1ab32289f94", "benchmarks.Hudson.peakmem_long_sequence_length_gene_conversion": "2236f20c5a4cc1e037abd099ce1f70d0dd2045a14914c96dcc48d0507f45e1da", "benchmarks.Hudson.peakmem_many_replicates": "b93569a722fa5396ed6631750fbdd02c7b47148d63973610f802eb69db85679e", "benchmarks.Hudson.time_human_chr22": "e648432b5c065478e09802f16a5658d37b625c204e147517826817bd6b04acb1", "benchmarks.Hudson.time_large_sample_size": "7bc273fa1975809170f8f4dd7776de03dd9993132a83866c1c135afe37e4d541", "benchmarks.Hudson.time_long_sequence_length": "0b6c7c537bd986f4e9c36c5549b8e939955cbd49901f29827e3ce763790fb3b7", "benchmarks.Hudson.time_long_sequence_length_gene_conversion": "19005a2b4b33b284a84cc0ad033e2d2c646f2d264fd59a5a55e3c2246a05851b", "benchmarks.Hudson.time_many_replicates": "c0f9f49074ade65f919a2db206a10f03ba6f5b53fa86dce2a6a32e96dd8a5067"}, "version": 1}