{"results": {"benchmarks.DTWF.peakmem_human_chr22": 99127296, "benchmarks.DTWF.peakmem_large_population_size": null, "benchmarks.DTWF.peakmem_long_sequence_length": 53633024, "benchmarks.DTWF.peakmem_many_replicates": null, "benchmarks.DTWF.time_human_chr22": {"result": [96.13148960098624], "stats": [{"ci_99": [-Infinity, Infinity], "q_25": 96.13148960098624, "q_75": 96.13148960098624, "min": 96.13148960098624, "max": 96.13148960098624, "mean": 96.13148960098624, "std": 0.0, "repeat": 1, "number": 1}]}, "benchmarks.DTWF.time_large_population_size": null, "benchmarks.DTWF.time_long_sequence_length": {"result": [95.31371507002041], "stats": [{"ci_99": [-Infinity, Infinity], "q_25": 95.31371507002041, "q_75": 95.31371507002041, "min": 95.31371507002041, "max": 95.31371507002041, "mean": 95.31371507002041, "std": 0.0, "repeat": 1, "number": 1}]}, "benchmarks.DTWF.time_many_replicates": null, "benchmarks.Hudson.peakmem_human_chr22": 134193152, "benchmarks.Hudson.peakmem_large_sample_size": 793108480, "benchmarks.Hudson.peakmem_long_sequence_length": 162045952, "benchmarks.Hudson.peakmem_long_sequence_length_gene_conversion": 162045952, "benchmarks.Hudson.peakmem_many_replicates": 42123264, "benchmarks.Hudson.time_human_chr22": {"result": [56.35820190096274], "stats": [{"ci_99": [-Infinity, Infinity], "q_25": 56.35820190096274, "q_75": 56.35820190096274, "min": 56.35820190096274, "max": 56.35820190096274, "mean": 56.35820190096274, "std": 0.0, "repeat": 1, "number": 1}]}, "benchmarks.Hudson.time_large_sample_size": {"result": [58.043300203979015], "stats": [{"ci_99": [-Infinity, Infinity], "q_25": 58.043300203979015, "q_75": 58.043300203979015, "min": 58.043300203979015, "max": 58.043300203979015, "mean": 58.043300203979015, "std": 0.0, "repeat": 1, "number": 1}]}, "benchmarks.Hudson.time_long_sequence_length": {"result": [44.741056644998025], "stats": [{"ci_99": [-Infinity, Infinity], "q_25": 44.741056644998025, "q_75": 44.741056644998025, "min": 44.741056644998025, "max": 44.741056644998025, "mean": 44.741056644998025, "std": 0.0, "repeat": 1, "number": 1}]}, "benchmarks.Hudson.time_long_sequence_length_gene_conversion": {"result": [48.67414361995179], "stats": [{"ci_99": [-Infinity, Infinity], "q_25": 48.67414361995179, "q_75": 48.67414361995179, "min": 48.67414361995179, "max": 48.67414361995179, "mean": 48.67414361995179, "std": 0.0, "repeat": 1, "number": 1}]}, "benchmarks.Hudson.time_many_replicates": {"result": [30.822910749004222], "stats": [{"ci_99": [-Infinity, Infinity], "q_25": 30.822910749004222, "q_75": 30.822910749004222, "min": 30.822910749004222, "max": 30.822910749004222, "mean": 30.822910749004222, "std": 0.0, "repeat": 1, "number": 1}]}}, "params": {"arch": "x86_64", "cpu": "Intel(R) Core(TM) i5-3317U CPU @ 1.70GHz", "machine": "poplar", "num_cpu": "4", "os": "Linux 3.13.0-24-generic", "ram": "3931396", "python": "3.8", "stdpopsim": ""}, "requirements": {"stdpopsim": ""}, "commit_hash": "1f940bf98e3d7731c4767a119fe0e11742591a7c", "date": 1562053137000, "env_name": "virtualenv-py3.8-stdpopsim", "python": "3.8", "profiles": {}, "started_at": {"benchmarks.DTWF.peakmem_human_chr22": 1602193507147, "benchmarks.DTWF.peakmem_large_population_size": 1602193603990, "benchmarks.DTWF.peakmem_long_sequence_length": 1602193724053, "benchmarks.DTWF.peakmem_many_replicates": 1602193819543, "benchmarks.DTWF.time_human_chr22": 1602193939620, "benchmarks.DTWF.time_large_population_size": 1602194035863, "benchmarks.DTWF.time_long_sequence_length": 1602194155926, "benchmarks.DTWF.time_many_replicates": 1602194251366, "benchmarks.Hudson.peakmem_human_chr22": 1602194371443, "benchmarks.Hudson.peakmem_large_sample_size": 1602194427904, "benchmarks.Hudson.peakmem_long_sequence_length": 1602194485560, "benchmarks.Hudson.peakmem_long_sequence_length_gene_conversion": 1602194530350, "benchmarks.Hudson.peakmem_many_replicates": 1602194578695, "benchmarks.Hudson.time_human_chr22": 1602194609392, "benchmarks.Hudson.time_large_sample_size": 1602194665852, "benchmarks.Hudson.time_long_sequence_length": 1602194724009, "benchmarks.Hudson.time_long_sequence_length_gene_conversion": 1602194768848, "benchmarks.Hudson.time_many_replicates": 1602194817646}, "ended_at": {"benchmarks.DTWF.peakmem_human_chr22": 1602193603990, "benchmarks.DTWF.peakmem_large_population_size": 1602193724052, "benchmarks.DTWF.peakmem_long_sequence_length": 1602193819543, "benchmarks.DTWF.peakmem_many_replicates": 1602193939620, "benchmarks.DTWF.time_human_chr22": 1602194035862, "benchmarks.DTWF.time_large_population_size": 1602194155925, "benchmarks.DTWF.time_long_sequence_length": 1602194251366, "benchmarks.DTWF.time_many_replicates": 1602194371443, "benchmarks.Hudson.peakmem_human_chr22": 1602194427904, "benchmarks.Hudson.peakmem_large_sample_size": 1602194485559, "benchmarks.Hudson.peakmem_long_sequence_length": 1602194530349, "benchmarks.Hudson.peakmem_long_sequence_length_gene_conversion": 1602194578695, "benchmarks.Hudson.peakmem_many_replicates": 1602194609392, "benchmarks.Hudson.time_human_chr22": 1602194665852, "benchmarks.Hudson.time_large_sample_size": 1602194724008, "benchmarks.Hudson.time_long_sequence_length": 1602194768848, "benchmarks.Hudson.time_long_sequence_length_gene_conversion": 1602194817646, "benchmarks.Hudson.time_many_replicates": 1602194848593}, "benchmark_version": {"benchmarks.DTWF.peakmem_human_chr22": "f848688127844489b5870c5598d06fc61bdb8c1a31b2c71741fb842ce4869124", "benchmarks.DTWF.peakmem_large_population_size": "1c54016f27b74e5d827e0cf71dee2587b99237d50e0c3aa5bfb1e9a54bedf712", "benchmarks.DTWF.peakmem_long_sequence_length": "72b4498a433ac926a303683be39aa07c206b25c22caa613088af6cbe51544ce9", "benchmarks.DTWF.peakmem_many_replicates": "8d591fe1a84bfd039f312aef953605c494b28ed3e3b28bd41773b5a6bbab8e13", "benchmarks.DTWF.time_human_chr22": "d016729b716d45e5a6cc8608ae18480b4f3d6192cc29f39ad8e06222786408c6", "benchmarks.DTWF.time_large_population_size": "5393d907eb6d9700c18c23789395c3a6a8aecf236b49983e2d955dccc6f793a3", "benchmarks.DTWF.time_long_sequence_length": "89860f21a2ad81e267314c086383279e852e4560e27f425d127937bd62fb83f9", "benchmarks.DTWF.time_many_replicates": "8f8fa44794e1a510a8052653f41596e3e11adbcdc838d7ca59f99bdb491be41b", "benchmarks.Hudson.peakmem_human_chr22": "20ef616d263e941e12a3089b8e8dbfee94d982362fe475e40174ebc3506b102a", "benchmarks.Hudson.peakmem_large_sample_size": "0b75d04c5ff9994c35ae62a490034e021485c38567b2699884e524931587881a", "benchmarks.Hudson.peakmem_long_sequence_length": "edd9dee8418f69b81347803203f176ff269220225a8939dc1c4bc1ab32289f94", "benchmarks.Hudson.peakmem_long_sequence_length_gene_conversion": "2236f20c5a4cc1e037abd099ce1f70d0dd2045a14914c96dcc48d0507f45e1da", "benchmarks.Hudson.peakmem_many_replicates": "b93569a722fa5396ed6631750fbdd02c7b47148d63973610f802eb69db85679e", "benchmarks.Hudson.time_human_chr22": "e648432b5c065478e09802f16a5658d37b625c204e147517826817bd6b04acb1", "benchmarks.Hudson.time_large_sample_size": "7bc273fa1975809170f8f4dd7776de03dd9993132a83866c1c135afe37e4d541", "benchmarks.Hudson.time_long_sequence_length": "0b6c7c537bd986f4e9c36c5549b8e939955cbd49901f29827e3ce763790fb3b7", "benchmarks.Hudson.time_long_sequence_length_gene_conversion": "19005a2b4b33b284a84cc0ad033e2d2c646f2d264fd59a5a55e3c2246a05851b", "benchmarks.Hudson.time_many_replicates": "c0f9f49074ade65f919a2db206a10f03ba6f5b53fa86dce2a6a32e96dd8a5067"}, "version": 1}