{"results": {"benchmarks.DTWF.peakmem_human_chr22": 109477888, "benchmarks.DTWF.peakmem_large_population_size": 53383168, "benchmarks.DTWF.peakmem_long_sequence_length": 55558144, "benchmarks.DTWF.peakmem_many_replicates": 44916736, "benchmarks.DTWF.time_human_chr22": {"result": [39.681695100996876], "stats": [{"ci_99": [-Infinity, Infinity], "q_25": 39.681695100996876, "q_75": 39.681695100996876, "min": 39.681695100996876, "max": 39.681695100996876, "mean": 39.681695100996876, "std": 0.0, "repeat": 1, "number": 1}]}, "benchmarks.DTWF.time_large_population_size": {"result": [10.883088030997897], "stats": [{"ci_99": [-Infinity, Infinity], "q_25": 10.883088030997897, "q_75": 10.883088030997897, "min": 10.883088030997897, "max": 10.883088030997897, "mean": 10.883088030997897, "std": 0.0, "repeat": 1, "number": 1}]}, "benchmarks.DTWF.time_long_sequence_length": {"result": [12.570274602010613], "stats": [{"ci_99": [-Infinity, Infinity], "q_25": 12.570274602010613, "q_75": 12.570274602010613, "min": 12.570274602010613, "max": 12.570274602010613, "mean": 12.570274602010613, "std": 0.0, "repeat": 1, "number": 1}]}, "benchmarks.DTWF.time_many_replicates": {"result": [50.53634178600623], "stats": [{"ci_99": [-Infinity, Infinity], "q_25": 50.53634178600623, "q_75": 50.53634178600623, "min": 50.53634178600623, "max": 50.53634178600623, "mean": 50.53634178600623, "std": 0.0, "repeat": 1, "number": 1}]}, "benchmarks.Hudson.peakmem_human_chr22": 142970880, "benchmarks.Hudson.peakmem_large_sample_size": 836026368, "benchmarks.Hudson.peakmem_long_sequence_length": 167657472, "benchmarks.Hudson.peakmem_long_sequence_length_gene_conversion": 169115648, "benchmarks.Hudson.peakmem_many_replicates": 45232128, "benchmarks.Hudson.time_human_chr22": {"result": [32.520725284004584], "stats": [{"ci_99": [-Infinity, Infinity], "q_25": 32.520725284004584, "q_75": 32.520725284004584, "min": 32.520725284004584, "max": 32.520725284004584, "mean": 32.520725284004584, "std": 0.0, "repeat": 1, "number": 1}]}, "benchmarks.Hudson.time_large_sample_size": {"result": [54.62075123999966], "stats": [{"ci_99": [-Infinity, Infinity], "q_25": 54.62075123999966, "q_75": 54.62075123999966, "min": 54.62075123999966, "max": 54.62075123999966, "mean": 54.62075123999966, "std": 0.0, "repeat": 1, "number": 1}]}, "benchmarks.Hudson.time_long_sequence_length": {"result": [49.03857290302403], "stats": [{"ci_99": [-Infinity, Infinity], "q_25": 49.03857290302403, "q_75": 49.03857290302403, "min": 49.03857290302403, "max": 49.03857290302403, "mean": 49.03857290302403, "std": 0.0, "repeat": 1, "number": 1}]}, "benchmarks.Hudson.time_long_sequence_length_gene_conversion": {"result": [50.575790636998136], "stats": [{"ci_99": [-Infinity, Infinity], "q_25": 50.575790636998136, "q_75": 50.575790636998136, "min": 50.575790636998136, "max": 50.575790636998136, "mean": 50.575790636998136, "std": 0.0, "repeat": 1, "number": 1}]}, "benchmarks.Hudson.time_many_replicates": {"result": [31.482310723979026], "stats": [{"ci_99": [-Infinity, Infinity], "q_25": 31.482310723979026, "q_75": 31.482310723979026, "min": 31.482310723979026, "max": 31.482310723979026, "mean": 31.482310723979026, "std": 0.0, "repeat": 1, "number": 1}]}}, "params": {"arch": "x86_64", "cpu": "Intel(R) Core(TM) i5-3317U CPU @ 1.70GHz", "machine": "poplar", "num_cpu": "4", "os": "Linux 3.13.0-24-generic", "ram": "3931396", "python": "3.8", "stdpopsim": ""}, "requirements": {"stdpopsim": ""}, "commit_hash": "21650be2dc2345e5b51d3d4c3ecb2551b1ec2dcf", "date": 1587989902000, "env_name": "virtualenv-py3.8-stdpopsim", "python": "3.8", "profiles": {}, "started_at": {"benchmarks.DTWF.peakmem_human_chr22": 1602075407124, "benchmarks.DTWF.peakmem_large_population_size": 1602075447358, "benchmarks.DTWF.peakmem_long_sequence_length": 1602075458383, "benchmarks.DTWF.peakmem_many_replicates": 1602075471004, "benchmarks.DTWF.time_human_chr22": 1602075521780, "benchmarks.DTWF.time_large_population_size": 1602075561563, "benchmarks.DTWF.time_long_sequence_length": 1602075572538, "benchmarks.DTWF.time_many_replicates": 1602075585209, "benchmarks.Hudson.peakmem_human_chr22": 1602075635835, "benchmarks.Hudson.peakmem_large_sample_size": 1602075668602, "benchmarks.Hudson.peakmem_long_sequence_length": 1602075724100, "benchmarks.Hudson.peakmem_long_sequence_length_gene_conversion": 1602075772943, "benchmarks.Hudson.peakmem_many_replicates": 1602075823245, "benchmarks.Hudson.time_human_chr22": 1602075854793, "benchmarks.Hudson.time_large_sample_size": 1602075887409, "benchmarks.Hudson.time_long_sequence_length": 1602075942162, "benchmarks.Hudson.time_long_sequence_length_gene_conversion": 1602075991311, "benchmarks.Hudson.time_many_replicates": 1602076042014}, "ended_at": {"benchmarks.DTWF.peakmem_human_chr22": 1602075447358, "benchmarks.DTWF.peakmem_large_population_size": 1602075458383, "benchmarks.DTWF.peakmem_long_sequence_length": 1602075471004, "benchmarks.DTWF.peakmem_many_replicates": 1602075521780, "benchmarks.DTWF.time_human_chr22": 1602075561563, "benchmarks.DTWF.time_large_population_size": 1602075572538, "benchmarks.DTWF.time_long_sequence_length": 1602075585209, "benchmarks.DTWF.time_many_replicates": 1602075635835, "benchmarks.Hudson.peakmem_human_chr22": 1602075668602, "benchmarks.Hudson.peakmem_large_sample_size": 1602075724099, "benchmarks.Hudson.peakmem_long_sequence_length": 1602075772943, "benchmarks.Hudson.peakmem_long_sequence_length_gene_conversion": 1602075823244, "benchmarks.Hudson.peakmem_many_replicates": 1602075854793, "benchmarks.Hudson.time_human_chr22": 1602075887409, "benchmarks.Hudson.time_large_sample_size": 1602075942162, "benchmarks.Hudson.time_long_sequence_length": 1602075991311, "benchmarks.Hudson.time_long_sequence_length_gene_conversion": 1602076042014, "benchmarks.Hudson.time_many_replicates": 1602076073612}, "benchmark_version": {"benchmarks.DTWF.peakmem_human_chr22": "f848688127844489b5870c5598d06fc61bdb8c1a31b2c71741fb842ce4869124", "benchmarks.DTWF.peakmem_large_population_size": "1c54016f27b74e5d827e0cf71dee2587b99237d50e0c3aa5bfb1e9a54bedf712", "benchmarks.DTWF.peakmem_long_sequence_length": "72b4498a433ac926a303683be39aa07c206b25c22caa613088af6cbe51544ce9", "benchmarks.DTWF.peakmem_many_replicates": "8d591fe1a84bfd039f312aef953605c494b28ed3e3b28bd41773b5a6bbab8e13", "benchmarks.DTWF.time_human_chr22": "d016729b716d45e5a6cc8608ae18480b4f3d6192cc29f39ad8e06222786408c6", "benchmarks.DTWF.time_large_population_size": "5393d907eb6d9700c18c23789395c3a6a8aecf236b49983e2d955dccc6f793a3", "benchmarks.DTWF.time_long_sequence_length": "89860f21a2ad81e267314c086383279e852e4560e27f425d127937bd62fb83f9", "benchmarks.DTWF.time_many_replicates": "8f8fa44794e1a510a8052653f41596e3e11adbcdc838d7ca59f99bdb491be41b", "benchmarks.Hudson.peakmem_human_chr22": "20ef616d263e941e12a3089b8e8dbfee94d982362fe475e40174ebc3506b102a", "benchmarks.Hudson.peakmem_large_sample_size": "0b75d04c5ff9994c35ae62a490034e021485c38567b2699884e524931587881a", "benchmarks.Hudson.peakmem_long_sequence_length": "edd9dee8418f69b81347803203f176ff269220225a8939dc1c4bc1ab32289f94", "benchmarks.Hudson.peakmem_long_sequence_length_gene_conversion": "2236f20c5a4cc1e037abd099ce1f70d0dd2045a14914c96dcc48d0507f45e1da", "benchmarks.Hudson.peakmem_many_replicates": "b93569a722fa5396ed6631750fbdd02c7b47148d63973610f802eb69db85679e", "benchmarks.Hudson.time_human_chr22": "e648432b5c065478e09802f16a5658d37b625c204e147517826817bd6b04acb1", "benchmarks.Hudson.time_large_sample_size": "7bc273fa1975809170f8f4dd7776de03dd9993132a83866c1c135afe37e4d541", "benchmarks.Hudson.time_long_sequence_length": "0b6c7c537bd986f4e9c36c5549b8e939955cbd49901f29827e3ce763790fb3b7", "benchmarks.Hudson.time_long_sequence_length_gene_conversion": "19005a2b4b33b284a84cc0ad033e2d2c646f2d264fd59a5a55e3c2246a05851b", "benchmarks.Hudson.time_many_replicates": "c0f9f49074ade65f919a2db206a10f03ba6f5b53fa86dce2a6a32e96dd8a5067"}, "version": 1}