{"results": {"benchmarks.DTWF.peakmem_human_chr22": 100581376, "benchmarks.DTWF.peakmem_large_population_size": null, "benchmarks.DTWF.peakmem_long_sequence_length": 55136256, "benchmarks.DTWF.peakmem_many_replicates": null, "benchmarks.DTWF.time_human_chr22": {"result": [95.23480532399844], "stats": [{"ci_99": [-Infinity, Infinity], "q_25": 95.23480532399844, "q_75": 95.23480532399844, "min": 95.23480532399844, "max": 95.23480532399844, "mean": 95.23480532399844, "std": 0.0, "repeat": 1, "number": 1}]}, "benchmarks.DTWF.time_large_population_size": null, "benchmarks.DTWF.time_long_sequence_length": {"result": [95.26877282600617], "stats": [{"ci_99": [-Infinity, Infinity], "q_25": 95.26877282600617, "q_75": 95.26877282600617, "min": 95.26877282600617, "max": 95.26877282600617, "mean": 95.26877282600617, "std": 0.0, "repeat": 1, "number": 1}]}, "benchmarks.DTWF.time_many_replicates": null, "benchmarks.Hudson.peakmem_human_chr22": 132427776, "benchmarks.Hudson.peakmem_large_sample_size": 793137152, "benchmarks.Hudson.peakmem_long_sequence_length": 162979840, "benchmarks.Hudson.peakmem_long_sequence_length_gene_conversion": 162979840, "benchmarks.Hudson.peakmem_many_replicates": 43933696, "benchmarks.Hudson.time_human_chr22": {"result": [56.87668327696156], "stats": [{"ci_99": [-Infinity, Infinity], "q_25": 56.87668327696156, "q_75": 56.87668327696156, "min": 56.87668327696156, "max": 56.87668327696156, "mean": 56.87668327696156, "std": 0.0, "repeat": 1, "number": 1}]}, "benchmarks.Hudson.time_large_sample_size": {"result": [62.464553979982156], "stats": [{"ci_99": [-Infinity, Infinity], "q_25": 62.464553979982156, "q_75": 62.464553979982156, "min": 62.464553979982156, "max": 62.464553979982156, "mean": 62.464553979982156, "std": 0.0, "repeat": 1, "number": 1}]}, "benchmarks.Hudson.time_long_sequence_length": {"result": [45.26139623299241], "stats": [{"ci_99": [-Infinity, Infinity], "q_25": 45.26139623299241, "q_75": 45.26139623299241, "min": 45.26139623299241, "max": 45.26139623299241, "mean": 45.26139623299241, "std": 0.0, "repeat": 1, "number": 1}]}, "benchmarks.Hudson.time_long_sequence_length_gene_conversion": {"result": [44.344268650980666], "stats": [{"ci_99": [-Infinity, Infinity], "q_25": 44.344268650980666, "q_75": 44.344268650980666, "min": 44.344268650980666, "max": 44.344268650980666, "mean": 44.344268650980666, "std": 0.0, "repeat": 1, "number": 1}]}, "benchmarks.Hudson.time_many_replicates": {"result": [30.567640072957147], "stats": [{"ci_99": [-Infinity, Infinity], "q_25": 30.567640072957147, "q_75": 30.567640072957147, "min": 30.567640072957147, "max": 30.567640072957147, "mean": 30.567640072957147, "std": 0.0, "repeat": 1, "number": 1}]}}, "params": {"arch": "x86_64", "cpu": "Intel(R) Core(TM) i5-3317U CPU @ 1.70GHz", "machine": "poplar", "num_cpu": "4", "os": "Linux 3.13.0-24-generic", "ram": "3931396", "python": "3.8", "stdpopsim": ""}, "requirements": {"stdpopsim": ""}, "commit_hash": "21783d1522e8b8ebfe16f1333cf397f64c3b1954", "date": 1559988549000, "env_name": "virtualenv-py3.8-stdpopsim", "python": "3.8", "profiles": {}, "started_at": {"benchmarks.DTWF.peakmem_human_chr22": 1602206549667, "benchmarks.DTWF.peakmem_large_population_size": 1602206646603, "benchmarks.DTWF.peakmem_long_sequence_length": 1602206766666, "benchmarks.DTWF.peakmem_many_replicates": 1602206862057, "benchmarks.DTWF.time_human_chr22": 1602206982134, "benchmarks.DTWF.time_large_population_size": 1602207077475, "benchmarks.DTWF.time_long_sequence_length": 1602207197539, "benchmarks.DTWF.time_many_replicates": 1602207292930, "benchmarks.Hudson.peakmem_human_chr22": 1602207413007, "benchmarks.Hudson.peakmem_large_sample_size": 1602207469769, "benchmarks.Hudson.peakmem_long_sequence_length": 1602207529126, "benchmarks.Hudson.peakmem_long_sequence_length_gene_conversion": 1602207572965, "benchmarks.Hudson.peakmem_many_replicates": 1602207618055, "benchmarks.Hudson.time_human_chr22": 1602207648551, "benchmarks.Hudson.time_large_sample_size": 1602207705514, "benchmarks.Hudson.time_long_sequence_length": 1602207768076, "benchmarks.Hudson.time_long_sequence_length_gene_conversion": 1602207813467, "benchmarks.Hudson.time_many_replicates": 1602207857906}, "ended_at": {"benchmarks.DTWF.peakmem_human_chr22": 1602206646603, "benchmarks.DTWF.peakmem_large_population_size": 1602206766666, "benchmarks.DTWF.peakmem_long_sequence_length": 1602206862057, "benchmarks.DTWF.peakmem_many_replicates": 1602206982134, "benchmarks.DTWF.time_human_chr22": 1602207077475, "benchmarks.DTWF.time_large_population_size": 1602207197538, "benchmarks.DTWF.time_long_sequence_length": 1602207292929, "benchmarks.DTWF.time_many_replicates": 1602207413007, "benchmarks.Hudson.peakmem_human_chr22": 1602207469768, "benchmarks.Hudson.peakmem_large_sample_size": 1602207529126, "benchmarks.Hudson.peakmem_long_sequence_length": 1602207572965, "benchmarks.Hudson.peakmem_long_sequence_length_gene_conversion": 1602207618054, "benchmarks.Hudson.peakmem_many_replicates": 1602207648551, "benchmarks.Hudson.time_human_chr22": 1602207705513, "benchmarks.Hudson.time_large_sample_size": 1602207768076, "benchmarks.Hudson.time_long_sequence_length": 1602207813466, "benchmarks.Hudson.time_long_sequence_length_gene_conversion": 1602207857906, "benchmarks.Hudson.time_many_replicates": 1602207888603}, "benchmark_version": {"benchmarks.DTWF.peakmem_human_chr22": "f848688127844489b5870c5598d06fc61bdb8c1a31b2c71741fb842ce4869124", "benchmarks.DTWF.peakmem_large_population_size": "1c54016f27b74e5d827e0cf71dee2587b99237d50e0c3aa5bfb1e9a54bedf712", "benchmarks.DTWF.peakmem_long_sequence_length": "72b4498a433ac926a303683be39aa07c206b25c22caa613088af6cbe51544ce9", "benchmarks.DTWF.peakmem_many_replicates": "8d591fe1a84bfd039f312aef953605c494b28ed3e3b28bd41773b5a6bbab8e13", "benchmarks.DTWF.time_human_chr22": "d016729b716d45e5a6cc8608ae18480b4f3d6192cc29f39ad8e06222786408c6", "benchmarks.DTWF.time_large_population_size": "5393d907eb6d9700c18c23789395c3a6a8aecf236b49983e2d955dccc6f793a3", "benchmarks.DTWF.time_long_sequence_length": "89860f21a2ad81e267314c086383279e852e4560e27f425d127937bd62fb83f9", "benchmarks.DTWF.time_many_replicates": "8f8fa44794e1a510a8052653f41596e3e11adbcdc838d7ca59f99bdb491be41b", "benchmarks.Hudson.peakmem_human_chr22": "20ef616d263e941e12a3089b8e8dbfee94d982362fe475e40174ebc3506b102a", "benchmarks.Hudson.peakmem_large_sample_size": "0b75d04c5ff9994c35ae62a490034e021485c38567b2699884e524931587881a", "benchmarks.Hudson.peakmem_long_sequence_length": "edd9dee8418f69b81347803203f176ff269220225a8939dc1c4bc1ab32289f94", "benchmarks.Hudson.peakmem_long_sequence_length_gene_conversion": "2236f20c5a4cc1e037abd099ce1f70d0dd2045a14914c96dcc48d0507f45e1da", "benchmarks.Hudson.peakmem_many_replicates": "b93569a722fa5396ed6631750fbdd02c7b47148d63973610f802eb69db85679e", "benchmarks.Hudson.time_human_chr22": "e648432b5c065478e09802f16a5658d37b625c204e147517826817bd6b04acb1", "benchmarks.Hudson.time_large_sample_size": "7bc273fa1975809170f8f4dd7776de03dd9993132a83866c1c135afe37e4d541", "benchmarks.Hudson.time_long_sequence_length": "0b6c7c537bd986f4e9c36c5549b8e939955cbd49901f29827e3ce763790fb3b7", "benchmarks.Hudson.time_long_sequence_length_gene_conversion": "19005a2b4b33b284a84cc0ad033e2d2c646f2d264fd59a5a55e3c2246a05851b", "benchmarks.Hudson.time_many_replicates": "c0f9f49074ade65f919a2db206a10f03ba6f5b53fa86dce2a6a32e96dd8a5067"}, "version": 1}