{"results": {"benchmarks.DTWF.peakmem_human_chr22": 111792128, "benchmarks.DTWF.peakmem_large_population_size": 55062528, "benchmarks.DTWF.peakmem_long_sequence_length": 47136768, "benchmarks.DTWF.peakmem_many_replicates": 47218688, "benchmarks.DTWF.time_human_chr22": {"result": [31.905624114999227], "stats": [{"ci_99": [-Infinity, Infinity], "q_25": 31.905624114999227, "q_75": 31.905624114999227, "min": 31.905624114999227, "max": 31.905624114999227, "mean": 31.905624114999227, "std": 0.0, "repeat": 1, "number": 1}]}, "benchmarks.DTWF.time_large_population_size": {"result": [10.881396814000254], "stats": [{"ci_99": [-Infinity, Infinity], "q_25": 10.881396814000254, "q_75": 10.881396814000254, "min": 10.881396814000254, "max": 10.881396814000254, "mean": 10.881396814000254, "std": 0.0, "repeat": 1, "number": 1}]}, "benchmarks.DTWF.time_long_sequence_length": {"result": [0.11209734399926674], "stats": [{"ci_99": [-Infinity, Infinity], "q_25": 0.11209734399926674, "q_75": 0.11209734399926674, "min": 0.11209734399926674, "max": 0.11209734399926674, "mean": 0.11209734399926674, "std": 0.0, "repeat": 1, "number": 1}]}, "benchmarks.DTWF.time_many_replicates": {"result": [46.69298562899985], "stats": [{"ci_99": [-Infinity, Infinity], "q_25": 46.69298562899985, "q_75": 46.69298562899985, "min": 46.69298562899985, "max": 46.69298562899985, "mean": 46.69298562899985, "std": 0.0, "repeat": 1, "number": 1}]}, "benchmarks.Hudson.peakmem_human_chr22": 148123648, "benchmarks.Hudson.peakmem_large_sample_size": 850788352, "benchmarks.Hudson.peakmem_long_sequence_length": 172818432, "benchmarks.Hudson.peakmem_many_replicates": 47030272, "benchmarks.Hudson.time_human_chr22": {"result": [54.45203410999966], "stats": [{"ci_99": [-Infinity, Infinity], "q_25": 54.45203410999966, "q_75": 54.45203410999966, "min": 54.45203410999966, "max": 54.45203410999966, "mean": 54.45203410999966, "std": 0.0, "repeat": 1, "number": 1}]}, "benchmarks.Hudson.time_large_sample_size": {"result": [70.96827248999944], "stats": [{"ci_99": [-Infinity, Infinity], "q_25": 70.96827248999944, "q_75": 70.96827248999944, "min": 70.96827248999944, "max": 70.96827248999944, "mean": 70.96827248999944, "std": 0.0, "repeat": 1, "number": 1}]}, "benchmarks.Hudson.time_long_sequence_length": {"result": [50.64715230499951], "stats": [{"ci_99": [-Infinity, Infinity], "q_25": 50.64715230499951, "q_75": 50.64715230499951, "min": 50.64715230499951, "max": 50.64715230499951, "mean": 50.64715230499951, "std": 0.0, "repeat": 1, "number": 1}]}, "benchmarks.Hudson.time_many_replicates": {"result": [27.90839131499979], "stats": [{"ci_99": [-Infinity, Infinity], "q_25": 27.90839131499979, "q_75": 27.90839131499979, "min": 27.90839131499979, "max": 27.90839131499979, "mean": 27.90839131499979, "std": 0.0, "repeat": 1, "number": 1}]}, "benchmarks.Hudson.peakmem_long_sequence_length_gene_conversion": 172371968, "benchmarks.Hudson.time_long_sequence_length_gene_conversion": {"result": [50.71473981500094], "stats": [{"ci_99": [-Infinity, Infinity], "q_25": 50.71473981500094, "q_75": 50.71473981500094, "min": 50.71473981500094, "max": 50.71473981500094, "mean": 50.71473981500094, "std": 0.0, "repeat": 1, "number": 1}]}}, "params": {"arch": "x86_64", "cpu": "Intel(R) Core(TM) i5-3317U CPU @ 1.70GHz", "machine": "poplar", "num_cpu": "4", "os": "Linux 3.13.0-24-generic", "ram": "3931396", "python": "3.8", "stdpopsim": ""}, "requirements": {"stdpopsim": ""}, "commit_hash": "23d3b6b8f2730cf7c6f71904d6c123da0efe9d86", "date": 1601374016000, "env_name": "virtualenv-py3.8-stdpopsim", "python": "3.8", "profiles": {}, "started_at": {"benchmarks.DTWF.peakmem_human_chr22": 1601462187247, "benchmarks.DTWF.peakmem_large_population_size": 1601462220464, "benchmarks.DTWF.peakmem_long_sequence_length": 1601462231940, "benchmarks.DTWF.peakmem_many_replicates": 1601462232644, "benchmarks.DTWF.time_human_chr22": 1601462279964, "benchmarks.DTWF.time_large_population_size": 1601462312431, "benchmarks.DTWF.time_long_sequence_length": 1601462323907, "benchmarks.DTWF.time_many_replicates": 1601462324611, "benchmarks.Hudson.peakmem_human_chr22": 1601462371881, "benchmarks.Hudson.peakmem_large_sample_size": 1601462426691, "benchmarks.Hudson.peakmem_long_sequence_length": 1601462497675, "benchmarks.Hudson.peakmem_many_replicates": 1601462548883, "benchmarks.Hudson.time_human_chr22": 1601462577632, "benchmarks.Hudson.time_large_sample_size": 1601462632648, "benchmarks.Hudson.time_long_sequence_length": 1601462704181, "benchmarks.Hudson.time_many_replicates": 1601462755438, "benchmarks.Hudson.peakmem_long_sequence_length_gene_conversion": 1601473332278, "benchmarks.Hudson.time_long_sequence_length_gene_conversion": 1601473384834}, "ended_at": {"benchmarks.DTWF.peakmem_human_chr22": 1601462220464, "benchmarks.DTWF.peakmem_large_population_size": 1601462231940, "benchmarks.DTWF.peakmem_long_sequence_length": 1601462232643, "benchmarks.DTWF.peakmem_many_replicates": 1601462279964, "benchmarks.DTWF.time_human_chr22": 1601462312431, "benchmarks.DTWF.time_large_population_size": 1601462323907, "benchmarks.DTWF.time_long_sequence_length": 1601462324610, "benchmarks.DTWF.time_many_replicates": 1601462371881, "benchmarks.Hudson.peakmem_human_chr22": 1601462426690, "benchmarks.Hudson.peakmem_large_sample_size": 1601462497675, "benchmarks.Hudson.peakmem_long_sequence_length": 1601462548883, "benchmarks.Hudson.peakmem_many_replicates": 1601462577631, "benchmarks.Hudson.time_human_chr22": 1601462632648, "benchmarks.Hudson.time_large_sample_size": 1601462704180, "benchmarks.Hudson.time_long_sequence_length": 1601462755437, "benchmarks.Hudson.time_many_replicates": 1601462783934, "benchmarks.Hudson.peakmem_long_sequence_length_gene_conversion": 1601473384834, "benchmarks.Hudson.time_long_sequence_length_gene_conversion": 1601473436137}, "benchmark_version": {"benchmarks.DTWF.peakmem_human_chr22": "f848688127844489b5870c5598d06fc61bdb8c1a31b2c71741fb842ce4869124", "benchmarks.DTWF.peakmem_large_population_size": "1c54016f27b74e5d827e0cf71dee2587b99237d50e0c3aa5bfb1e9a54bedf712", "benchmarks.DTWF.peakmem_long_sequence_length": "72b4498a433ac926a303683be39aa07c206b25c22caa613088af6cbe51544ce9", "benchmarks.DTWF.peakmem_many_replicates": "8d591fe1a84bfd039f312aef953605c494b28ed3e3b28bd41773b5a6bbab8e13", "benchmarks.DTWF.time_human_chr22": "d016729b716d45e5a6cc8608ae18480b4f3d6192cc29f39ad8e06222786408c6", "benchmarks.DTWF.time_large_population_size": "5393d907eb6d9700c18c23789395c3a6a8aecf236b49983e2d955dccc6f793a3", "benchmarks.DTWF.time_long_sequence_length": "89860f21a2ad81e267314c086383279e852e4560e27f425d127937bd62fb83f9", "benchmarks.DTWF.time_many_replicates": "8f8fa44794e1a510a8052653f41596e3e11adbcdc838d7ca59f99bdb491be41b", "benchmarks.Hudson.peakmem_human_chr22": "20ef616d263e941e12a3089b8e8dbfee94d982362fe475e40174ebc3506b102a", "benchmarks.Hudson.peakmem_large_sample_size": "0b75d04c5ff9994c35ae62a490034e021485c38567b2699884e524931587881a", "benchmarks.Hudson.peakmem_long_sequence_length": "edd9dee8418f69b81347803203f176ff269220225a8939dc1c4bc1ab32289f94", "benchmarks.Hudson.peakmem_many_replicates": "b93569a722fa5396ed6631750fbdd02c7b47148d63973610f802eb69db85679e", "benchmarks.Hudson.time_human_chr22": "e648432b5c065478e09802f16a5658d37b625c204e147517826817bd6b04acb1", "benchmarks.Hudson.time_large_sample_size": "7bc273fa1975809170f8f4dd7776de03dd9993132a83866c1c135afe37e4d541", "benchmarks.Hudson.time_long_sequence_length": "0b6c7c537bd986f4e9c36c5549b8e939955cbd49901f29827e3ce763790fb3b7", "benchmarks.Hudson.time_many_replicates": "c0f9f49074ade65f919a2db206a10f03ba6f5b53fa86dce2a6a32e96dd8a5067", "benchmarks.Hudson.peakmem_long_sequence_length_gene_conversion": "2236f20c5a4cc1e037abd099ce1f70d0dd2045a14914c96dcc48d0507f45e1da", "benchmarks.Hudson.time_long_sequence_length_gene_conversion": "19005a2b4b33b284a84cc0ad033e2d2c646f2d264fd59a5a55e3c2246a05851b"}, "version": 1}