{"results": {"benchmarks.DTWF.peakmem_human_chr22": 111546368, "benchmarks.DTWF.peakmem_large_population_size": 55398400, "benchmarks.DTWF.peakmem_long_sequence_length": 47419392, "benchmarks.DTWF.peakmem_many_replicates": 47104000, "benchmarks.DTWF.time_human_chr22": {"result": [30.072373855000478], "stats": [{"ci_99": [-Infinity, Infinity], "q_25": 30.072373855000478, "q_75": 30.072373855000478, "min": 30.072373855000478, "max": 30.072373855000478, "mean": 30.072373855000478, "std": 0.0, "repeat": 1, "number": 1}]}, "benchmarks.DTWF.time_large_population_size": {"result": [10.869256085001325], "stats": [{"ci_99": [-Infinity, Infinity], "q_25": 10.869256085001325, "q_75": 10.869256085001325, "min": 10.869256085001325, "max": 10.869256085001325, "mean": 10.869256085001325, "std": 0.0, "repeat": 1, "number": 1}]}, "benchmarks.DTWF.time_long_sequence_length": {"result": [0.11193007399924682], "stats": [{"ci_99": [-Infinity, Infinity], "q_25": 0.11193007399924682, "q_75": 0.11193007399924682, "min": 0.11193007399924682, "max": 0.11193007399924682, "mean": 0.11193007399924682, "std": 0.0, "repeat": 1, "number": 1}]}, "benchmarks.DTWF.time_many_replicates": {"result": [47.33494476299893], "stats": [{"ci_99": [-Infinity, Infinity], "q_25": 47.33494476299893, "q_75": 47.33494476299893, "min": 47.33494476299893, "max": 47.33494476299893, "mean": 47.33494476299893, "std": 0.0, "repeat": 1, "number": 1}]}, "benchmarks.Hudson.peakmem_human_chr22": 148328448, "benchmarks.Hudson.peakmem_large_sample_size": 851795968, "benchmarks.Hudson.peakmem_long_sequence_length": 173813760, "benchmarks.Hudson.peakmem_many_replicates": 47357952, "benchmarks.Hudson.time_human_chr22": {"result": [55.44610395199925], "stats": [{"ci_99": [-Infinity, Infinity], "q_25": 55.44610395199925, "q_75": 55.44610395199925, "min": 55.44610395199925, "max": 55.44610395199925, "mean": 55.44610395199925, "std": 0.0, "repeat": 1, "number": 1}]}, "benchmarks.Hudson.time_large_sample_size": {"result": [69.45253148300071], "stats": [{"ci_99": [-Infinity, Infinity], "q_25": 69.45253148300071, "q_75": 69.45253148300071, "min": 69.45253148300071, "max": 69.45253148300071, "mean": 69.45253148300071, "std": 0.0, "repeat": 1, "number": 1}]}, "benchmarks.Hudson.time_long_sequence_length": {"result": [49.3502448979998], "stats": [{"ci_99": [-Infinity, Infinity], "q_25": 49.3502448979998, "q_75": 49.3502448979998, "min": 49.3502448979998, "max": 49.3502448979998, "mean": 49.3502448979998, "std": 0.0, "repeat": 1, "number": 1}]}, "benchmarks.Hudson.time_many_replicates": {"result": [28.53828463300124], "stats": [{"ci_99": [-Infinity, Infinity], "q_25": 28.53828463300124, "q_75": 28.53828463300124, "min": 28.53828463300124, "max": 28.53828463300124, "mean": 28.53828463300124, "std": 0.0, "repeat": 1, "number": 1}]}, "benchmarks.Hudson.peakmem_long_sequence_length_gene_conversion": 172281856, "benchmarks.Hudson.time_long_sequence_length_gene_conversion": {"result": [51.41495377799947], "stats": [{"ci_99": [-Infinity, Infinity], "q_25": 51.41495377799947, "q_75": 51.41495377799947, "min": 51.41495377799947, "max": 51.41495377799947, "mean": 51.41495377799947, "std": 0.0, "repeat": 1, "number": 1}]}}, "params": {"arch": "x86_64", "cpu": "Intel(R) Core(TM) i5-3317U CPU @ 1.70GHz", "machine": "poplar", "num_cpu": "4", "os": "Linux 3.13.0-24-generic", "ram": "3931396", "python": "3.8", "stdpopsim": ""}, "requirements": {"stdpopsim": ""}, "commit_hash": "259b6b25c2c881b2dfbcfb6e24d066aa1093780f", "date": 1601288137000, "env_name": "virtualenv-py3.8-stdpopsim", "python": "3.8", "profiles": {}, "started_at": {"benchmarks.DTWF.peakmem_human_chr22": 1601468253362, "benchmarks.DTWF.peakmem_large_population_size": 1601468283676, "benchmarks.DTWF.peakmem_long_sequence_length": 1601468295102, "benchmarks.DTWF.peakmem_many_replicates": 1601468295805, "benchmarks.DTWF.time_human_chr22": 1601468343829, "benchmarks.DTWF.time_large_population_size": 1601468374494, "benchmarks.DTWF.time_long_sequence_length": 1601468385920, "benchmarks.DTWF.time_many_replicates": 1601468386623, "benchmarks.Hudson.peakmem_human_chr22": 1601468434547, "benchmarks.Hudson.peakmem_large_sample_size": 1601468490911, "benchmarks.Hudson.peakmem_long_sequence_length": 1601468563994, "benchmarks.Hudson.peakmem_many_replicates": 1601468615348, "benchmarks.Hudson.time_human_chr22": 1601468644643, "benchmarks.Hudson.time_large_sample_size": 1601468700655, "benchmarks.Hudson.time_long_sequence_length": 1601468770680, "benchmarks.Hudson.time_many_replicates": 1601468820630, "benchmarks.Hudson.peakmem_long_sequence_length_gene_conversion": 1601474166999, "benchmarks.Hudson.time_long_sequence_length_gene_conversion": 1601474217801}, "ended_at": {"benchmarks.DTWF.peakmem_human_chr22": 1601468283675, "benchmarks.DTWF.peakmem_large_population_size": 1601468295101, "benchmarks.DTWF.peakmem_long_sequence_length": 1601468295805, "benchmarks.DTWF.peakmem_many_replicates": 1601468343829, "benchmarks.DTWF.time_human_chr22": 1601468374493, "benchmarks.DTWF.time_large_population_size": 1601468385919, "benchmarks.DTWF.time_long_sequence_length": 1601468386623, "benchmarks.DTWF.time_many_replicates": 1601468434546, "benchmarks.Hudson.peakmem_human_chr22": 1601468490911, "benchmarks.Hudson.peakmem_large_sample_size": 1601468563993, "benchmarks.Hudson.peakmem_long_sequence_length": 1601468615347, "benchmarks.Hudson.peakmem_many_replicates": 1601468644643, "benchmarks.Hudson.time_human_chr22": 1601468700655, "benchmarks.Hudson.time_large_sample_size": 1601468770679, "benchmarks.Hudson.time_long_sequence_length": 1601468820630, "benchmarks.Hudson.time_many_replicates": 1601468849726, "benchmarks.Hudson.peakmem_long_sequence_length_gene_conversion": 1601474217800, "benchmarks.Hudson.time_long_sequence_length_gene_conversion": 1601474269802}, "benchmark_version": {"benchmarks.DTWF.peakmem_human_chr22": "f848688127844489b5870c5598d06fc61bdb8c1a31b2c71741fb842ce4869124", "benchmarks.DTWF.peakmem_large_population_size": "1c54016f27b74e5d827e0cf71dee2587b99237d50e0c3aa5bfb1e9a54bedf712", "benchmarks.DTWF.peakmem_long_sequence_length": "72b4498a433ac926a303683be39aa07c206b25c22caa613088af6cbe51544ce9", "benchmarks.DTWF.peakmem_many_replicates": "8d591fe1a84bfd039f312aef953605c494b28ed3e3b28bd41773b5a6bbab8e13", "benchmarks.DTWF.time_human_chr22": "d016729b716d45e5a6cc8608ae18480b4f3d6192cc29f39ad8e06222786408c6", "benchmarks.DTWF.time_large_population_size": "5393d907eb6d9700c18c23789395c3a6a8aecf236b49983e2d955dccc6f793a3", "benchmarks.DTWF.time_long_sequence_length": "89860f21a2ad81e267314c086383279e852e4560e27f425d127937bd62fb83f9", "benchmarks.DTWF.time_many_replicates": "8f8fa44794e1a510a8052653f41596e3e11adbcdc838d7ca59f99bdb491be41b", "benchmarks.Hudson.peakmem_human_chr22": "20ef616d263e941e12a3089b8e8dbfee94d982362fe475e40174ebc3506b102a", "benchmarks.Hudson.peakmem_large_sample_size": "0b75d04c5ff9994c35ae62a490034e021485c38567b2699884e524931587881a", "benchmarks.Hudson.peakmem_long_sequence_length": "edd9dee8418f69b81347803203f176ff269220225a8939dc1c4bc1ab32289f94", "benchmarks.Hudson.peakmem_many_replicates": "b93569a722fa5396ed6631750fbdd02c7b47148d63973610f802eb69db85679e", "benchmarks.Hudson.time_human_chr22": "e648432b5c065478e09802f16a5658d37b625c204e147517826817bd6b04acb1", "benchmarks.Hudson.time_large_sample_size": "7bc273fa1975809170f8f4dd7776de03dd9993132a83866c1c135afe37e4d541", "benchmarks.Hudson.time_long_sequence_length": "0b6c7c537bd986f4e9c36c5549b8e939955cbd49901f29827e3ce763790fb3b7", "benchmarks.Hudson.time_many_replicates": "c0f9f49074ade65f919a2db206a10f03ba6f5b53fa86dce2a6a32e96dd8a5067", "benchmarks.Hudson.peakmem_long_sequence_length_gene_conversion": "2236f20c5a4cc1e037abd099ce1f70d0dd2045a14914c96dcc48d0507f45e1da", "benchmarks.Hudson.time_long_sequence_length_gene_conversion": "19005a2b4b33b284a84cc0ad033e2d2c646f2d264fd59a5a55e3c2246a05851b"}, "version": 1}