{"results": {"benchmarks.DTWF.peakmem_human_chr22": 109473792, "benchmarks.DTWF.peakmem_large_population_size": 52523008, "benchmarks.DTWF.peakmem_long_sequence_length": 55906304, "benchmarks.DTWF.peakmem_many_replicates": 44658688, "benchmarks.DTWF.time_human_chr22": {"result": [37.0510505559796], "stats": [{"ci_99": [-Infinity, Infinity], "q_25": 37.0510505559796, "q_75": 37.0510505559796, "min": 37.0510505559796, "max": 37.0510505559796, "mean": 37.0510505559796, "std": 0.0, "repeat": 1, "number": 1}]}, "benchmarks.DTWF.time_large_population_size": {"result": [12.436515698995208], "stats": [{"ci_99": [-Infinity, Infinity], "q_25": 12.436515698995208, "q_75": 12.436515698995208, "min": 12.436515698995208, "max": 12.436515698995208, "mean": 12.436515698995208, "std": 0.0, "repeat": 1, "number": 1}]}, "benchmarks.DTWF.time_long_sequence_length": {"result": [13.009580856974935], "stats": [{"ci_99": [-Infinity, Infinity], "q_25": 13.009580856974935, "q_75": 13.009580856974935, "min": 13.009580856974935, "max": 13.009580856974935, "mean": 13.009580856974935, "std": 0.0, "repeat": 1, "number": 1}]}, "benchmarks.DTWF.time_many_replicates": {"result": [52.59549952301313], "stats": [{"ci_99": [-Infinity, Infinity], "q_25": 52.59549952301313, "q_75": 52.59549952301313, "min": 52.59549952301313, "max": 52.59549952301313, "mean": 52.59549952301313, "std": 0.0, "repeat": 1, "number": 1}]}, "benchmarks.Hudson.peakmem_human_chr22": 143429632, "benchmarks.Hudson.peakmem_large_sample_size": 836173824, "benchmarks.Hudson.peakmem_long_sequence_length": 166219776, "benchmarks.Hudson.peakmem_long_sequence_length_gene_conversion": 167157760, "benchmarks.Hudson.peakmem_many_replicates": 43757568, "benchmarks.Hudson.time_human_chr22": {"result": [31.047709809005028], "stats": [{"ci_99": [-Infinity, Infinity], "q_25": 31.047709809005028, "q_75": 31.047709809005028, "min": 31.047709809005028, "max": 31.047709809005028, "mean": 31.047709809005028, "std": 0.0, "repeat": 1, "number": 1}]}, "benchmarks.Hudson.time_large_sample_size": {"result": [55.77011870901333], "stats": [{"ci_99": [-Infinity, Infinity], "q_25": 55.77011870901333, "q_75": 55.77011870901333, "min": 55.77011870901333, "max": 55.77011870901333, "mean": 55.77011870901333, "std": 0.0, "repeat": 1, "number": 1}]}, "benchmarks.Hudson.time_long_sequence_length": {"result": [50.31840933399508], "stats": [{"ci_99": [-Infinity, Infinity], "q_25": 50.31840933399508, "q_75": 50.31840933399508, "min": 50.31840933399508, "max": 50.31840933399508, "mean": 50.31840933399508, "std": 0.0, "repeat": 1, "number": 1}]}, "benchmarks.Hudson.time_long_sequence_length_gene_conversion": {"result": [51.64762045297539], "stats": [{"ci_99": [-Infinity, Infinity], "q_25": 51.64762045297539, "q_75": 51.64762045297539, "min": 51.64762045297539, "max": 51.64762045297539, "mean": 51.64762045297539, "std": 0.0, "repeat": 1, "number": 1}]}, "benchmarks.Hudson.time_many_replicates": {"result": [31.987235323002096], "stats": [{"ci_99": [-Infinity, Infinity], "q_25": 31.987235323002096, "q_75": 31.987235323002096, "min": 31.987235323002096, "max": 31.987235323002096, "mean": 31.987235323002096, "std": 0.0, "repeat": 1, "number": 1}]}}, "params": {"arch": "x86_64", "cpu": "Intel(R) Core(TM) i5-3317U CPU @ 1.70GHz", "machine": "poplar", "num_cpu": "4", "os": "Linux 3.13.0-24-generic", "ram": "3931396", "python": "3.8", "stdpopsim": ""}, "requirements": {"stdpopsim": ""}, "commit_hash": "2d7dab98f11ff20b479a03c99e3bb5ddc67843b5", "date": 1583857863000, "env_name": "virtualenv-py3.8-stdpopsim", "python": "3.8", "profiles": {}, "started_at": {"benchmarks.DTWF.peakmem_human_chr22": 1602104197574, "benchmarks.DTWF.peakmem_large_population_size": 1602104234704, "benchmarks.DTWF.peakmem_long_sequence_length": 1602104247232, "benchmarks.DTWF.peakmem_many_replicates": 1602104260204, "benchmarks.DTWF.time_human_chr22": 1602104312984, "benchmarks.DTWF.time_large_population_size": 1602104350163, "benchmarks.DTWF.time_long_sequence_length": 1602104362741, "benchmarks.DTWF.time_many_replicates": 1602104375863, "benchmarks.Hudson.peakmem_human_chr22": 1602104428594, "benchmarks.Hudson.peakmem_large_sample_size": 1602104460110, "benchmarks.Hudson.peakmem_long_sequence_length": 1602104517070, "benchmarks.Hudson.peakmem_long_sequence_length_gene_conversion": 1602104568976, "benchmarks.Hudson.peakmem_many_replicates": 1602104620231, "benchmarks.Hudson.time_human_chr22": 1602104652330, "benchmarks.Hudson.time_large_sample_size": 1602104683495, "benchmarks.Hudson.time_long_sequence_length": 1602104739404, "benchmarks.Hudson.time_long_sequence_length_gene_conversion": 1602104789850, "benchmarks.Hudson.time_many_replicates": 1602104841600}, "ended_at": {"benchmarks.DTWF.peakmem_human_chr22": 1602104234703, "benchmarks.DTWF.peakmem_large_population_size": 1602104247232, "benchmarks.DTWF.peakmem_long_sequence_length": 1602104260203, "benchmarks.DTWF.peakmem_many_replicates": 1602104312984, "benchmarks.DTWF.time_human_chr22": 1602104350163, "benchmarks.DTWF.time_large_population_size": 1602104362741, "benchmarks.DTWF.time_long_sequence_length": 1602104375863, "benchmarks.DTWF.time_many_replicates": 1602104428593, "benchmarks.Hudson.peakmem_human_chr22": 1602104460109, "benchmarks.Hudson.peakmem_large_sample_size": 1602104517070, "benchmarks.Hudson.peakmem_long_sequence_length": 1602104568976, "benchmarks.Hudson.peakmem_long_sequence_length_gene_conversion": 1602104620231, "benchmarks.Hudson.peakmem_many_replicates": 1602104652330, "benchmarks.Hudson.time_human_chr22": 1602104683495, "benchmarks.Hudson.time_large_sample_size": 1602104739403, "benchmarks.Hudson.time_long_sequence_length": 1602104789850, "benchmarks.Hudson.time_long_sequence_length_gene_conversion": 1602104841599, "benchmarks.Hudson.time_many_replicates": 1602104873699}, "benchmark_version": {"benchmarks.DTWF.peakmem_human_chr22": "f848688127844489b5870c5598d06fc61bdb8c1a31b2c71741fb842ce4869124", "benchmarks.DTWF.peakmem_large_population_size": "1c54016f27b74e5d827e0cf71dee2587b99237d50e0c3aa5bfb1e9a54bedf712", "benchmarks.DTWF.peakmem_long_sequence_length": "72b4498a433ac926a303683be39aa07c206b25c22caa613088af6cbe51544ce9", "benchmarks.DTWF.peakmem_many_replicates": "8d591fe1a84bfd039f312aef953605c494b28ed3e3b28bd41773b5a6bbab8e13", "benchmarks.DTWF.time_human_chr22": "d016729b716d45e5a6cc8608ae18480b4f3d6192cc29f39ad8e06222786408c6", "benchmarks.DTWF.time_large_population_size": "5393d907eb6d9700c18c23789395c3a6a8aecf236b49983e2d955dccc6f793a3", "benchmarks.DTWF.time_long_sequence_length": "89860f21a2ad81e267314c086383279e852e4560e27f425d127937bd62fb83f9", "benchmarks.DTWF.time_many_replicates": "8f8fa44794e1a510a8052653f41596e3e11adbcdc838d7ca59f99bdb491be41b", "benchmarks.Hudson.peakmem_human_chr22": "20ef616d263e941e12a3089b8e8dbfee94d982362fe475e40174ebc3506b102a", "benchmarks.Hudson.peakmem_large_sample_size": "0b75d04c5ff9994c35ae62a490034e021485c38567b2699884e524931587881a", "benchmarks.Hudson.peakmem_long_sequence_length": "edd9dee8418f69b81347803203f176ff269220225a8939dc1c4bc1ab32289f94", "benchmarks.Hudson.peakmem_long_sequence_length_gene_conversion": "2236f20c5a4cc1e037abd099ce1f70d0dd2045a14914c96dcc48d0507f45e1da", "benchmarks.Hudson.peakmem_many_replicates": "b93569a722fa5396ed6631750fbdd02c7b47148d63973610f802eb69db85679e", "benchmarks.Hudson.time_human_chr22": "e648432b5c065478e09802f16a5658d37b625c204e147517826817bd6b04acb1", "benchmarks.Hudson.time_large_sample_size": "7bc273fa1975809170f8f4dd7776de03dd9993132a83866c1c135afe37e4d541", "benchmarks.Hudson.time_long_sequence_length": "0b6c7c537bd986f4e9c36c5549b8e939955cbd49901f29827e3ce763790fb3b7", "benchmarks.Hudson.time_long_sequence_length_gene_conversion": "19005a2b4b33b284a84cc0ad033e2d2c646f2d264fd59a5a55e3c2246a05851b", "benchmarks.Hudson.time_many_replicates": "c0f9f49074ade65f919a2db206a10f03ba6f5b53fa86dce2a6a32e96dd8a5067"}, "version": 1}