{"results": {"benchmarks.DTWF.peakmem_human_chr22": 112934912, "benchmarks.DTWF.peakmem_large_population_size": 59121664, "benchmarks.DTWF.peakmem_long_sequence_length": 61517824, "benchmarks.DTWF.peakmem_many_replicates": 49020928, "benchmarks.DTWF.time_human_chr22": {"result": [25.53665048899711], "stats": [{"ci_99": [-Infinity, Infinity], "q_25": 25.53665048899711, "q_75": 25.53665048899711, "min": 25.53665048899711, "max": 25.53665048899711, "mean": 25.53665048899711, "std": 0.0, "repeat": 1, "number": 1}]}, "benchmarks.DTWF.time_large_population_size": {"result": [10.896940021018963], "stats": [{"ci_99": [-Infinity, Infinity], "q_25": 10.896940021018963, "q_75": 10.896940021018963, "min": 10.896940021018963, "max": 10.896940021018963, "mean": 10.896940021018963, "std": 0.0, "repeat": 1, "number": 1}]}, "benchmarks.DTWF.time_long_sequence_length": {"result": [11.903252112999326], "stats": [{"ci_99": [-Infinity, Infinity], "q_25": 11.903252112999326, "q_75": 11.903252112999326, "min": 11.903252112999326, "max": 11.903252112999326, "mean": 11.903252112999326, "std": 0.0, "repeat": 1, "number": 1}]}, "benchmarks.DTWF.time_many_replicates": {"result": [48.222971420997055], "stats": [{"ci_99": [-Infinity, Infinity], "q_25": 48.222971420997055, "q_75": 48.222971420997055, "min": 48.222971420997055, "max": 48.222971420997055, "mean": 48.222971420997055, "std": 0.0, "repeat": 1, "number": 1}]}, "benchmarks.Hudson.peakmem_human_chr22": 150282240, "benchmarks.Hudson.peakmem_large_sample_size": 854003712, "benchmarks.Hudson.peakmem_long_sequence_length": 175562752, "benchmarks.Hudson.peakmem_long_sequence_length_gene_conversion": 174125056, "benchmarks.Hudson.peakmem_many_replicates": 48488448, "benchmarks.Hudson.time_human_chr22": {"result": [34.48939537300612], "stats": [{"ci_99": [-Infinity, Infinity], "q_25": 34.48939537300612, "q_75": 34.48939537300612, "min": 34.48939537300612, "max": 34.48939537300612, "mean": 34.48939537300612, "std": 0.0, "repeat": 1, "number": 1}]}, "benchmarks.Hudson.time_large_sample_size": {"result": [69.39438363700174], "stats": [{"ci_99": [-Infinity, Infinity], "q_25": 69.39438363700174, "q_75": 69.39438363700174, "min": 69.39438363700174, "max": 69.39438363700174, "mean": 69.39438363700174, "std": 0.0, "repeat": 1, "number": 1}]}, "benchmarks.Hudson.time_long_sequence_length": {"result": [51.428215633000946], "stats": [{"ci_99": [-Infinity, Infinity], "q_25": 51.428215633000946, "q_75": 51.428215633000946, "min": 51.428215633000946, "max": 51.428215633000946, "mean": 51.428215633000946, "std": 0.0, "repeat": 1, "number": 1}]}, "benchmarks.Hudson.time_long_sequence_length_gene_conversion": {"result": [51.956315073010046], "stats": [{"ci_99": [-Infinity, Infinity], "q_25": 51.956315073010046, "q_75": 51.956315073010046, "min": 51.956315073010046, "max": 51.956315073010046, "mean": 51.956315073010046, "std": 0.0, "repeat": 1, "number": 1}]}, "benchmarks.Hudson.time_many_replicates": {"result": [28.991701255989028], "stats": [{"ci_99": [-Infinity, Infinity], "q_25": 28.991701255989028, "q_75": 28.991701255989028, "min": 28.991701255989028, "max": 28.991701255989028, "mean": 28.991701255989028, "std": 0.0, "repeat": 1, "number": 1}]}}, "params": {"arch": "x86_64", "cpu": "Intel(R) Core(TM) i5-3317U CPU @ 1.70GHz", "machine": "poplar", "num_cpu": "4", "os": "Linux 3.13.0-24-generic", "ram": "3931396", "python": "3.8", "stdpopsim": ""}, "requirements": {"stdpopsim": ""}, "commit_hash": "2e686d2dbec45a69bf0711d3baabfe7d665ed495", "date": 1605095120000, "env_name": "virtualenv-py3.8-stdpopsim", "python": "3.8", "profiles": {}, "started_at": {"benchmarks.DTWF.peakmem_human_chr22": 1605097373133, "benchmarks.DTWF.peakmem_large_population_size": 1605097398183, "benchmarks.DTWF.peakmem_long_sequence_length": 1605097409657, "benchmarks.DTWF.peakmem_many_replicates": 1605097422126, "benchmarks.DTWF.time_human_chr22": 1605097470797, "benchmarks.DTWF.time_large_population_size": 1605097496899, "benchmarks.DTWF.time_long_sequence_length": 1605097508372, "benchmarks.DTWF.time_many_replicates": 1605097520842, "benchmarks.Hudson.peakmem_human_chr22": 1605097569662, "benchmarks.Hudson.peakmem_large_sample_size": 1605097604531, "benchmarks.Hudson.peakmem_long_sequence_length": 1605097674656, "benchmarks.Hudson.peakmem_long_sequence_length_gene_conversion": 1605097726160, "benchmarks.Hudson.peakmem_many_replicates": 1605097778666, "benchmarks.Hudson.time_human_chr22": 1605097808363, "benchmarks.Hudson.time_large_sample_size": 1605097843435, "benchmarks.Hudson.time_long_sequence_length": 1605097913410, "benchmarks.Hudson.time_long_sequence_length_gene_conversion": 1605097965416, "benchmarks.Hudson.time_many_replicates": 1605098017972}, "ended_at": {"benchmarks.DTWF.peakmem_human_chr22": 1605097398183, "benchmarks.DTWF.peakmem_large_population_size": 1605097409657, "benchmarks.DTWF.peakmem_long_sequence_length": 1605097422126, "benchmarks.DTWF.peakmem_many_replicates": 1605097470796, "benchmarks.DTWF.time_human_chr22": 1605097496898, "benchmarks.DTWF.time_large_population_size": 1605097508372, "benchmarks.DTWF.time_long_sequence_length": 1605097520841, "benchmarks.DTWF.time_many_replicates": 1605097569662, "benchmarks.Hudson.peakmem_human_chr22": 1605097604530, "benchmarks.Hudson.peakmem_large_sample_size": 1605097674655, "benchmarks.Hudson.peakmem_long_sequence_length": 1605097726160, "benchmarks.Hudson.peakmem_long_sequence_length_gene_conversion": 1605097778666, "benchmarks.Hudson.peakmem_many_replicates": 1605097808363, "benchmarks.Hudson.time_human_chr22": 1605097843435, "benchmarks.Hudson.time_large_sample_size": 1605097913410, "benchmarks.Hudson.time_long_sequence_length": 1605097965416, "benchmarks.Hudson.time_long_sequence_length_gene_conversion": 1605098017972, "benchmarks.Hudson.time_many_replicates": 1605098047569}, "benchmark_version": {"benchmarks.DTWF.peakmem_human_chr22": "f848688127844489b5870c5598d06fc61bdb8c1a31b2c71741fb842ce4869124", "benchmarks.DTWF.peakmem_large_population_size": "1c54016f27b74e5d827e0cf71dee2587b99237d50e0c3aa5bfb1e9a54bedf712", "benchmarks.DTWF.peakmem_long_sequence_length": "72b4498a433ac926a303683be39aa07c206b25c22caa613088af6cbe51544ce9", "benchmarks.DTWF.peakmem_many_replicates": "8d591fe1a84bfd039f312aef953605c494b28ed3e3b28bd41773b5a6bbab8e13", "benchmarks.DTWF.time_human_chr22": "d016729b716d45e5a6cc8608ae18480b4f3d6192cc29f39ad8e06222786408c6", "benchmarks.DTWF.time_large_population_size": "5393d907eb6d9700c18c23789395c3a6a8aecf236b49983e2d955dccc6f793a3", "benchmarks.DTWF.time_long_sequence_length": "89860f21a2ad81e267314c086383279e852e4560e27f425d127937bd62fb83f9", "benchmarks.DTWF.time_many_replicates": "8f8fa44794e1a510a8052653f41596e3e11adbcdc838d7ca59f99bdb491be41b", "benchmarks.Hudson.peakmem_human_chr22": "20ef616d263e941e12a3089b8e8dbfee94d982362fe475e40174ebc3506b102a", "benchmarks.Hudson.peakmem_large_sample_size": "0b75d04c5ff9994c35ae62a490034e021485c38567b2699884e524931587881a", "benchmarks.Hudson.peakmem_long_sequence_length": "edd9dee8418f69b81347803203f176ff269220225a8939dc1c4bc1ab32289f94", "benchmarks.Hudson.peakmem_long_sequence_length_gene_conversion": "2236f20c5a4cc1e037abd099ce1f70d0dd2045a14914c96dcc48d0507f45e1da", "benchmarks.Hudson.peakmem_many_replicates": "b93569a722fa5396ed6631750fbdd02c7b47148d63973610f802eb69db85679e", "benchmarks.Hudson.time_human_chr22": "e648432b5c065478e09802f16a5658d37b625c204e147517826817bd6b04acb1", "benchmarks.Hudson.time_large_sample_size": "7bc273fa1975809170f8f4dd7776de03dd9993132a83866c1c135afe37e4d541", "benchmarks.Hudson.time_long_sequence_length": "0b6c7c537bd986f4e9c36c5549b8e939955cbd49901f29827e3ce763790fb3b7", "benchmarks.Hudson.time_long_sequence_length_gene_conversion": "19005a2b4b33b284a84cc0ad033e2d2c646f2d264fd59a5a55e3c2246a05851b", "benchmarks.Hudson.time_many_replicates": "c0f9f49074ade65f919a2db206a10f03ba6f5b53fa86dce2a6a32e96dd8a5067"}, "version": 1}