{"results": {"benchmarks.DTWF.peakmem_human_chr22": 109826048, "benchmarks.DTWF.peakmem_large_population_size": 52785152, "benchmarks.DTWF.peakmem_long_sequence_length": 56651776, "benchmarks.DTWF.peakmem_many_replicates": 44826624, "benchmarks.DTWF.time_human_chr22": {"result": [37.01155638997443], "stats": [{"ci_99": [-Infinity, Infinity], "q_25": 37.01155638997443, "q_75": 37.01155638997443, "min": 37.01155638997443, "max": 37.01155638997443, "mean": 37.01155638997443, "std": 0.0, "repeat": 1, "number": 1}]}, "benchmarks.DTWF.time_large_population_size": {"result": [12.402331383986166], "stats": [{"ci_99": [-Infinity, Infinity], "q_25": 12.402331383986166, "q_75": 12.402331383986166, "min": 12.402331383986166, "max": 12.402331383986166, "mean": 12.402331383986166, "std": 0.0, "repeat": 1, "number": 1}]}, "benchmarks.DTWF.time_long_sequence_length": {"result": [13.009382059011841], "stats": [{"ci_99": [-Infinity, Infinity], "q_25": 13.009382059011841, "q_75": 13.009382059011841, "min": 13.009382059011841, "max": 13.009382059011841, "mean": 13.009382059011841, "std": 0.0, "repeat": 1, "number": 1}]}, "benchmarks.DTWF.time_many_replicates": {"result": [51.95180047399481], "stats": [{"ci_99": [-Infinity, Infinity], "q_25": 51.95180047399481, "q_75": 51.95180047399481, "min": 51.95180047399481, "max": 51.95180047399481, "mean": 51.95180047399481, "std": 0.0, "repeat": 1, "number": 1}]}, "benchmarks.Hudson.peakmem_human_chr22": 140173312, "benchmarks.Hudson.peakmem_large_sample_size": 843173888, "benchmarks.Hudson.peakmem_long_sequence_length": 168271872, "benchmarks.Hudson.peakmem_long_sequence_length_gene_conversion": 171245568, "benchmarks.Hudson.peakmem_many_replicates": 45109248, "benchmarks.Hudson.time_human_chr22": {"result": [31.953979322017403], "stats": [{"ci_99": [-Infinity, Infinity], "q_25": 31.953979322017403, "q_75": 31.953979322017403, "min": 31.953979322017403, "max": 31.953979322017403, "mean": 31.953979322017403, "std": 0.0, "repeat": 1, "number": 1}]}, "benchmarks.Hudson.time_large_sample_size": {"result": [56.92487703100778], "stats": [{"ci_99": [-Infinity, Infinity], "q_25": 56.92487703100778, "q_75": 56.92487703100778, "min": 56.92487703100778, "max": 56.92487703100778, "mean": 56.92487703100778, "std": 0.0, "repeat": 1, "number": 1}]}, "benchmarks.Hudson.time_long_sequence_length": {"result": [49.760995564982295], "stats": [{"ci_99": [-Infinity, Infinity], "q_25": 49.760995564982295, "q_75": 49.760995564982295, "min": 49.760995564982295, "max": 49.760995564982295, "mean": 49.760995564982295, "std": 0.0, "repeat": 1, "number": 1}]}, "benchmarks.Hudson.time_long_sequence_length_gene_conversion": {"result": [51.195583183987765], "stats": [{"ci_99": [-Infinity, Infinity], "q_25": 51.195583183987765, "q_75": 51.195583183987765, "min": 51.195583183987765, "max": 51.195583183987765, "mean": 51.195583183987765, "std": 0.0, "repeat": 1, "number": 1}]}, "benchmarks.Hudson.time_many_replicates": {"result": [31.4516756820085], "stats": [{"ci_99": [-Infinity, Infinity], "q_25": 31.4516756820085, "q_75": 31.4516756820085, "min": 31.4516756820085, "max": 31.4516756820085, "mean": 31.4516756820085, "std": 0.0, "repeat": 1, "number": 1}]}}, "params": {"arch": "x86_64", "cpu": "Intel(R) Core(TM) i5-3317U CPU @ 1.70GHz", "machine": "poplar", "num_cpu": "4", "os": "Linux 3.13.0-24-generic", "ram": "3931396", "python": "3.8", "stdpopsim": ""}, "requirements": {"stdpopsim": ""}, "commit_hash": "314a27df6434c893576868a7913eab7b3f21ca84", "date": 1585223903000, "env_name": "virtualenv-py3.8-stdpopsim", "python": "3.8", "profiles": {}, "started_at": {"benchmarks.DTWF.peakmem_human_chr22": 1602093407371, "benchmarks.DTWF.peakmem_large_population_size": 1602093444349, "benchmarks.DTWF.peakmem_long_sequence_length": 1602093456877, "benchmarks.DTWF.peakmem_many_replicates": 1602093469848, "benchmarks.DTWF.time_human_chr22": 1602093521976, "benchmarks.DTWF.time_large_population_size": 1602093559104, "benchmarks.DTWF.time_long_sequence_length": 1602093571632, "benchmarks.DTWF.time_many_replicates": 1602093584754, "benchmarks.Hudson.peakmem_human_chr22": 1602093636832, "benchmarks.Hudson.peakmem_large_sample_size": 1602093667996, "benchmarks.Hudson.peakmem_long_sequence_length": 1602093733167, "benchmarks.Hudson.peakmem_long_sequence_length_gene_conversion": 1602093783118, "benchmarks.Hudson.peakmem_many_replicates": 1602093834823, "benchmarks.Hudson.time_human_chr22": 1602093866171, "benchmarks.Hudson.time_large_sample_size": 1602093898236, "benchmarks.Hudson.time_long_sequence_length": 1602093955296, "benchmarks.Hudson.time_long_sequence_length_gene_conversion": 1602094005147, "benchmarks.Hudson.time_many_replicates": 1602094056450}, "ended_at": {"benchmarks.DTWF.peakmem_human_chr22": 1602093444348, "benchmarks.DTWF.peakmem_large_population_size": 1602093456876, "benchmarks.DTWF.peakmem_long_sequence_length": 1602093469848, "benchmarks.DTWF.peakmem_many_replicates": 1602093521976, "benchmarks.DTWF.time_human_chr22": 1602093559104, "benchmarks.DTWF.time_large_population_size": 1602093571632, "benchmarks.DTWF.time_long_sequence_length": 1602093584754, "benchmarks.DTWF.time_many_replicates": 1602093636832, "benchmarks.Hudson.peakmem_human_chr22": 1602093667996, "benchmarks.Hudson.peakmem_large_sample_size": 1602093733167, "benchmarks.Hudson.peakmem_long_sequence_length": 1602093783118, "benchmarks.Hudson.peakmem_long_sequence_length_gene_conversion": 1602093834822, "benchmarks.Hudson.peakmem_many_replicates": 1602093866170, "benchmarks.Hudson.time_human_chr22": 1602093898236, "benchmarks.Hudson.time_large_sample_size": 1602093955296, "benchmarks.Hudson.time_long_sequence_length": 1602094005147, "benchmarks.Hudson.time_long_sequence_length_gene_conversion": 1602094056450, "benchmarks.Hudson.time_many_replicates": 1602094087998}, "benchmark_version": {"benchmarks.DTWF.peakmem_human_chr22": "f848688127844489b5870c5598d06fc61bdb8c1a31b2c71741fb842ce4869124", "benchmarks.DTWF.peakmem_large_population_size": "1c54016f27b74e5d827e0cf71dee2587b99237d50e0c3aa5bfb1e9a54bedf712", "benchmarks.DTWF.peakmem_long_sequence_length": "72b4498a433ac926a303683be39aa07c206b25c22caa613088af6cbe51544ce9", "benchmarks.DTWF.peakmem_many_replicates": "8d591fe1a84bfd039f312aef953605c494b28ed3e3b28bd41773b5a6bbab8e13", "benchmarks.DTWF.time_human_chr22": "d016729b716d45e5a6cc8608ae18480b4f3d6192cc29f39ad8e06222786408c6", "benchmarks.DTWF.time_large_population_size": "5393d907eb6d9700c18c23789395c3a6a8aecf236b49983e2d955dccc6f793a3", "benchmarks.DTWF.time_long_sequence_length": "89860f21a2ad81e267314c086383279e852e4560e27f425d127937bd62fb83f9", "benchmarks.DTWF.time_many_replicates": "8f8fa44794e1a510a8052653f41596e3e11adbcdc838d7ca59f99bdb491be41b", "benchmarks.Hudson.peakmem_human_chr22": "20ef616d263e941e12a3089b8e8dbfee94d982362fe475e40174ebc3506b102a", "benchmarks.Hudson.peakmem_large_sample_size": "0b75d04c5ff9994c35ae62a490034e021485c38567b2699884e524931587881a", "benchmarks.Hudson.peakmem_long_sequence_length": "edd9dee8418f69b81347803203f176ff269220225a8939dc1c4bc1ab32289f94", "benchmarks.Hudson.peakmem_long_sequence_length_gene_conversion": "2236f20c5a4cc1e037abd099ce1f70d0dd2045a14914c96dcc48d0507f45e1da", "benchmarks.Hudson.peakmem_many_replicates": "b93569a722fa5396ed6631750fbdd02c7b47148d63973610f802eb69db85679e", "benchmarks.Hudson.time_human_chr22": "e648432b5c065478e09802f16a5658d37b625c204e147517826817bd6b04acb1", "benchmarks.Hudson.time_large_sample_size": "7bc273fa1975809170f8f4dd7776de03dd9993132a83866c1c135afe37e4d541", "benchmarks.Hudson.time_long_sequence_length": "0b6c7c537bd986f4e9c36c5549b8e939955cbd49901f29827e3ce763790fb3b7", "benchmarks.Hudson.time_long_sequence_length_gene_conversion": "19005a2b4b33b284a84cc0ad033e2d2c646f2d264fd59a5a55e3c2246a05851b", "benchmarks.Hudson.time_many_replicates": "c0f9f49074ade65f919a2db206a10f03ba6f5b53fa86dce2a6a32e96dd8a5067"}, "version": 1}