{"results": {"benchmarks.DTWF.peakmem_human_chr22": 113553408, "benchmarks.DTWF.peakmem_large_population_size": 57081856, "benchmarks.DTWF.peakmem_long_sequence_length": 59572224, "benchmarks.DTWF.peakmem_many_replicates": 49098752, "benchmarks.DTWF.time_human_chr22": {"result": [25.13602667802479], "stats": [{"ci_99": [-Infinity, Infinity], "q_25": 25.13602667802479, "q_75": 25.13602667802479, "min": 25.13602667802479, "max": 25.13602667802479, "mean": 25.13602667802479, "std": 0.0, "repeat": 1, "number": 1}]}, "benchmarks.DTWF.time_large_population_size": {"result": [10.85349629400298], "stats": [{"ci_99": [-Infinity, Infinity], "q_25": 10.85349629400298, "q_75": 10.85349629400298, "min": 10.85349629400298, "max": 10.85349629400298, "mean": 10.85349629400298, "std": 0.0, "repeat": 1, "number": 1}]}, "benchmarks.DTWF.time_long_sequence_length": {"result": [11.950399660971016], "stats": [{"ci_99": [-Infinity, Infinity], "q_25": 11.950399660971016, "q_75": 11.950399660971016, "min": 11.950399660971016, "max": 11.950399660971016, "mean": 11.950399660971016, "std": 0.0, "repeat": 1, "number": 1}]}, "benchmarks.DTWF.time_many_replicates": {"result": [47.23824043001514], "stats": [{"ci_99": [-Infinity, Infinity], "q_25": 47.23824043001514, "q_75": 47.23824043001514, "min": 47.23824043001514, "max": 47.23824043001514, "mean": 47.23824043001514, "std": 0.0, "repeat": 1, "number": 1}]}, "benchmarks.Hudson.peakmem_human_chr22": 150695936, "benchmarks.Hudson.peakmem_large_sample_size": 853266432, "benchmarks.Hudson.peakmem_long_sequence_length": 175157248, "benchmarks.Hudson.peakmem_long_sequence_length_gene_conversion": 176087040, "benchmarks.Hudson.peakmem_many_replicates": 48627712, "benchmarks.Hudson.time_human_chr22": {"result": [35.4354168419959], "stats": [{"ci_99": [-Infinity, Infinity], "q_25": 35.4354168419959, "q_75": 35.4354168419959, "min": 35.4354168419959, "max": 35.4354168419959, "mean": 35.4354168419959, "std": 0.0, "repeat": 1, "number": 1}]}, "benchmarks.Hudson.time_large_sample_size": {"result": [70.33364282594994], "stats": [{"ci_99": [-Infinity, Infinity], "q_25": 70.33364282594994, "q_75": 70.33364282594994, "min": 70.33364282594994, "max": 70.33364282594994, "mean": 70.33364282594994, "std": 0.0, "repeat": 1, "number": 1}]}, "benchmarks.Hudson.time_long_sequence_length": {"result": [50.44992210692726], "stats": [{"ci_99": [-Infinity, Infinity], "q_25": 50.44992210692726, "q_75": 50.44992210692726, "min": 50.44992210692726, "max": 50.44992210692726, "mean": 50.44992210692726, "std": 0.0, "repeat": 1, "number": 1}]}, "benchmarks.Hudson.time_long_sequence_length_gene_conversion": {"result": [50.78005307598505], "stats": [{"ci_99": [-Infinity, Infinity], "q_25": 50.78005307598505, "q_75": 50.78005307598505, "min": 50.78005307598505, "max": 50.78005307598505, "mean": 50.78005307598505, "std": 0.0, "repeat": 1, "number": 1}]}, "benchmarks.Hudson.time_many_replicates": {"result": [27.93449743196834], "stats": [{"ci_99": [-Infinity, Infinity], "q_25": 27.93449743196834, "q_75": 27.93449743196834, "min": 27.93449743196834, "max": 27.93449743196834, "mean": 27.93449743196834, "std": 0.0, "repeat": 1, "number": 1}]}}, "params": {"arch": "x86_64", "cpu": "Intel(R) Core(TM) i5-3317U CPU @ 1.70GHz", "machine": "poplar", "num_cpu": "4", "os": "Linux 3.13.0-24-generic", "ram": "3931396", "python": "3.8", "stdpopsim": ""}, "requirements": {"stdpopsim": ""}, "commit_hash": "36127bdea04cfd792d5a353c3389e4e649a9cb12", "date": 1605537535000, "env_name": "virtualenv-py3.8-stdpopsim", "python": "3.8", "profiles": {}, "started_at": {"benchmarks.DTWF.peakmem_human_chr22": 1605540176391, "benchmarks.DTWF.peakmem_large_population_size": 1605540202894, "benchmarks.DTWF.peakmem_long_sequence_length": 1605540214367, "benchmarks.DTWF.peakmem_many_replicates": 1605540226987, "benchmarks.DTWF.time_human_chr22": 1605540275005, "benchmarks.DTWF.time_large_population_size": 1605540300706, "benchmarks.DTWF.time_long_sequence_length": 1605540312131, "benchmarks.DTWF.time_many_replicates": 1605540324652, "benchmarks.Hudson.peakmem_human_chr22": 1605540372476, "benchmarks.Hudson.peakmem_large_sample_size": 1605540408450, "benchmarks.Hudson.peakmem_long_sequence_length": 1605540479276, "benchmarks.Hudson.peakmem_long_sequence_length_gene_conversion": 1605540529477, "benchmarks.Hudson.peakmem_many_replicates": 1605540580630, "benchmarks.Hudson.time_human_chr22": 1605540609376, "benchmarks.Hudson.time_large_sample_size": 1605540645400, "benchmarks.Hudson.time_long_sequence_length": 1605540716327, "benchmarks.Hudson.time_long_sequence_length_gene_conversion": 1605540767382, "benchmarks.Hudson.time_many_replicates": 1605540818735}, "ended_at": {"benchmarks.DTWF.peakmem_human_chr22": 1605540202893, "benchmarks.DTWF.peakmem_large_population_size": 1605540214367, "benchmarks.DTWF.peakmem_long_sequence_length": 1605540226986, "benchmarks.DTWF.peakmem_many_replicates": 1605540275005, "benchmarks.DTWF.time_human_chr22": 1605540300705, "benchmarks.DTWF.time_large_population_size": 1605540312131, "benchmarks.DTWF.time_long_sequence_length": 1605540324652, "benchmarks.DTWF.time_many_replicates": 1605540372476, "benchmarks.Hudson.peakmem_human_chr22": 1605540408450, "benchmarks.Hudson.peakmem_large_sample_size": 1605540479275, "benchmarks.Hudson.peakmem_long_sequence_length": 1605540529477, "benchmarks.Hudson.peakmem_long_sequence_length_gene_conversion": 1605540580630, "benchmarks.Hudson.peakmem_many_replicates": 1605540609376, "benchmarks.Hudson.time_human_chr22": 1605540645400, "benchmarks.Hudson.time_large_sample_size": 1605540716327, "benchmarks.Hudson.time_long_sequence_length": 1605540767381, "benchmarks.Hudson.time_long_sequence_length_gene_conversion": 1605540818734, "benchmarks.Hudson.time_many_replicates": 1605540847229}, "benchmark_version": {"benchmarks.DTWF.peakmem_human_chr22": "f848688127844489b5870c5598d06fc61bdb8c1a31b2c71741fb842ce4869124", "benchmarks.DTWF.peakmem_large_population_size": "1c54016f27b74e5d827e0cf71dee2587b99237d50e0c3aa5bfb1e9a54bedf712", "benchmarks.DTWF.peakmem_long_sequence_length": "72b4498a433ac926a303683be39aa07c206b25c22caa613088af6cbe51544ce9", "benchmarks.DTWF.peakmem_many_replicates": "8d591fe1a84bfd039f312aef953605c494b28ed3e3b28bd41773b5a6bbab8e13", "benchmarks.DTWF.time_human_chr22": "d016729b716d45e5a6cc8608ae18480b4f3d6192cc29f39ad8e06222786408c6", "benchmarks.DTWF.time_large_population_size": "5393d907eb6d9700c18c23789395c3a6a8aecf236b49983e2d955dccc6f793a3", "benchmarks.DTWF.time_long_sequence_length": "89860f21a2ad81e267314c086383279e852e4560e27f425d127937bd62fb83f9", "benchmarks.DTWF.time_many_replicates": "8f8fa44794e1a510a8052653f41596e3e11adbcdc838d7ca59f99bdb491be41b", "benchmarks.Hudson.peakmem_human_chr22": "20ef616d263e941e12a3089b8e8dbfee94d982362fe475e40174ebc3506b102a", "benchmarks.Hudson.peakmem_large_sample_size": "0b75d04c5ff9994c35ae62a490034e021485c38567b2699884e524931587881a", "benchmarks.Hudson.peakmem_long_sequence_length": "edd9dee8418f69b81347803203f176ff269220225a8939dc1c4bc1ab32289f94", "benchmarks.Hudson.peakmem_long_sequence_length_gene_conversion": "2236f20c5a4cc1e037abd099ce1f70d0dd2045a14914c96dcc48d0507f45e1da", "benchmarks.Hudson.peakmem_many_replicates": "b93569a722fa5396ed6631750fbdd02c7b47148d63973610f802eb69db85679e", "benchmarks.Hudson.time_human_chr22": "e648432b5c065478e09802f16a5658d37b625c204e147517826817bd6b04acb1", "benchmarks.Hudson.time_large_sample_size": "7bc273fa1975809170f8f4dd7776de03dd9993132a83866c1c135afe37e4d541", "benchmarks.Hudson.time_long_sequence_length": "0b6c7c537bd986f4e9c36c5549b8e939955cbd49901f29827e3ce763790fb3b7", "benchmarks.Hudson.time_long_sequence_length_gene_conversion": "19005a2b4b33b284a84cc0ad033e2d2c646f2d264fd59a5a55e3c2246a05851b", "benchmarks.Hudson.time_many_replicates": "c0f9f49074ade65f919a2db206a10f03ba6f5b53fa86dce2a6a32e96dd8a5067"}, "version": 1}