{"results": {"benchmarks.DTWF.peakmem_human_chr22": 109740032, "benchmarks.DTWF.peakmem_large_population_size": 55169024, "benchmarks.DTWF.peakmem_long_sequence_length": 47190016, "benchmarks.DTWF.peakmem_many_replicates": 46514176, "benchmarks.DTWF.time_human_chr22": {"result": [34.18731977399966], "stats": [{"ci_99": [-Infinity, Infinity], "q_25": 34.18731977399966, "q_75": 34.18731977399966, "min": 34.18731977399966, "max": 34.18731977399966, "mean": 34.18731977399966, "std": 0.0, "repeat": 1, "number": 1}]}, "benchmarks.DTWF.time_large_population_size": {"result": [10.868307919000472], "stats": [{"ci_99": [-Infinity, Infinity], "q_25": 10.868307919000472, "q_75": 10.868307919000472, "min": 10.868307919000472, "max": 10.868307919000472, "mean": 10.868307919000472, "std": 0.0, "repeat": 1, "number": 1}]}, "benchmarks.DTWF.time_long_sequence_length": {"result": [0.11201813500065327], "stats": [{"ci_99": [-Infinity, Infinity], "q_25": 0.11201813500065327, "q_75": 0.11201813500065327, "min": 0.11201813500065327, "max": 0.11201813500065327, "mean": 0.11201813500065327, "std": 0.0, "repeat": 1, "number": 1}]}, "benchmarks.DTWF.time_many_replicates": {"result": [46.95570965600018], "stats": [{"ci_99": [-Infinity, Infinity], "q_25": 46.95570965600018, "q_75": 46.95570965600018, "min": 46.95570965600018, "max": 46.95570965600018, "mean": 46.95570965600018, "std": 0.0, "repeat": 1, "number": 1}]}, "benchmarks.Hudson.peakmem_human_chr22": 148205568, "benchmarks.Hudson.peakmem_large_sample_size": 850735104, "benchmarks.Hudson.peakmem_long_sequence_length": 173850624, "benchmarks.Hudson.peakmem_many_replicates": 46514176, "benchmarks.Hudson.time_human_chr22": {"result": [54.884966053000426], "stats": [{"ci_99": [-Infinity, Infinity], "q_25": 54.884966053000426, "q_75": 54.884966053000426, "min": 54.884966053000426, "max": 54.884966053000426, "mean": 54.884966053000426, "std": 0.0, "repeat": 1, "number": 1}]}, "benchmarks.Hudson.time_large_sample_size": {"result": [70.4485911720003], "stats": [{"ci_99": [-Infinity, Infinity], "q_25": 70.4485911720003, "q_75": 70.4485911720003, "min": 70.4485911720003, "max": 70.4485911720003, "mean": 70.4485911720003, "std": 0.0, "repeat": 1, "number": 1}]}, "benchmarks.Hudson.time_long_sequence_length": {"result": [50.29704046899951], "stats": [{"ci_99": [-Infinity, Infinity], "q_25": 50.29704046899951, "q_75": 50.29704046899951, "min": 50.29704046899951, "max": 50.29704046899951, "mean": 50.29704046899951, "std": 0.0, "repeat": 1, "number": 1}]}, "benchmarks.Hudson.time_many_replicates": {"result": [28.29233289900003], "stats": [{"ci_99": [-Infinity, Infinity], "q_25": 28.29233289900003, "q_75": 28.29233289900003, "min": 28.29233289900003, "max": 28.29233289900003, "mean": 28.29233289900003, "std": 0.0, "repeat": 1, "number": 1}]}, "benchmarks.Hudson.peakmem_long_sequence_length_gene_conversion": 172285952, "benchmarks.Hudson.time_long_sequence_length_gene_conversion": {"result": [51.51099360399894], "stats": [{"ci_99": [-Infinity, Infinity], "q_25": 51.51099360399894, "q_75": 51.51099360399894, "min": 51.51099360399894, "max": 51.51099360399894, "mean": 51.51099360399894, "std": 0.0, "repeat": 1, "number": 1}]}}, "params": {"arch": "x86_64", "cpu": "Intel(R) Core(TM) i5-3317U CPU @ 1.70GHz", "machine": "poplar", "num_cpu": "4", "os": "Linux 3.13.0-24-generic", "ram": "3931396", "python": "3.8", "stdpopsim": ""}, "requirements": {"stdpopsim": ""}, "commit_hash": "373431c192b87a3f2f71a4ccc60f8fa83d43fa3b", "date": 1601364152000, "env_name": "virtualenv-py3.8-stdpopsim", "python": "3.8", "profiles": {}, "started_at": {"benchmarks.DTWF.peakmem_human_chr22": 1601463416102, "benchmarks.DTWF.peakmem_large_population_size": 1601463447669, "benchmarks.DTWF.peakmem_long_sequence_length": 1601463459145, "benchmarks.DTWF.peakmem_many_replicates": 1601463459849, "benchmarks.DTWF.time_human_chr22": 1601463507623, "benchmarks.DTWF.time_large_population_size": 1601463542396, "benchmarks.DTWF.time_long_sequence_length": 1601463553822, "benchmarks.DTWF.time_many_replicates": 1601463554526, "benchmarks.Hudson.peakmem_human_chr22": 1601463602049, "benchmarks.Hudson.peakmem_large_sample_size": 1601463658513, "benchmarks.Hudson.peakmem_long_sequence_length": 1601463729743, "benchmarks.Hudson.peakmem_many_replicates": 1601463780998, "benchmarks.Hudson.time_human_chr22": 1601463809993, "benchmarks.Hudson.time_large_sample_size": 1601463865454, "benchmarks.Hudson.time_long_sequence_length": 1601463936479, "benchmarks.Hudson.time_many_replicates": 1601463987382, "benchmarks.Hudson.peakmem_long_sequence_length_gene_conversion": 1601473568150, "benchmarks.Hudson.time_long_sequence_length_gene_conversion": 1601473620153}, "ended_at": {"benchmarks.DTWF.peakmem_human_chr22": 1601463447669, "benchmarks.DTWF.peakmem_large_population_size": 1601463459145, "benchmarks.DTWF.peakmem_long_sequence_length": 1601463459849, "benchmarks.DTWF.peakmem_many_replicates": 1601463507623, "benchmarks.DTWF.time_human_chr22": 1601463542395, "benchmarks.DTWF.time_large_population_size": 1601463553822, "benchmarks.DTWF.time_long_sequence_length": 1601463554525, "benchmarks.DTWF.time_many_replicates": 1601463602049, "benchmarks.Hudson.peakmem_human_chr22": 1601463658513, "benchmarks.Hudson.peakmem_large_sample_size": 1601463729743, "benchmarks.Hudson.peakmem_long_sequence_length": 1601463780997, "benchmarks.Hudson.peakmem_many_replicates": 1601463809993, "benchmarks.Hudson.time_human_chr22": 1601463865453, "benchmarks.Hudson.time_large_sample_size": 1601463936479, "benchmarks.Hudson.time_long_sequence_length": 1601463987382, "benchmarks.Hudson.time_many_replicates": 1601464016277, "benchmarks.Hudson.peakmem_long_sequence_length_gene_conversion": 1601473620153, "benchmarks.Hudson.time_long_sequence_length_gene_conversion": 1601473672257}, "benchmark_version": {"benchmarks.DTWF.peakmem_human_chr22": "f848688127844489b5870c5598d06fc61bdb8c1a31b2c71741fb842ce4869124", "benchmarks.DTWF.peakmem_large_population_size": "1c54016f27b74e5d827e0cf71dee2587b99237d50e0c3aa5bfb1e9a54bedf712", "benchmarks.DTWF.peakmem_long_sequence_length": "72b4498a433ac926a303683be39aa07c206b25c22caa613088af6cbe51544ce9", "benchmarks.DTWF.peakmem_many_replicates": "8d591fe1a84bfd039f312aef953605c494b28ed3e3b28bd41773b5a6bbab8e13", "benchmarks.DTWF.time_human_chr22": "d016729b716d45e5a6cc8608ae18480b4f3d6192cc29f39ad8e06222786408c6", "benchmarks.DTWF.time_large_population_size": "5393d907eb6d9700c18c23789395c3a6a8aecf236b49983e2d955dccc6f793a3", "benchmarks.DTWF.time_long_sequence_length": "89860f21a2ad81e267314c086383279e852e4560e27f425d127937bd62fb83f9", "benchmarks.DTWF.time_many_replicates": "8f8fa44794e1a510a8052653f41596e3e11adbcdc838d7ca59f99bdb491be41b", "benchmarks.Hudson.peakmem_human_chr22": "20ef616d263e941e12a3089b8e8dbfee94d982362fe475e40174ebc3506b102a", "benchmarks.Hudson.peakmem_large_sample_size": "0b75d04c5ff9994c35ae62a490034e021485c38567b2699884e524931587881a", "benchmarks.Hudson.peakmem_long_sequence_length": "edd9dee8418f69b81347803203f176ff269220225a8939dc1c4bc1ab32289f94", "benchmarks.Hudson.peakmem_many_replicates": "b93569a722fa5396ed6631750fbdd02c7b47148d63973610f802eb69db85679e", "benchmarks.Hudson.time_human_chr22": "e648432b5c065478e09802f16a5658d37b625c204e147517826817bd6b04acb1", "benchmarks.Hudson.time_large_sample_size": "7bc273fa1975809170f8f4dd7776de03dd9993132a83866c1c135afe37e4d541", "benchmarks.Hudson.time_long_sequence_length": "0b6c7c537bd986f4e9c36c5549b8e939955cbd49901f29827e3ce763790fb3b7", "benchmarks.Hudson.time_many_replicates": "c0f9f49074ade65f919a2db206a10f03ba6f5b53fa86dce2a6a32e96dd8a5067", "benchmarks.Hudson.peakmem_long_sequence_length_gene_conversion": "2236f20c5a4cc1e037abd099ce1f70d0dd2045a14914c96dcc48d0507f45e1da", "benchmarks.Hudson.time_long_sequence_length_gene_conversion": "19005a2b4b33b284a84cc0ad033e2d2c646f2d264fd59a5a55e3c2246a05851b"}, "version": 1}