{"results": {"benchmarks.DTWF.peakmem_human_chr22": 98623488, "benchmarks.DTWF.peakmem_large_population_size": null, "benchmarks.DTWF.peakmem_long_sequence_length": 53129216, "benchmarks.DTWF.peakmem_many_replicates": null, "benchmarks.DTWF.time_human_chr22": {"result": [96.66825505596353], "stats": [{"ci_99": [-Infinity, Infinity], "q_25": 96.66825505596353, "q_75": 96.66825505596353, "min": 96.66825505596353, "max": 96.66825505596353, "mean": 96.66825505596353, "std": 0.0, "repeat": 1, "number": 1}]}, "benchmarks.DTWF.time_large_population_size": null, "benchmarks.DTWF.time_long_sequence_length": {"result": [95.6597516539623], "stats": [{"ci_99": [-Infinity, Infinity], "q_25": 95.6597516539623, "q_75": 95.6597516539623, "min": 95.6597516539623, "max": 95.6597516539623, "mean": 95.6597516539623, "std": 0.0, "repeat": 1, "number": 1}]}, "benchmarks.DTWF.time_many_replicates": null, "benchmarks.Hudson.peakmem_human_chr22": 134246400, "benchmarks.Hudson.peakmem_large_sample_size": 792883200, "benchmarks.Hudson.peakmem_long_sequence_length": 161820672, "benchmarks.Hudson.peakmem_long_sequence_length_gene_conversion": 161820672, "benchmarks.Hudson.peakmem_many_replicates": 42729472, "benchmarks.Hudson.time_human_chr22": {"result": [57.50260988197988], "stats": [{"ci_99": [-Infinity, Infinity], "q_25": 57.50260988197988, "q_75": 57.50260988197988, "min": 57.50260988197988, "max": 57.50260988197988, "mean": 57.50260988197988, "std": 0.0, "repeat": 1, "number": 1}]}, "benchmarks.Hudson.time_large_sample_size": {"result": [55.950653597014025], "stats": [{"ci_99": [-Infinity, Infinity], "q_25": 55.950653597014025, "q_75": 55.950653597014025, "min": 55.950653597014025, "max": 55.950653597014025, "mean": 55.950653597014025, "std": 0.0, "repeat": 1, "number": 1}]}, "benchmarks.Hudson.time_long_sequence_length": {"result": [45.82679213199299], "stats": [{"ci_99": [-Infinity, Infinity], "q_25": 45.82679213199299, "q_75": 45.82679213199299, "min": 45.82679213199299, "max": 45.82679213199299, "mean": 45.82679213199299, "std": 0.0, "repeat": 1, "number": 1}]}, "benchmarks.Hudson.time_long_sequence_length_gene_conversion": {"result": [49.20626965595875], "stats": [{"ci_99": [-Infinity, Infinity], "q_25": 49.20626965595875, "q_75": 49.20626965595875, "min": 49.20626965595875, "max": 49.20626965595875, "mean": 49.20626965595875, "std": 0.0, "repeat": 1, "number": 1}]}, "benchmarks.Hudson.time_many_replicates": {"result": [30.295430590980686], "stats": [{"ci_99": [-Infinity, Infinity], "q_25": 30.295430590980686, "q_75": 30.295430590980686, "min": 30.295430590980686, "max": 30.295430590980686, "mean": 30.295430590980686, "std": 0.0, "repeat": 1, "number": 1}]}}, "params": {"arch": "x86_64", "cpu": "Intel(R) Core(TM) i5-3317U CPU @ 1.70GHz", "machine": "poplar", "num_cpu": "4", "os": "Linux 3.13.0-24-generic", "ram": "3931396", "python": "3.8", "stdpopsim": ""}, "requirements": {"stdpopsim": ""}, "commit_hash": "37a18d16b3f7e0360060d98fe4537bb1b29537f3", "date": 1564833687000, "env_name": "virtualenv-py3.8-stdpopsim", "python": "3.8", "profiles": {}, "started_at": {"benchmarks.DTWF.peakmem_human_chr22": 1602181349442, "benchmarks.DTWF.peakmem_large_population_size": 1602181445686, "benchmarks.DTWF.peakmem_long_sequence_length": 1602181565745, "benchmarks.DTWF.peakmem_many_replicates": 1602181661535, "benchmarks.DTWF.time_human_chr22": 1602181781612, "benchmarks.DTWF.time_large_population_size": 1602181878405, "benchmarks.DTWF.time_long_sequence_length": 1602181998465, "benchmarks.DTWF.time_many_replicates": 1602182094256, "benchmarks.Hudson.peakmem_human_chr22": 1602182214339, "benchmarks.Hudson.peakmem_large_sample_size": 1602182271053, "benchmarks.Hudson.peakmem_long_sequence_length": 1602182331816, "benchmarks.Hudson.peakmem_long_sequence_length_gene_conversion": 1602182377710, "benchmarks.Hudson.peakmem_many_replicates": 1602182426658, "benchmarks.Hudson.time_human_chr22": 1602182457106, "benchmarks.Hudson.time_large_sample_size": 1602182514720, "benchmarks.Hudson.time_long_sequence_length": 1602182570773, "benchmarks.Hudson.time_long_sequence_length_gene_conversion": 1602182616716, "benchmarks.Hudson.time_many_replicates": 1602182666016}, "ended_at": {"benchmarks.DTWF.peakmem_human_chr22": 1602181445685, "benchmarks.DTWF.peakmem_large_population_size": 1602181565744, "benchmarks.DTWF.peakmem_long_sequence_length": 1602181661535, "benchmarks.DTWF.peakmem_many_replicates": 1602181781611, "benchmarks.DTWF.time_human_chr22": 1602181878405, "benchmarks.DTWF.time_large_population_size": 1602181998465, "benchmarks.DTWF.time_long_sequence_length": 1602182094256, "benchmarks.DTWF.time_many_replicates": 1602182214339, "benchmarks.Hudson.peakmem_human_chr22": 1602182271053, "benchmarks.Hudson.peakmem_large_sample_size": 1602182331816, "benchmarks.Hudson.peakmem_long_sequence_length": 1602182377710, "benchmarks.Hudson.peakmem_long_sequence_length_gene_conversion": 1602182426658, "benchmarks.Hudson.peakmem_many_replicates": 1602182457106, "benchmarks.Hudson.time_human_chr22": 1602182514720, "benchmarks.Hudson.time_large_sample_size": 1602182570773, "benchmarks.Hudson.time_long_sequence_length": 1602182616715, "benchmarks.Hudson.time_long_sequence_length_gene_conversion": 1602182666015, "benchmarks.Hudson.time_many_replicates": 1602182696412}, "benchmark_version": {"benchmarks.DTWF.peakmem_human_chr22": "f848688127844489b5870c5598d06fc61bdb8c1a31b2c71741fb842ce4869124", "benchmarks.DTWF.peakmem_large_population_size": "1c54016f27b74e5d827e0cf71dee2587b99237d50e0c3aa5bfb1e9a54bedf712", "benchmarks.DTWF.peakmem_long_sequence_length": "72b4498a433ac926a303683be39aa07c206b25c22caa613088af6cbe51544ce9", "benchmarks.DTWF.peakmem_many_replicates": "8d591fe1a84bfd039f312aef953605c494b28ed3e3b28bd41773b5a6bbab8e13", "benchmarks.DTWF.time_human_chr22": "d016729b716d45e5a6cc8608ae18480b4f3d6192cc29f39ad8e06222786408c6", "benchmarks.DTWF.time_large_population_size": "5393d907eb6d9700c18c23789395c3a6a8aecf236b49983e2d955dccc6f793a3", "benchmarks.DTWF.time_long_sequence_length": "89860f21a2ad81e267314c086383279e852e4560e27f425d127937bd62fb83f9", "benchmarks.DTWF.time_many_replicates": "8f8fa44794e1a510a8052653f41596e3e11adbcdc838d7ca59f99bdb491be41b", "benchmarks.Hudson.peakmem_human_chr22": "20ef616d263e941e12a3089b8e8dbfee94d982362fe475e40174ebc3506b102a", "benchmarks.Hudson.peakmem_large_sample_size": "0b75d04c5ff9994c35ae62a490034e021485c38567b2699884e524931587881a", "benchmarks.Hudson.peakmem_long_sequence_length": "edd9dee8418f69b81347803203f176ff269220225a8939dc1c4bc1ab32289f94", "benchmarks.Hudson.peakmem_long_sequence_length_gene_conversion": "2236f20c5a4cc1e037abd099ce1f70d0dd2045a14914c96dcc48d0507f45e1da", "benchmarks.Hudson.peakmem_many_replicates": "b93569a722fa5396ed6631750fbdd02c7b47148d63973610f802eb69db85679e", "benchmarks.Hudson.time_human_chr22": "e648432b5c065478e09802f16a5658d37b625c204e147517826817bd6b04acb1", "benchmarks.Hudson.time_large_sample_size": "7bc273fa1975809170f8f4dd7776de03dd9993132a83866c1c135afe37e4d541", "benchmarks.Hudson.time_long_sequence_length": "0b6c7c537bd986f4e9c36c5549b8e939955cbd49901f29827e3ce763790fb3b7", "benchmarks.Hudson.time_long_sequence_length_gene_conversion": "19005a2b4b33b284a84cc0ad033e2d2c646f2d264fd59a5a55e3c2246a05851b", "benchmarks.Hudson.time_many_replicates": "c0f9f49074ade65f919a2db206a10f03ba6f5b53fa86dce2a6a32e96dd8a5067"}, "version": 1}