{"results": {"benchmarks.DTWF.peakmem_human_chr22": 107388928, "benchmarks.DTWF.peakmem_large_population_size": 53194752, "benchmarks.DTWF.peakmem_long_sequence_length": 57122816, "benchmarks.DTWF.peakmem_many_replicates": 47738880, "benchmarks.DTWF.time_human_chr22": {"result": [36.851539032999426], "stats": [{"ci_99": [-Infinity, Infinity], "q_25": 36.851539032999426, "q_75": 36.851539032999426, "min": 36.851539032999426, "max": 36.851539032999426, "mean": 36.851539032999426, "std": 0.0, "repeat": 1, "number": 1}]}, "benchmarks.DTWF.time_large_population_size": {"result": [11.628106127027422], "stats": [{"ci_99": [-Infinity, Infinity], "q_25": 11.628106127027422, "q_75": 11.628106127027422, "min": 11.628106127027422, "max": 11.628106127027422, "mean": 11.628106127027422, "std": 0.0, "repeat": 1, "number": 1}]}, "benchmarks.DTWF.time_long_sequence_length": {"result": [12.788262659014435], "stats": [{"ci_99": [-Infinity, Infinity], "q_25": 12.788262659014435, "q_75": 12.788262659014435, "min": 12.788262659014435, "max": 12.788262659014435, "mean": 12.788262659014435, "std": 0.0, "repeat": 1, "number": 1}]}, "benchmarks.DTWF.time_many_replicates": {"result": [52.233019253995735], "stats": [{"ci_99": [-Infinity, Infinity], "q_25": 52.233019253995735, "q_75": 52.233019253995735, "min": 52.233019253995735, "max": 52.233019253995735, "mean": 52.233019253995735, "std": 0.0, "repeat": 1, "number": 1}]}, "benchmarks.Hudson.peakmem_human_chr22": 143593472, "benchmarks.Hudson.peakmem_large_sample_size": null, "benchmarks.Hudson.peakmem_long_sequence_length": 166141952, "benchmarks.Hudson.peakmem_long_sequence_length_gene_conversion": 167796736, "benchmarks.Hudson.peakmem_many_replicates": 44138496, "benchmarks.Hudson.time_human_chr22": {"result": [33.05839859499247], "stats": [{"ci_99": [-Infinity, Infinity], "q_25": 33.05839859499247, "q_75": 33.05839859499247, "min": 33.05839859499247, "max": 33.05839859499247, "mean": 33.05839859499247, "std": 0.0, "repeat": 1, "number": 1}]}, "benchmarks.Hudson.time_large_sample_size": null, "benchmarks.Hudson.time_long_sequence_length": {"result": [49.570545927999774], "stats": [{"ci_99": [-Infinity, Infinity], "q_25": 49.570545927999774, "q_75": 49.570545927999774, "min": 49.570545927999774, "max": 49.570545927999774, "mean": 49.570545927999774, "std": 0.0, "repeat": 1, "number": 1}]}, "benchmarks.Hudson.time_long_sequence_length_gene_conversion": {"result": [51.14018967800075], "stats": [{"ci_99": [-Infinity, Infinity], "q_25": 51.14018967800075, "q_75": 51.14018967800075, "min": 51.14018967800075, "max": 51.14018967800075, "mean": 51.14018967800075, "std": 0.0, "repeat": 1, "number": 1}]}, "benchmarks.Hudson.time_many_replicates": {"result": [32.3005486119946], "stats": [{"ci_99": [-Infinity, Infinity], "q_25": 32.3005486119946, "q_75": 32.3005486119946, "min": 32.3005486119946, "max": 32.3005486119946, "mean": 32.3005486119946, "std": 0.0, "repeat": 1, "number": 1}]}}, "params": {"arch": "x86_64", "cpu": "Intel(R) Core(TM) i5-3317U CPU @ 1.70GHz", "machine": "poplar", "num_cpu": "4", "os": "Linux 3.13.0-24-generic", "ram": "3931396", "python": "3.8", "stdpopsim": ""}, "requirements": {"stdpopsim": ""}, "commit_hash": "389f4862bcb4fc08089e5f8a620363844255be10", "date": 1597073281000, "env_name": "virtualenv-py3.8-stdpopsim", "python": "3.8", "profiles": {}, "started_at": {"benchmarks.DTWF.peakmem_human_chr22": 1602024595963, "benchmarks.DTWF.peakmem_large_population_size": 1602024633291, "benchmarks.DTWF.peakmem_long_sequence_length": 1602024645017, "benchmarks.DTWF.peakmem_many_replicates": 1602024657738, "benchmarks.DTWF.time_human_chr22": 1602024710217, "benchmarks.DTWF.time_large_population_size": 1602024747194, "benchmarks.DTWF.time_long_sequence_length": 1602024758920, "benchmarks.DTWF.time_many_replicates": 1602024771841, "benchmarks.Hudson.peakmem_human_chr22": 1602024824170, "benchmarks.Hudson.peakmem_large_sample_size": 1602024856987, "benchmarks.Hudson.peakmem_long_sequence_length": 1602024977085, "benchmarks.Hudson.peakmem_long_sequence_length_gene_conversion": 1602025027486, "benchmarks.Hudson.peakmem_many_replicates": 1602025077936, "benchmarks.Hudson.time_human_chr22": 1602025110536, "benchmarks.Hudson.time_large_sample_size": 1602025143704, "benchmarks.Hudson.time_long_sequence_length": 1602025263802, "benchmarks.Hudson.time_long_sequence_length_gene_conversion": 1602025313501, "benchmarks.Hudson.time_many_replicates": 1602025364754}, "ended_at": {"benchmarks.DTWF.peakmem_human_chr22": 1602024633291, "benchmarks.DTWF.peakmem_large_population_size": 1602024645017, "benchmarks.DTWF.peakmem_long_sequence_length": 1602024657738, "benchmarks.DTWF.peakmem_many_replicates": 1602024710217, "benchmarks.DTWF.time_human_chr22": 1602024747194, "benchmarks.DTWF.time_large_population_size": 1602024758920, "benchmarks.DTWF.time_long_sequence_length": 1602024771841, "benchmarks.DTWF.time_many_replicates": 1602024824170, "benchmarks.Hudson.peakmem_human_chr22": 1602024856986, "benchmarks.Hudson.peakmem_large_sample_size": 1602024977085, "benchmarks.Hudson.peakmem_long_sequence_length": 1602025027486, "benchmarks.Hudson.peakmem_long_sequence_length_gene_conversion": 1602025077936, "benchmarks.Hudson.peakmem_many_replicates": 1602025110536, "benchmarks.Hudson.time_human_chr22": 1602025143703, "benchmarks.Hudson.time_large_sample_size": 1602025263802, "benchmarks.Hudson.time_long_sequence_length": 1602025313501, "benchmarks.Hudson.time_long_sequence_length_gene_conversion": 1602025364754, "benchmarks.Hudson.time_many_replicates": 1602025397154}, "benchmark_version": {"benchmarks.DTWF.peakmem_human_chr22": "f848688127844489b5870c5598d06fc61bdb8c1a31b2c71741fb842ce4869124", "benchmarks.DTWF.peakmem_large_population_size": "1c54016f27b74e5d827e0cf71dee2587b99237d50e0c3aa5bfb1e9a54bedf712", "benchmarks.DTWF.peakmem_long_sequence_length": "72b4498a433ac926a303683be39aa07c206b25c22caa613088af6cbe51544ce9", "benchmarks.DTWF.peakmem_many_replicates": "8d591fe1a84bfd039f312aef953605c494b28ed3e3b28bd41773b5a6bbab8e13", "benchmarks.DTWF.time_human_chr22": "d016729b716d45e5a6cc8608ae18480b4f3d6192cc29f39ad8e06222786408c6", "benchmarks.DTWF.time_large_population_size": "5393d907eb6d9700c18c23789395c3a6a8aecf236b49983e2d955dccc6f793a3", "benchmarks.DTWF.time_long_sequence_length": "89860f21a2ad81e267314c086383279e852e4560e27f425d127937bd62fb83f9", "benchmarks.DTWF.time_many_replicates": "8f8fa44794e1a510a8052653f41596e3e11adbcdc838d7ca59f99bdb491be41b", "benchmarks.Hudson.peakmem_human_chr22": "20ef616d263e941e12a3089b8e8dbfee94d982362fe475e40174ebc3506b102a", "benchmarks.Hudson.peakmem_large_sample_size": "0b75d04c5ff9994c35ae62a490034e021485c38567b2699884e524931587881a", "benchmarks.Hudson.peakmem_long_sequence_length": "edd9dee8418f69b81347803203f176ff269220225a8939dc1c4bc1ab32289f94", "benchmarks.Hudson.peakmem_long_sequence_length_gene_conversion": "2236f20c5a4cc1e037abd099ce1f70d0dd2045a14914c96dcc48d0507f45e1da", "benchmarks.Hudson.peakmem_many_replicates": "b93569a722fa5396ed6631750fbdd02c7b47148d63973610f802eb69db85679e", "benchmarks.Hudson.time_human_chr22": "e648432b5c065478e09802f16a5658d37b625c204e147517826817bd6b04acb1", "benchmarks.Hudson.time_large_sample_size": "7bc273fa1975809170f8f4dd7776de03dd9993132a83866c1c135afe37e4d541", "benchmarks.Hudson.time_long_sequence_length": "0b6c7c537bd986f4e9c36c5549b8e939955cbd49901f29827e3ce763790fb3b7", "benchmarks.Hudson.time_long_sequence_length_gene_conversion": "19005a2b4b33b284a84cc0ad033e2d2c646f2d264fd59a5a55e3c2246a05851b", "benchmarks.Hudson.time_many_replicates": "c0f9f49074ade65f919a2db206a10f03ba6f5b53fa86dce2a6a32e96dd8a5067"}, "version": 1}