{"results": {"benchmarks.DTWF.peakmem_human_chr22": 98836480, "benchmarks.DTWF.peakmem_large_population_size": null, "benchmarks.DTWF.peakmem_long_sequence_length": 53342208, "benchmarks.DTWF.peakmem_many_replicates": null, "benchmarks.DTWF.time_human_chr22": {"result": [98.121792224003], "stats": [{"ci_99": [-Infinity, Infinity], "q_25": 98.121792224003, "q_75": 98.121792224003, "min": 98.121792224003, "max": 98.121792224003, "mean": 98.121792224003, "std": 0.0, "repeat": 1, "number": 1}]}, "benchmarks.DTWF.time_large_population_size": null, "benchmarks.DTWF.time_long_sequence_length": {"result": [97.16887178400066], "stats": [{"ci_99": [-Infinity, Infinity], "q_25": 97.16887178400066, "q_75": 97.16887178400066, "min": 97.16887178400066, "max": 97.16887178400066, "mean": 97.16887178400066, "std": 0.0, "repeat": 1, "number": 1}]}, "benchmarks.DTWF.time_many_replicates": null, "benchmarks.Hudson.peakmem_human_chr22": 134008832, "benchmarks.Hudson.peakmem_large_sample_size": 792895488, "benchmarks.Hudson.peakmem_long_sequence_length": 161832960, "benchmarks.Hudson.peakmem_long_sequence_length_gene_conversion": 161832960, "benchmarks.Hudson.peakmem_many_replicates": 42283008, "benchmarks.Hudson.time_human_chr22": {"result": [57.360600996005815], "stats": [{"ci_99": [-Infinity, Infinity], "q_25": 57.360600996005815, "q_75": 57.360600996005815, "min": 57.360600996005815, "max": 57.360600996005815, "mean": 57.360600996005815, "std": 0.0, "repeat": 1, "number": 1}]}, "benchmarks.Hudson.time_large_sample_size": {"result": [62.10097109200433], "stats": [{"ci_99": [-Infinity, Infinity], "q_25": 62.10097109200433, "q_75": 62.10097109200433, "min": 62.10097109200433, "max": 62.10097109200433, "mean": 62.10097109200433, "std": 0.0, "repeat": 1, "number": 1}]}, "benchmarks.Hudson.time_long_sequence_length": {"result": [48.106268014991656], "stats": [{"ci_99": [-Infinity, Infinity], "q_25": 48.106268014991656, "q_75": 48.106268014991656, "min": 48.106268014991656, "max": 48.106268014991656, "mean": 48.106268014991656, "std": 0.0, "repeat": 1, "number": 1}]}, "benchmarks.Hudson.time_long_sequence_length_gene_conversion": {"result": [46.75534619402606], "stats": [{"ci_99": [-Infinity, Infinity], "q_25": 46.75534619402606, "q_75": 46.75534619402606, "min": 46.75534619402606, "max": 46.75534619402606, "mean": 46.75534619402606, "std": 0.0, "repeat": 1, "number": 1}]}, "benchmarks.Hudson.time_many_replicates": {"result": [30.46618796803523], "stats": [{"ci_99": [-Infinity, Infinity], "q_25": 30.46618796803523, "q_75": 30.46618796803523, "min": 30.46618796803523, "max": 30.46618796803523, "mean": 30.46618796803523, "std": 0.0, "repeat": 1, "number": 1}]}}, "params": {"arch": "x86_64", "cpu": "Intel(R) Core(TM) i5-3317U CPU @ 1.70GHz", "machine": "poplar", "num_cpu": "4", "os": "Linux 3.13.0-24-generic", "ram": "3931396", "python": "3.8", "stdpopsim": ""}, "requirements": {"stdpopsim": ""}, "commit_hash": "397cec15a0b3c1100f7576f8c9511030a4c03cf7", "date": 1563117372000, "env_name": "virtualenv-py3.8-stdpopsim", "python": "3.8", "profiles": {}, "started_at": {"benchmarks.DTWF.peakmem_human_chr22": 1602188549699, "benchmarks.DTWF.peakmem_large_population_size": 1602188645891, "benchmarks.DTWF.peakmem_long_sequence_length": 1602188765959, "benchmarks.DTWF.peakmem_many_replicates": 1602188861249, "benchmarks.DTWF.time_human_chr22": 1602188981326, "benchmarks.DTWF.time_large_population_size": 1602189079572, "benchmarks.DTWF.time_long_sequence_length": 1602189199641, "benchmarks.DTWF.time_many_replicates": 1602189296934, "benchmarks.Hudson.peakmem_human_chr22": 1602189417010, "benchmarks.Hudson.peakmem_large_sample_size": 1602189474322, "benchmarks.Hudson.peakmem_long_sequence_length": 1602189531329, "benchmarks.Hudson.peakmem_long_sequence_length_gene_conversion": 1602189577622, "benchmarks.Hudson.peakmem_many_replicates": 1602189627171, "benchmarks.Hudson.time_human_chr22": 1602189657918, "benchmarks.Hudson.time_large_sample_size": 1602189715381, "benchmarks.Hudson.time_long_sequence_length": 1602189777593, "benchmarks.Hudson.time_long_sequence_length_gene_conversion": 1602189825788, "benchmarks.Hudson.time_many_replicates": 1602189872631}, "ended_at": {"benchmarks.DTWF.peakmem_human_chr22": 1602188645891, "benchmarks.DTWF.peakmem_large_population_size": 1602188765959, "benchmarks.DTWF.peakmem_long_sequence_length": 1602188861249, "benchmarks.DTWF.peakmem_many_replicates": 1602188981326, "benchmarks.DTWF.time_human_chr22": 1602189079572, "benchmarks.DTWF.time_large_population_size": 1602189199640, "benchmarks.DTWF.time_long_sequence_length": 1602189296934, "benchmarks.DTWF.time_many_replicates": 1602189417010, "benchmarks.Hudson.peakmem_human_chr22": 1602189474322, "benchmarks.Hudson.peakmem_large_sample_size": 1602189531329, "benchmarks.Hudson.peakmem_long_sequence_length": 1602189577622, "benchmarks.Hudson.peakmem_long_sequence_length_gene_conversion": 1602189627171, "benchmarks.Hudson.peakmem_many_replicates": 1602189657918, "benchmarks.Hudson.time_human_chr22": 1602189715381, "benchmarks.Hudson.time_large_sample_size": 1602189777592, "benchmarks.Hudson.time_long_sequence_length": 1602189825788, "benchmarks.Hudson.time_long_sequence_length_gene_conversion": 1602189872631, "benchmarks.Hudson.time_many_replicates": 1602189903228}, "benchmark_version": {"benchmarks.DTWF.peakmem_human_chr22": "f848688127844489b5870c5598d06fc61bdb8c1a31b2c71741fb842ce4869124", "benchmarks.DTWF.peakmem_large_population_size": "1c54016f27b74e5d827e0cf71dee2587b99237d50e0c3aa5bfb1e9a54bedf712", "benchmarks.DTWF.peakmem_long_sequence_length": "72b4498a433ac926a303683be39aa07c206b25c22caa613088af6cbe51544ce9", "benchmarks.DTWF.peakmem_many_replicates": "8d591fe1a84bfd039f312aef953605c494b28ed3e3b28bd41773b5a6bbab8e13", "benchmarks.DTWF.time_human_chr22": "d016729b716d45e5a6cc8608ae18480b4f3d6192cc29f39ad8e06222786408c6", "benchmarks.DTWF.time_large_population_size": "5393d907eb6d9700c18c23789395c3a6a8aecf236b49983e2d955dccc6f793a3", "benchmarks.DTWF.time_long_sequence_length": "89860f21a2ad81e267314c086383279e852e4560e27f425d127937bd62fb83f9", "benchmarks.DTWF.time_many_replicates": "8f8fa44794e1a510a8052653f41596e3e11adbcdc838d7ca59f99bdb491be41b", "benchmarks.Hudson.peakmem_human_chr22": "20ef616d263e941e12a3089b8e8dbfee94d982362fe475e40174ebc3506b102a", "benchmarks.Hudson.peakmem_large_sample_size": "0b75d04c5ff9994c35ae62a490034e021485c38567b2699884e524931587881a", "benchmarks.Hudson.peakmem_long_sequence_length": "edd9dee8418f69b81347803203f176ff269220225a8939dc1c4bc1ab32289f94", "benchmarks.Hudson.peakmem_long_sequence_length_gene_conversion": "2236f20c5a4cc1e037abd099ce1f70d0dd2045a14914c96dcc48d0507f45e1da", "benchmarks.Hudson.peakmem_many_replicates": "b93569a722fa5396ed6631750fbdd02c7b47148d63973610f802eb69db85679e", "benchmarks.Hudson.time_human_chr22": "e648432b5c065478e09802f16a5658d37b625c204e147517826817bd6b04acb1", "benchmarks.Hudson.time_large_sample_size": "7bc273fa1975809170f8f4dd7776de03dd9993132a83866c1c135afe37e4d541", "benchmarks.Hudson.time_long_sequence_length": "0b6c7c537bd986f4e9c36c5549b8e939955cbd49901f29827e3ce763790fb3b7", "benchmarks.Hudson.time_long_sequence_length_gene_conversion": "19005a2b4b33b284a84cc0ad033e2d2c646f2d264fd59a5a55e3c2246a05851b", "benchmarks.Hudson.time_many_replicates": "c0f9f49074ade65f919a2db206a10f03ba6f5b53fa86dce2a6a32e96dd8a5067"}, "version": 1}