{"results": {"benchmarks.DTWF.peakmem_human_chr22": 109371392, "benchmarks.DTWF.peakmem_large_population_size": 51957760, "benchmarks.DTWF.peakmem_long_sequence_length": 55947264, "benchmarks.DTWF.peakmem_many_replicates": 44634112, "benchmarks.DTWF.time_human_chr22": {"result": [39.1173912420054], "stats": [{"ci_99": [-Infinity, Infinity], "q_25": 39.1173912420054, "q_75": 39.1173912420054, "min": 39.1173912420054, "max": 39.1173912420054, "mean": 39.1173912420054, "std": 0.0, "repeat": 1, "number": 1}]}, "benchmarks.DTWF.time_large_population_size": {"result": [10.911531985999318], "stats": [{"ci_99": [-Infinity, Infinity], "q_25": 10.911531985999318, "q_75": 10.911531985999318, "min": 10.911531985999318, "max": 10.911531985999318, "mean": 10.911531985999318, "std": 0.0, "repeat": 1, "number": 1}]}, "benchmarks.DTWF.time_long_sequence_length": {"result": [12.572262052999577], "stats": [{"ci_99": [-Infinity, Infinity], "q_25": 12.572262052999577, "q_75": 12.572262052999577, "min": 12.572262052999577, "max": 12.572262052999577, "mean": 12.572262052999577, "std": 0.0, "repeat": 1, "number": 1}]}, "benchmarks.DTWF.time_many_replicates": {"result": [51.52581102200202], "stats": [{"ci_99": [-Infinity, Infinity], "q_25": 51.52581102200202, "q_75": 51.52581102200202, "min": 51.52581102200202, "max": 51.52581102200202, "mean": 51.52581102200202, "std": 0.0, "repeat": 1, "number": 1}]}, "benchmarks.Hudson.peakmem_human_chr22": 142303232, "benchmarks.Hudson.peakmem_large_sample_size": 836149248, "benchmarks.Hudson.peakmem_long_sequence_length": 166277120, "benchmarks.Hudson.peakmem_long_sequence_length_gene_conversion": 167292928, "benchmarks.Hudson.peakmem_many_replicates": 43831296, "benchmarks.Hudson.time_human_chr22": {"result": [31.760095080011524], "stats": [{"ci_99": [-Infinity, Infinity], "q_25": 31.760095080011524, "q_75": 31.760095080011524, "min": 31.760095080011524, "max": 31.760095080011524, "mean": 31.760095080011524, "std": 0.0, "repeat": 1, "number": 1}]}, "benchmarks.Hudson.time_large_sample_size": {"result": [55.32202225600486], "stats": [{"ci_99": [-Infinity, Infinity], "q_25": 55.32202225600486, "q_75": 55.32202225600486, "min": 55.32202225600486, "max": 55.32202225600486, "mean": 55.32202225600486, "std": 0.0, "repeat": 1, "number": 1}]}, "benchmarks.Hudson.time_long_sequence_length": {"result": [49.86406941799214], "stats": [{"ci_99": [-Infinity, Infinity], "q_25": 49.86406941799214, "q_75": 49.86406941799214, "min": 49.86406941799214, "max": 49.86406941799214, "mean": 49.86406941799214, "std": 0.0, "repeat": 1, "number": 1}]}, "benchmarks.Hudson.time_long_sequence_length_gene_conversion": {"result": [51.60880966298282], "stats": [{"ci_99": [-Infinity, Infinity], "q_25": 51.60880966298282, "q_75": 51.60880966298282, "min": 51.60880966298282, "max": 51.60880966298282, "mean": 51.60880966298282, "std": 0.0, "repeat": 1, "number": 1}]}, "benchmarks.Hudson.time_many_replicates": {"result": [32.3769211480103], "stats": [{"ci_99": [-Infinity, Infinity], "q_25": 32.3769211480103, "q_75": 32.3769211480103, "min": 32.3769211480103, "max": 32.3769211480103, "mean": 32.3769211480103, "std": 0.0, "repeat": 1, "number": 1}]}}, "params": {"arch": "x86_64", "cpu": "Intel(R) Core(TM) i5-3317U CPU @ 1.70GHz", "machine": "poplar", "num_cpu": "4", "os": "Linux 3.13.0-24-generic", "ram": "3931396", "python": "3.8", "stdpopsim": ""}, "requirements": {"stdpopsim": ""}, "commit_hash": "3ad4e863e6ee6a58b4b455117f52a814b7e49acf", "date": 1588267806000, "env_name": "virtualenv-py3.8-stdpopsim", "python": "3.8", "profiles": {}, "started_at": {"benchmarks.DTWF.peakmem_human_chr22": 1602073349361, "benchmarks.DTWF.peakmem_large_population_size": 1602073388993, "benchmarks.DTWF.peakmem_long_sequence_length": 1602073400018, "benchmarks.DTWF.peakmem_many_replicates": 1602073412589, "benchmarks.DTWF.time_human_chr22": 1602073464416, "benchmarks.DTWF.time_large_population_size": 1602073503648, "benchmarks.DTWF.time_long_sequence_length": 1602073514673, "benchmarks.DTWF.time_many_replicates": 1602073527343, "benchmarks.Hudson.peakmem_human_chr22": 1602073578971, "benchmarks.Hudson.peakmem_large_sample_size": 1602073611086, "benchmarks.Hudson.peakmem_long_sequence_length": 1602073666890, "benchmarks.Hudson.peakmem_long_sequence_length_gene_conversion": 1602073717943, "benchmarks.Hudson.peakmem_many_replicates": 1602073768695, "benchmarks.Hudson.time_human_chr22": 1602073801445, "benchmarks.Hudson.time_large_sample_size": 1602073833311, "benchmarks.Hudson.time_long_sequence_length": 1602073888765, "benchmarks.Hudson.time_long_sequence_length_gene_conversion": 1602073938765, "benchmarks.Hudson.time_many_replicates": 1602073990470}, "ended_at": {"benchmarks.DTWF.peakmem_human_chr22": 1602073388993, "benchmarks.DTWF.peakmem_large_population_size": 1602073400018, "benchmarks.DTWF.peakmem_long_sequence_length": 1602073412589, "benchmarks.DTWF.peakmem_many_replicates": 1602073464416, "benchmarks.DTWF.time_human_chr22": 1602073503647, "benchmarks.DTWF.time_large_population_size": 1602073514672, "benchmarks.DTWF.time_long_sequence_length": 1602073527343, "benchmarks.DTWF.time_many_replicates": 1602073578971, "benchmarks.Hudson.peakmem_human_chr22": 1602073611086, "benchmarks.Hudson.peakmem_large_sample_size": 1602073666890, "benchmarks.Hudson.peakmem_long_sequence_length": 1602073717943, "benchmarks.Hudson.peakmem_long_sequence_length_gene_conversion": 1602073768695, "benchmarks.Hudson.peakmem_many_replicates": 1602073801445, "benchmarks.Hudson.time_human_chr22": 1602073833310, "benchmarks.Hudson.time_large_sample_size": 1602073888764, "benchmarks.Hudson.time_long_sequence_length": 1602073938765, "benchmarks.Hudson.time_long_sequence_length_gene_conversion": 1602073990470, "benchmarks.Hudson.time_many_replicates": 1602074022969}, "benchmark_version": {"benchmarks.DTWF.peakmem_human_chr22": "f848688127844489b5870c5598d06fc61bdb8c1a31b2c71741fb842ce4869124", "benchmarks.DTWF.peakmem_large_population_size": "1c54016f27b74e5d827e0cf71dee2587b99237d50e0c3aa5bfb1e9a54bedf712", "benchmarks.DTWF.peakmem_long_sequence_length": "72b4498a433ac926a303683be39aa07c206b25c22caa613088af6cbe51544ce9", "benchmarks.DTWF.peakmem_many_replicates": "8d591fe1a84bfd039f312aef953605c494b28ed3e3b28bd41773b5a6bbab8e13", "benchmarks.DTWF.time_human_chr22": "d016729b716d45e5a6cc8608ae18480b4f3d6192cc29f39ad8e06222786408c6", "benchmarks.DTWF.time_large_population_size": "5393d907eb6d9700c18c23789395c3a6a8aecf236b49983e2d955dccc6f793a3", "benchmarks.DTWF.time_long_sequence_length": "89860f21a2ad81e267314c086383279e852e4560e27f425d127937bd62fb83f9", "benchmarks.DTWF.time_many_replicates": "8f8fa44794e1a510a8052653f41596e3e11adbcdc838d7ca59f99bdb491be41b", "benchmarks.Hudson.peakmem_human_chr22": "20ef616d263e941e12a3089b8e8dbfee94d982362fe475e40174ebc3506b102a", "benchmarks.Hudson.peakmem_large_sample_size": "0b75d04c5ff9994c35ae62a490034e021485c38567b2699884e524931587881a", "benchmarks.Hudson.peakmem_long_sequence_length": "edd9dee8418f69b81347803203f176ff269220225a8939dc1c4bc1ab32289f94", "benchmarks.Hudson.peakmem_long_sequence_length_gene_conversion": "2236f20c5a4cc1e037abd099ce1f70d0dd2045a14914c96dcc48d0507f45e1da", "benchmarks.Hudson.peakmem_many_replicates": "b93569a722fa5396ed6631750fbdd02c7b47148d63973610f802eb69db85679e", "benchmarks.Hudson.time_human_chr22": "e648432b5c065478e09802f16a5658d37b625c204e147517826817bd6b04acb1", "benchmarks.Hudson.time_large_sample_size": "7bc273fa1975809170f8f4dd7776de03dd9993132a83866c1c135afe37e4d541", "benchmarks.Hudson.time_long_sequence_length": "0b6c7c537bd986f4e9c36c5549b8e939955cbd49901f29827e3ce763790fb3b7", "benchmarks.Hudson.time_long_sequence_length_gene_conversion": "19005a2b4b33b284a84cc0ad033e2d2c646f2d264fd59a5a55e3c2246a05851b", "benchmarks.Hudson.time_many_replicates": "c0f9f49074ade65f919a2db206a10f03ba6f5b53fa86dce2a6a32e96dd8a5067"}, "version": 1}