{"results": {"benchmarks.DTWF.peakmem_human_chr22": 112234496, "benchmarks.DTWF.peakmem_large_population_size": 55328768, "benchmarks.DTWF.peakmem_long_sequence_length": 58347520, "benchmarks.DTWF.peakmem_many_replicates": 47955968, "benchmarks.DTWF.time_human_chr22": {"result": [36.66172676201677], "stats": [{"ci_99": [-Infinity, Infinity], "q_25": 36.66172676201677, "q_75": 36.66172676201677, "min": 36.66172676201677, "max": 36.66172676201677, "mean": 36.66172676201677, "std": 0.0, "repeat": 1, "number": 1}]}, "benchmarks.DTWF.time_large_population_size": {"result": [11.665745497011812], "stats": [{"ci_99": [-Infinity, Infinity], "q_25": 11.665745497011812, "q_75": 11.665745497011812, "min": 11.665745497011812, "max": 11.665745497011812, "mean": 11.665745497011812, "std": 0.0, "repeat": 1, "number": 1}]}, "benchmarks.DTWF.time_long_sequence_length": {"result": [12.425253352004802], "stats": [{"ci_99": [-Infinity, Infinity], "q_25": 12.425253352004802, "q_75": 12.425253352004802, "min": 12.425253352004802, "max": 12.425253352004802, "mean": 12.425253352004802, "std": 0.0, "repeat": 1, "number": 1}]}, "benchmarks.DTWF.time_many_replicates": {"result": [53.009381559997564], "stats": [{"ci_99": [-Infinity, Infinity], "q_25": 53.009381559997564, "q_75": 53.009381559997564, "min": 53.009381559997564, "max": 53.009381559997564, "mean": 53.009381559997564, "std": 0.0, "repeat": 1, "number": 1}]}, "benchmarks.Hudson.peakmem_human_chr22": 144625664, "benchmarks.Hudson.peakmem_large_sample_size": null, "benchmarks.Hudson.peakmem_long_sequence_length": 168935424, "benchmarks.Hudson.peakmem_long_sequence_length_gene_conversion": 170602496, "benchmarks.Hudson.peakmem_many_replicates": 48148480, "benchmarks.Hudson.time_human_chr22": {"result": [34.10023003802053], "stats": [{"ci_99": [-Infinity, Infinity], "q_25": 34.10023003802053, "q_75": 34.10023003802053, "min": 34.10023003802053, "max": 34.10023003802053, "mean": 34.10023003802053, "std": 0.0, "repeat": 1, "number": 1}]}, "benchmarks.Hudson.time_large_sample_size": null, "benchmarks.Hudson.time_long_sequence_length": {"result": [49.75069024899858], "stats": [{"ci_99": [-Infinity, Infinity], "q_25": 49.75069024899858, "q_75": 49.75069024899858, "min": 49.75069024899858, "max": 49.75069024899858, "mean": 49.75069024899858, "std": 0.0, "repeat": 1, "number": 1}]}, "benchmarks.Hudson.time_long_sequence_length_gene_conversion": {"result": [52.318227035983], "stats": [{"ci_99": [-Infinity, Infinity], "q_25": 52.318227035983, "q_75": 52.318227035983, "min": 52.318227035983, "max": 52.318227035983, "mean": 52.318227035983, "std": 0.0, "repeat": 1, "number": 1}]}, "benchmarks.Hudson.time_many_replicates": {"result": [33.10331769299228], "stats": [{"ci_99": [-Infinity, Infinity], "q_25": 33.10331769299228, "q_75": 33.10331769299228, "min": 33.10331769299228, "max": 33.10331769299228, "mean": 33.10331769299228, "std": 0.0, "repeat": 1, "number": 1}]}}, "params": {"arch": "x86_64", "cpu": "Intel(R) Core(TM) i5-3317U CPU @ 1.70GHz", "machine": "poplar", "num_cpu": "4", "os": "Linux 3.13.0-24-generic", "ram": "3931396", "python": "3.8", "stdpopsim": ""}, "requirements": {"stdpopsim": ""}, "commit_hash": "3b44252807b3645c7b349b739dd37cd45ceae09a", "date": 1597861521000, "env_name": "virtualenv-py3.8-stdpopsim", "python": "3.8", "profiles": {}, "started_at": {"benchmarks.DTWF.peakmem_human_chr22": 1602019348115, "benchmarks.DTWF.peakmem_large_population_size": 1602019388348, "benchmarks.DTWF.peakmem_long_sequence_length": 1602019400124, "benchmarks.DTWF.peakmem_many_replicates": 1602019412845, "benchmarks.DTWF.time_human_chr22": 1602019466074, "benchmarks.DTWF.time_large_population_size": 1602019502851, "benchmarks.DTWF.time_long_sequence_length": 1602019514627, "benchmarks.DTWF.time_many_replicates": 1602019527148, "benchmarks.Hudson.peakmem_human_chr22": 1602019580277, "benchmarks.Hudson.peakmem_large_sample_size": 1602019613946, "benchmarks.Hudson.peakmem_long_sequence_length": 1602019734046, "benchmarks.Hudson.peakmem_long_sequence_length_gene_conversion": 1602019783394, "benchmarks.Hudson.peakmem_many_replicates": 1602019834746, "benchmarks.Hudson.time_human_chr22": 1602019868097, "benchmarks.Hudson.time_large_sample_size": 1602019902317, "benchmarks.Hudson.time_long_sequence_length": 1602020022415, "benchmarks.Hudson.time_long_sequence_length_gene_conversion": 1602020072263, "benchmarks.Hudson.time_many_replicates": 1602020124719}, "ended_at": {"benchmarks.DTWF.peakmem_human_chr22": 1602019388347, "benchmarks.DTWF.peakmem_large_population_size": 1602019400124, "benchmarks.DTWF.peakmem_long_sequence_length": 1602019412845, "benchmarks.DTWF.peakmem_many_replicates": 1602019466074, "benchmarks.DTWF.time_human_chr22": 1602019502851, "benchmarks.DTWF.time_large_population_size": 1602019514627, "benchmarks.DTWF.time_long_sequence_length": 1602019527147, "benchmarks.DTWF.time_many_replicates": 1602019580277, "benchmarks.Hudson.peakmem_human_chr22": 1602019613945, "benchmarks.Hudson.peakmem_large_sample_size": 1602019734046, "benchmarks.Hudson.peakmem_long_sequence_length": 1602019783394, "benchmarks.Hudson.peakmem_long_sequence_length_gene_conversion": 1602019834746, "benchmarks.Hudson.peakmem_many_replicates": 1602019868097, "benchmarks.Hudson.time_human_chr22": 1602019902316, "benchmarks.Hudson.time_large_sample_size": 1602020022414, "benchmarks.Hudson.time_long_sequence_length": 1602020072263, "benchmarks.Hudson.time_long_sequence_length_gene_conversion": 1602020124719, "benchmarks.Hudson.time_many_replicates": 1602020157919}, "benchmark_version": {"benchmarks.DTWF.peakmem_human_chr22": "f848688127844489b5870c5598d06fc61bdb8c1a31b2c71741fb842ce4869124", "benchmarks.DTWF.peakmem_large_population_size": "1c54016f27b74e5d827e0cf71dee2587b99237d50e0c3aa5bfb1e9a54bedf712", "benchmarks.DTWF.peakmem_long_sequence_length": "72b4498a433ac926a303683be39aa07c206b25c22caa613088af6cbe51544ce9", "benchmarks.DTWF.peakmem_many_replicates": "8d591fe1a84bfd039f312aef953605c494b28ed3e3b28bd41773b5a6bbab8e13", "benchmarks.DTWF.time_human_chr22": "d016729b716d45e5a6cc8608ae18480b4f3d6192cc29f39ad8e06222786408c6", "benchmarks.DTWF.time_large_population_size": "5393d907eb6d9700c18c23789395c3a6a8aecf236b49983e2d955dccc6f793a3", "benchmarks.DTWF.time_long_sequence_length": "89860f21a2ad81e267314c086383279e852e4560e27f425d127937bd62fb83f9", "benchmarks.DTWF.time_many_replicates": "8f8fa44794e1a510a8052653f41596e3e11adbcdc838d7ca59f99bdb491be41b", "benchmarks.Hudson.peakmem_human_chr22": "20ef616d263e941e12a3089b8e8dbfee94d982362fe475e40174ebc3506b102a", "benchmarks.Hudson.peakmem_large_sample_size": "0b75d04c5ff9994c35ae62a490034e021485c38567b2699884e524931587881a", "benchmarks.Hudson.peakmem_long_sequence_length": "edd9dee8418f69b81347803203f176ff269220225a8939dc1c4bc1ab32289f94", "benchmarks.Hudson.peakmem_long_sequence_length_gene_conversion": "2236f20c5a4cc1e037abd099ce1f70d0dd2045a14914c96dcc48d0507f45e1da", "benchmarks.Hudson.peakmem_many_replicates": "b93569a722fa5396ed6631750fbdd02c7b47148d63973610f802eb69db85679e", "benchmarks.Hudson.time_human_chr22": "e648432b5c065478e09802f16a5658d37b625c204e147517826817bd6b04acb1", "benchmarks.Hudson.time_large_sample_size": "7bc273fa1975809170f8f4dd7776de03dd9993132a83866c1c135afe37e4d541", "benchmarks.Hudson.time_long_sequence_length": "0b6c7c537bd986f4e9c36c5549b8e939955cbd49901f29827e3ce763790fb3b7", "benchmarks.Hudson.time_long_sequence_length_gene_conversion": "19005a2b4b33b284a84cc0ad033e2d2c646f2d264fd59a5a55e3c2246a05851b", "benchmarks.Hudson.time_many_replicates": "c0f9f49074ade65f919a2db206a10f03ba6f5b53fa86dce2a6a32e96dd8a5067"}, "version": 1}