{"results": {"benchmarks.DTWF.peakmem_human_chr22": 108814336, "benchmarks.DTWF.peakmem_large_population_size": 53571584, "benchmarks.DTWF.peakmem_long_sequence_length": 55824384, "benchmarks.DTWF.peakmem_many_replicates": 45137920, "benchmarks.DTWF.time_human_chr22": {"result": [32.83152297700144], "stats": [{"ci_99": [-Infinity, Infinity], "q_25": 32.83152297700144, "q_75": 32.83152297700144, "min": 32.83152297700144, "max": 32.83152297700144, "mean": 32.83152297700144, "std": 0.0, "repeat": 1, "number": 1}]}, "benchmarks.DTWF.time_large_population_size": {"result": [11.647244248997595], "stats": [{"ci_99": [-Infinity, Infinity], "q_25": 11.647244248997595, "q_75": 11.647244248997595, "min": 11.647244248997595, "max": 11.647244248997595, "mean": 11.647244248997595, "std": 0.0, "repeat": 1, "number": 1}]}, "benchmarks.DTWF.time_long_sequence_length": {"result": [12.235701628997049], "stats": [{"ci_99": [-Infinity, Infinity], "q_25": 12.235701628997049, "q_75": 12.235701628997049, "min": 12.235701628997049, "max": 12.235701628997049, "mean": 12.235701628997049, "std": 0.0, "repeat": 1, "number": 1}]}, "benchmarks.DTWF.time_many_replicates": {"result": [47.65980148199742], "stats": [{"ci_99": [-Infinity, Infinity], "q_25": 47.65980148199742, "q_75": 47.65980148199742, "min": 47.65980148199742, "max": 47.65980148199742, "mean": 47.65980148199742, "std": 0.0, "repeat": 1, "number": 1}]}, "benchmarks.Hudson.peakmem_human_chr22": 147496960, "benchmarks.Hudson.peakmem_large_sample_size": 850124800, "benchmarks.Hudson.peakmem_long_sequence_length": 170602496, "benchmarks.Hudson.peakmem_long_sequence_length_gene_conversion": 171343872, "benchmarks.Hudson.peakmem_many_replicates": 44990464, "benchmarks.Hudson.time_human_chr22": {"result": [56.25753070599603], "stats": [{"ci_99": [-Infinity, Infinity], "q_25": 56.25753070599603, "q_75": 56.25753070599603, "min": 56.25753070599603, "max": 56.25753070599603, "mean": 56.25753070599603, "std": 0.0, "repeat": 1, "number": 1}]}, "benchmarks.Hudson.time_large_sample_size": {"result": [70.78844412499893], "stats": [{"ci_99": [-Infinity, Infinity], "q_25": 70.78844412499893, "q_75": 70.78844412499893, "min": 70.78844412499893, "max": 70.78844412499893, "mean": 70.78844412499893, "std": 0.0, "repeat": 1, "number": 1}]}, "benchmarks.Hudson.time_long_sequence_length": {"result": [50.71266585600097], "stats": [{"ci_99": [-Infinity, Infinity], "q_25": 50.71266585600097, "q_75": 50.71266585600097, "min": 50.71266585600097, "max": 50.71266585600097, "mean": 50.71266585600097, "std": 0.0, "repeat": 1, "number": 1}]}, "benchmarks.Hudson.time_long_sequence_length_gene_conversion": {"result": [53.067400752996036], "stats": [{"ci_99": [-Infinity, Infinity], "q_25": 53.067400752996036, "q_75": 53.067400752996036, "min": 53.067400752996036, "max": 53.067400752996036, "mean": 53.067400752996036, "std": 0.0, "repeat": 1, "number": 1}]}, "benchmarks.Hudson.time_many_replicates": {"result": [28.1116113149983], "stats": [{"ci_99": [-Infinity, Infinity], "q_25": 28.1116113149983, "q_75": 28.1116113149983, "min": 28.1116113149983, "max": 28.1116113149983, "mean": 28.1116113149983, "std": 0.0, "repeat": 1, "number": 1}]}}, "params": {"arch": "x86_64", "cpu": "Intel(R) Core(TM) i5-3317U CPU @ 1.70GHz", "machine": "poplar", "num_cpu": "4", "os": "Linux 3.13.0-24-generic", "ram": "3931396", "python": "3.8", "stdpopsim": ""}, "requirements": {"stdpopsim": ""}, "commit_hash": "3c23b49decbd27be2794cc13b15df25f2e3c09f5", "date": 1600678130000, "env_name": "virtualenv-py3.8-stdpopsim", "python": "3.8", "profiles": {}, "started_at": {"benchmarks.DTWF.peakmem_human_chr22": 1601897115654, "benchmarks.DTWF.peakmem_large_population_size": 1601897148571, "benchmarks.DTWF.peakmem_long_sequence_length": 1601897160347, "benchmarks.DTWF.peakmem_many_replicates": 1601897172868, "benchmarks.DTWF.time_human_chr22": 1601897220740, "benchmarks.DTWF.time_large_population_size": 1601897253708, "benchmarks.DTWF.time_long_sequence_length": 1601897265484, "benchmarks.DTWF.time_many_replicates": 1601897277854, "benchmarks.Hudson.peakmem_human_chr22": 1601897325626, "benchmarks.Hudson.peakmem_large_sample_size": 1601897380735, "benchmarks.Hudson.peakmem_long_sequence_length": 1601897450958, "benchmarks.Hudson.peakmem_long_sequence_length_gene_conversion": 1601897501208, "benchmarks.Hudson.peakmem_many_replicates": 1601897553913, "benchmarks.Hudson.time_human_chr22": 1601897582107, "benchmarks.Hudson.time_large_sample_size": 1601897638467, "benchmarks.Hudson.time_long_sequence_length": 1601897709395, "benchmarks.Hudson.time_long_sequence_length_gene_conversion": 1601897760245, "benchmarks.Hudson.time_many_replicates": 1601897813451}, "ended_at": {"benchmarks.DTWF.peakmem_human_chr22": 1601897148571, "benchmarks.DTWF.peakmem_large_population_size": 1601897160347, "benchmarks.DTWF.peakmem_long_sequence_length": 1601897172868, "benchmarks.DTWF.peakmem_many_replicates": 1601897220740, "benchmarks.DTWF.time_human_chr22": 1601897253707, "benchmarks.DTWF.time_large_population_size": 1601897265484, "benchmarks.DTWF.time_long_sequence_length": 1601897277854, "benchmarks.DTWF.time_many_replicates": 1601897325626, "benchmarks.Hudson.peakmem_human_chr22": 1601897380735, "benchmarks.Hudson.peakmem_large_sample_size": 1601897450958, "benchmarks.Hudson.peakmem_long_sequence_length": 1601897501208, "benchmarks.Hudson.peakmem_long_sequence_length_gene_conversion": 1601897553913, "benchmarks.Hudson.peakmem_many_replicates": 1601897582106, "benchmarks.Hudson.time_human_chr22": 1601897638467, "benchmarks.Hudson.time_large_sample_size": 1601897709395, "benchmarks.Hudson.time_long_sequence_length": 1601897760245, "benchmarks.Hudson.time_long_sequence_length_gene_conversion": 1601897813451, "benchmarks.Hudson.time_many_replicates": 1601897841694}, "benchmark_version": {"benchmarks.DTWF.peakmem_human_chr22": "f848688127844489b5870c5598d06fc61bdb8c1a31b2c71741fb842ce4869124", "benchmarks.DTWF.peakmem_large_population_size": "1c54016f27b74e5d827e0cf71dee2587b99237d50e0c3aa5bfb1e9a54bedf712", "benchmarks.DTWF.peakmem_long_sequence_length": "72b4498a433ac926a303683be39aa07c206b25c22caa613088af6cbe51544ce9", "benchmarks.DTWF.peakmem_many_replicates": "8d591fe1a84bfd039f312aef953605c494b28ed3e3b28bd41773b5a6bbab8e13", "benchmarks.DTWF.time_human_chr22": "d016729b716d45e5a6cc8608ae18480b4f3d6192cc29f39ad8e06222786408c6", "benchmarks.DTWF.time_large_population_size": "5393d907eb6d9700c18c23789395c3a6a8aecf236b49983e2d955dccc6f793a3", "benchmarks.DTWF.time_long_sequence_length": "89860f21a2ad81e267314c086383279e852e4560e27f425d127937bd62fb83f9", "benchmarks.DTWF.time_many_replicates": "8f8fa44794e1a510a8052653f41596e3e11adbcdc838d7ca59f99bdb491be41b", "benchmarks.Hudson.peakmem_human_chr22": "20ef616d263e941e12a3089b8e8dbfee94d982362fe475e40174ebc3506b102a", "benchmarks.Hudson.peakmem_large_sample_size": "0b75d04c5ff9994c35ae62a490034e021485c38567b2699884e524931587881a", "benchmarks.Hudson.peakmem_long_sequence_length": "edd9dee8418f69b81347803203f176ff269220225a8939dc1c4bc1ab32289f94", "benchmarks.Hudson.peakmem_long_sequence_length_gene_conversion": "2236f20c5a4cc1e037abd099ce1f70d0dd2045a14914c96dcc48d0507f45e1da", "benchmarks.Hudson.peakmem_many_replicates": "b93569a722fa5396ed6631750fbdd02c7b47148d63973610f802eb69db85679e", "benchmarks.Hudson.time_human_chr22": "e648432b5c065478e09802f16a5658d37b625c204e147517826817bd6b04acb1", "benchmarks.Hudson.time_large_sample_size": "7bc273fa1975809170f8f4dd7776de03dd9993132a83866c1c135afe37e4d541", "benchmarks.Hudson.time_long_sequence_length": "0b6c7c537bd986f4e9c36c5549b8e939955cbd49901f29827e3ce763790fb3b7", "benchmarks.Hudson.time_long_sequence_length_gene_conversion": "19005a2b4b33b284a84cc0ad033e2d2c646f2d264fd59a5a55e3c2246a05851b", "benchmarks.Hudson.time_many_replicates": "c0f9f49074ade65f919a2db206a10f03ba6f5b53fa86dce2a6a32e96dd8a5067"}, "version": 1}