{"results": {"benchmarks.DTWF.peakmem_human_chr22": 112070656, "benchmarks.DTWF.peakmem_large_population_size": 57102336, "benchmarks.DTWF.peakmem_long_sequence_length": 59584512, "benchmarks.DTWF.peakmem_many_replicates": 49119232, "benchmarks.DTWF.time_human_chr22": {"result": [26.06259177206084], "stats": [{"ci_99": [-Infinity, Infinity], "q_25": 26.06259177206084, "q_75": 26.06259177206084, "min": 26.06259177206084, "max": 26.06259177206084, "mean": 26.06259177206084, "std": 0.0, "repeat": 1, "number": 1}]}, "benchmarks.DTWF.time_large_population_size": {"result": [10.875642302911729], "stats": [{"ci_99": [-Infinity, Infinity], "q_25": 10.875642302911729, "q_75": 10.875642302911729, "min": 10.875642302911729, "max": 10.875642302911729, "mean": 10.875642302911729, "std": 0.0, "repeat": 1, "number": 1}]}, "benchmarks.DTWF.time_long_sequence_length": {"result": [11.946218174998648], "stats": [{"ci_99": [-Infinity, Infinity], "q_25": 11.946218174998648, "q_75": 11.946218174998648, "min": 11.946218174998648, "max": 11.946218174998648, "mean": 11.946218174998648, "std": 0.0, "repeat": 1, "number": 1}]}, "benchmarks.DTWF.time_many_replicates": {"result": [46.56346885196399], "stats": [{"ci_99": [-Infinity, Infinity], "q_25": 46.56346885196399, "q_75": 46.56346885196399, "min": 46.56346885196399, "max": 46.56346885196399, "mean": 46.56346885196399, "std": 0.0, "repeat": 1, "number": 1}]}, "benchmarks.Hudson.peakmem_human_chr22": 149975040, "benchmarks.Hudson.peakmem_large_sample_size": 854007808, "benchmarks.Hudson.peakmem_long_sequence_length": 175112192, "benchmarks.Hudson.peakmem_long_sequence_length_gene_conversion": 176504832, "benchmarks.Hudson.peakmem_many_replicates": 48627712, "benchmarks.Hudson.time_human_chr22": {"result": [34.208017179975286], "stats": [{"ci_99": [-Infinity, Infinity], "q_25": 34.208017179975286, "q_75": 34.208017179975286, "min": 34.208017179975286, "max": 34.208017179975286, "mean": 34.208017179975286, "std": 0.0, "repeat": 1, "number": 1}]}, "benchmarks.Hudson.time_large_sample_size": {"result": [67.95636813098099], "stats": [{"ci_99": [-Infinity, Infinity], "q_25": 67.95636813098099, "q_75": 67.95636813098099, "min": 67.95636813098099, "max": 67.95636813098099, "mean": 67.95636813098099, "std": 0.0, "repeat": 1, "number": 1}]}, "benchmarks.Hudson.time_long_sequence_length": {"result": [50.713438495993614], "stats": [{"ci_99": [-Infinity, Infinity], "q_25": 50.713438495993614, "q_75": 50.713438495993614, "min": 50.713438495993614, "max": 50.713438495993614, "mean": 50.713438495993614, "std": 0.0, "repeat": 1, "number": 1}]}, "benchmarks.Hudson.time_long_sequence_length_gene_conversion": {"result": [52.51337428903207], "stats": [{"ci_99": [-Infinity, Infinity], "q_25": 52.51337428903207, "q_75": 52.51337428903207, "min": 52.51337428903207, "max": 52.51337428903207, "mean": 52.51337428903207, "std": 0.0, "repeat": 1, "number": 1}]}, "benchmarks.Hudson.time_many_replicates": {"result": [27.920702527975664], "stats": [{"ci_99": [-Infinity, Infinity], "q_25": 27.920702527975664, "q_75": 27.920702527975664, "min": 27.920702527975664, "max": 27.920702527975664, "mean": 27.920702527975664, "std": 0.0, "repeat": 1, "number": 1}]}}, "params": {"arch": "x86_64", "cpu": "Intel(R) Core(TM) i5-3317U CPU @ 1.70GHz", "machine": "poplar", "num_cpu": "4", "os": "Linux 3.13.0-24-generic", "ram": "3931396", "python": "3.8", "stdpopsim": ""}, "requirements": {"stdpopsim": ""}, "commit_hash": "3dd8fa7d059c442e53cb675aae9fa952a7048ebb", "date": 1605722610000, "env_name": "virtualenv-py3.8-stdpopsim", "python": "3.8", "profiles": {}, "started_at": {"benchmarks.DTWF.peakmem_human_chr22": 1605723774259, "benchmarks.DTWF.peakmem_large_population_size": 1605723800315, "benchmarks.DTWF.peakmem_long_sequence_length": 1605723811742, "benchmarks.DTWF.peakmem_many_replicates": 1605723824263, "benchmarks.DTWF.time_human_chr22": 1605723871987, "benchmarks.DTWF.time_large_population_size": 1605723898644, "benchmarks.DTWF.time_long_sequence_length": 1605723910120, "benchmarks.DTWF.time_many_replicates": 1605723922642, "benchmarks.Hudson.peakmem_human_chr22": 1605723969765, "benchmarks.Hudson.peakmem_large_sample_size": 1605724004237, "benchmarks.Hudson.peakmem_long_sequence_length": 1605724073462, "benchmarks.Hudson.peakmem_long_sequence_length_gene_conversion": 1605724124064, "benchmarks.Hudson.peakmem_many_replicates": 1605724174310, "benchmarks.Hudson.time_human_chr22": 1605724203106, "benchmarks.Hudson.time_large_sample_size": 1605724237878, "benchmarks.Hudson.time_long_sequence_length": 1605724306403, "benchmarks.Hudson.time_long_sequence_length_gene_conversion": 1605724357707, "benchmarks.Hudson.time_many_replicates": 1605724410814}, "ended_at": {"benchmarks.DTWF.peakmem_human_chr22": 1605723800315, "benchmarks.DTWF.peakmem_large_population_size": 1605723811741, "benchmarks.DTWF.peakmem_long_sequence_length": 1605723824263, "benchmarks.DTWF.peakmem_many_replicates": 1605723871987, "benchmarks.DTWF.time_human_chr22": 1605723898644, "benchmarks.DTWF.time_large_population_size": 1605723910120, "benchmarks.DTWF.time_long_sequence_length": 1605723922642, "benchmarks.DTWF.time_many_replicates": 1605723969765, "benchmarks.Hudson.peakmem_human_chr22": 1605724004236, "benchmarks.Hudson.peakmem_large_sample_size": 1605724073461, "benchmarks.Hudson.peakmem_long_sequence_length": 1605724124064, "benchmarks.Hudson.peakmem_long_sequence_length_gene_conversion": 1605724174310, "benchmarks.Hudson.peakmem_many_replicates": 1605724203105, "benchmarks.Hudson.time_human_chr22": 1605724237878, "benchmarks.Hudson.time_large_sample_size": 1605724306403, "benchmarks.Hudson.time_long_sequence_length": 1605724357707, "benchmarks.Hudson.time_long_sequence_length_gene_conversion": 1605724410814, "benchmarks.Hudson.time_many_replicates": 1605724439309}, "benchmark_version": {"benchmarks.DTWF.peakmem_human_chr22": "f848688127844489b5870c5598d06fc61bdb8c1a31b2c71741fb842ce4869124", "benchmarks.DTWF.peakmem_large_population_size": "1c54016f27b74e5d827e0cf71dee2587b99237d50e0c3aa5bfb1e9a54bedf712", "benchmarks.DTWF.peakmem_long_sequence_length": "72b4498a433ac926a303683be39aa07c206b25c22caa613088af6cbe51544ce9", "benchmarks.DTWF.peakmem_many_replicates": "8d591fe1a84bfd039f312aef953605c494b28ed3e3b28bd41773b5a6bbab8e13", "benchmarks.DTWF.time_human_chr22": "d016729b716d45e5a6cc8608ae18480b4f3d6192cc29f39ad8e06222786408c6", "benchmarks.DTWF.time_large_population_size": "5393d907eb6d9700c18c23789395c3a6a8aecf236b49983e2d955dccc6f793a3", "benchmarks.DTWF.time_long_sequence_length": "89860f21a2ad81e267314c086383279e852e4560e27f425d127937bd62fb83f9", "benchmarks.DTWF.time_many_replicates": "8f8fa44794e1a510a8052653f41596e3e11adbcdc838d7ca59f99bdb491be41b", "benchmarks.Hudson.peakmem_human_chr22": "20ef616d263e941e12a3089b8e8dbfee94d982362fe475e40174ebc3506b102a", "benchmarks.Hudson.peakmem_large_sample_size": "0b75d04c5ff9994c35ae62a490034e021485c38567b2699884e524931587881a", "benchmarks.Hudson.peakmem_long_sequence_length": "edd9dee8418f69b81347803203f176ff269220225a8939dc1c4bc1ab32289f94", "benchmarks.Hudson.peakmem_long_sequence_length_gene_conversion": "2236f20c5a4cc1e037abd099ce1f70d0dd2045a14914c96dcc48d0507f45e1da", "benchmarks.Hudson.peakmem_many_replicates": "b93569a722fa5396ed6631750fbdd02c7b47148d63973610f802eb69db85679e", "benchmarks.Hudson.time_human_chr22": "e648432b5c065478e09802f16a5658d37b625c204e147517826817bd6b04acb1", "benchmarks.Hudson.time_large_sample_size": "7bc273fa1975809170f8f4dd7776de03dd9993132a83866c1c135afe37e4d541", "benchmarks.Hudson.time_long_sequence_length": "0b6c7c537bd986f4e9c36c5549b8e939955cbd49901f29827e3ce763790fb3b7", "benchmarks.Hudson.time_long_sequence_length_gene_conversion": "19005a2b4b33b284a84cc0ad033e2d2c646f2d264fd59a5a55e3c2246a05851b", "benchmarks.Hudson.time_many_replicates": "c0f9f49074ade65f919a2db206a10f03ba6f5b53fa86dce2a6a32e96dd8a5067"}, "version": 1}