{"results": {"benchmarks.DTWF.peakmem_human_chr22": 106844160, "benchmarks.DTWF.peakmem_large_population_size": 52572160, "benchmarks.DTWF.peakmem_long_sequence_length": 54337536, "benchmarks.DTWF.peakmem_many_replicates": 44519424, "benchmarks.DTWF.time_human_chr22": {"result": [38.48369452098268], "stats": [{"ci_99": [-Infinity, Infinity], "q_25": 38.48369452098268, "q_75": 38.48369452098268, "min": 38.48369452098268, "max": 38.48369452098268, "mean": 38.48369452098268, "std": 0.0, "repeat": 1, "number": 1}]}, "benchmarks.DTWF.time_large_population_size": {"result": [10.89759246102767], "stats": [{"ci_99": [-Infinity, Infinity], "q_25": 10.89759246102767, "q_75": 10.89759246102767, "min": 10.89759246102767, "max": 10.89759246102767, "mean": 10.89759246102767, "std": 0.0, "repeat": 1, "number": 1}]}, "benchmarks.DTWF.time_long_sequence_length": {"result": [12.574122240999714], "stats": [{"ci_99": [-Infinity, Infinity], "q_25": 12.574122240999714, "q_75": 12.574122240999714, "min": 12.574122240999714, "max": 12.574122240999714, "mean": 12.574122240999714, "std": 0.0, "repeat": 1, "number": 1}]}, "benchmarks.DTWF.time_many_replicates": {"result": [50.503969538985984], "stats": [{"ci_99": [-Infinity, Infinity], "q_25": 50.503969538985984, "q_75": 50.503969538985984, "min": 50.503969538985984, "max": 50.503969538985984, "mean": 50.503969538985984, "std": 0.0, "repeat": 1, "number": 1}]}, "benchmarks.Hudson.peakmem_human_chr22": 140931072, "benchmarks.Hudson.peakmem_large_sample_size": 835919872, "benchmarks.Hudson.peakmem_long_sequence_length": 167899136, "benchmarks.Hudson.peakmem_long_sequence_length_gene_conversion": 170934272, "benchmarks.Hudson.peakmem_many_replicates": 44683264, "benchmarks.Hudson.time_human_chr22": {"result": [32.5332752809918], "stats": [{"ci_99": [-Infinity, Infinity], "q_25": 32.5332752809918, "q_75": 32.5332752809918, "min": 32.5332752809918, "max": 32.5332752809918, "mean": 32.5332752809918, "std": 0.0, "repeat": 1, "number": 1}]}, "benchmarks.Hudson.time_large_sample_size": {"result": [55.24585374997696], "stats": [{"ci_99": [-Infinity, Infinity], "q_25": 55.24585374997696, "q_75": 55.24585374997696, "min": 55.24585374997696, "max": 55.24585374997696, "mean": 55.24585374997696, "std": 0.0, "repeat": 1, "number": 1}]}, "benchmarks.Hudson.time_long_sequence_length": {"result": [49.46226777302218], "stats": [{"ci_99": [-Infinity, Infinity], "q_25": 49.46226777302218, "q_75": 49.46226777302218, "min": 49.46226777302218, "max": 49.46226777302218, "mean": 49.46226777302218, "std": 0.0, "repeat": 1, "number": 1}]}, "benchmarks.Hudson.time_long_sequence_length_gene_conversion": {"result": [51.32267092898837], "stats": [{"ci_99": [-Infinity, Infinity], "q_25": 51.32267092898837, "q_75": 51.32267092898837, "min": 51.32267092898837, "max": 51.32267092898837, "mean": 51.32267092898837, "std": 0.0, "repeat": 1, "number": 1}]}, "benchmarks.Hudson.time_many_replicates": {"result": [31.36191953200614], "stats": [{"ci_99": [-Infinity, Infinity], "q_25": 31.36191953200614, "q_75": 31.36191953200614, "min": 31.36191953200614, "max": 31.36191953200614, "mean": 31.36191953200614, "std": 0.0, "repeat": 1, "number": 1}]}}, "params": {"arch": "x86_64", "cpu": "Intel(R) Core(TM) i5-3317U CPU @ 1.70GHz", "machine": "poplar", "num_cpu": "4", "os": "Linux 3.13.0-24-generic", "ram": "3931396", "python": "3.8", "stdpopsim": ""}, "requirements": {"stdpopsim": ""}, "commit_hash": "3e50b0a5722fb480bcffb1e5a7f39710f8df83bc", "date": 1588343016000, "env_name": "virtualenv-py3.8-stdpopsim", "python": "3.8", "profiles": {}, "started_at": {"benchmarks.DTWF.peakmem_human_chr22": 1602071104716, "benchmarks.DTWF.peakmem_large_population_size": 1602071143748, "benchmarks.DTWF.peakmem_long_sequence_length": 1602071154773, "benchmarks.DTWF.peakmem_many_replicates": 1602071167194, "benchmarks.DTWF.time_human_chr22": 1602071218020, "benchmarks.DTWF.time_large_population_size": 1602071256601, "benchmarks.DTWF.time_long_sequence_length": 1602071267626, "benchmarks.DTWF.time_many_replicates": 1602071280297, "benchmarks.Hudson.peakmem_human_chr22": 1602071330923, "benchmarks.Hudson.peakmem_large_sample_size": 1602071363991, "benchmarks.Hudson.peakmem_long_sequence_length": 1602071418193, "benchmarks.Hudson.peakmem_long_sequence_length_gene_conversion": 1602071467643, "benchmarks.Hudson.peakmem_many_replicates": 1602071518546, "benchmarks.Hudson.time_human_chr22": 1602071550245, "benchmarks.Hudson.time_large_sample_size": 1602071582912, "benchmarks.Hudson.time_long_sequence_length": 1602071638266, "benchmarks.Hudson.time_long_sequence_length_gene_conversion": 1602071687817, "benchmarks.Hudson.time_many_replicates": 1602071739272}, "ended_at": {"benchmarks.DTWF.peakmem_human_chr22": 1602071143748, "benchmarks.DTWF.peakmem_large_population_size": 1602071154773, "benchmarks.DTWF.peakmem_long_sequence_length": 1602071167193, "benchmarks.DTWF.peakmem_many_replicates": 1602071218020, "benchmarks.DTWF.time_human_chr22": 1602071256601, "benchmarks.DTWF.time_large_population_size": 1602071267626, "benchmarks.DTWF.time_long_sequence_length": 1602071280296, "benchmarks.DTWF.time_many_replicates": 1602071330923, "benchmarks.Hudson.peakmem_human_chr22": 1602071363991, "benchmarks.Hudson.peakmem_large_sample_size": 1602071418193, "benchmarks.Hudson.peakmem_long_sequence_length": 1602071467643, "benchmarks.Hudson.peakmem_long_sequence_length_gene_conversion": 1602071518546, "benchmarks.Hudson.peakmem_many_replicates": 1602071550244, "benchmarks.Hudson.time_human_chr22": 1602071582912, "benchmarks.Hudson.time_large_sample_size": 1602071638266, "benchmarks.Hudson.time_long_sequence_length": 1602071687817, "benchmarks.Hudson.time_long_sequence_length_gene_conversion": 1602071739271, "benchmarks.Hudson.time_many_replicates": 1602071770770}, "benchmark_version": {"benchmarks.DTWF.peakmem_human_chr22": "f848688127844489b5870c5598d06fc61bdb8c1a31b2c71741fb842ce4869124", "benchmarks.DTWF.peakmem_large_population_size": "1c54016f27b74e5d827e0cf71dee2587b99237d50e0c3aa5bfb1e9a54bedf712", "benchmarks.DTWF.peakmem_long_sequence_length": "72b4498a433ac926a303683be39aa07c206b25c22caa613088af6cbe51544ce9", "benchmarks.DTWF.peakmem_many_replicates": "8d591fe1a84bfd039f312aef953605c494b28ed3e3b28bd41773b5a6bbab8e13", "benchmarks.DTWF.time_human_chr22": "d016729b716d45e5a6cc8608ae18480b4f3d6192cc29f39ad8e06222786408c6", "benchmarks.DTWF.time_large_population_size": "5393d907eb6d9700c18c23789395c3a6a8aecf236b49983e2d955dccc6f793a3", "benchmarks.DTWF.time_long_sequence_length": "89860f21a2ad81e267314c086383279e852e4560e27f425d127937bd62fb83f9", "benchmarks.DTWF.time_many_replicates": "8f8fa44794e1a510a8052653f41596e3e11adbcdc838d7ca59f99bdb491be41b", "benchmarks.Hudson.peakmem_human_chr22": "20ef616d263e941e12a3089b8e8dbfee94d982362fe475e40174ebc3506b102a", "benchmarks.Hudson.peakmem_large_sample_size": "0b75d04c5ff9994c35ae62a490034e021485c38567b2699884e524931587881a", "benchmarks.Hudson.peakmem_long_sequence_length": "edd9dee8418f69b81347803203f176ff269220225a8939dc1c4bc1ab32289f94", "benchmarks.Hudson.peakmem_long_sequence_length_gene_conversion": "2236f20c5a4cc1e037abd099ce1f70d0dd2045a14914c96dcc48d0507f45e1da", "benchmarks.Hudson.peakmem_many_replicates": "b93569a722fa5396ed6631750fbdd02c7b47148d63973610f802eb69db85679e", "benchmarks.Hudson.time_human_chr22": "e648432b5c065478e09802f16a5658d37b625c204e147517826817bd6b04acb1", "benchmarks.Hudson.time_large_sample_size": "7bc273fa1975809170f8f4dd7776de03dd9993132a83866c1c135afe37e4d541", "benchmarks.Hudson.time_long_sequence_length": "0b6c7c537bd986f4e9c36c5549b8e939955cbd49901f29827e3ce763790fb3b7", "benchmarks.Hudson.time_long_sequence_length_gene_conversion": "19005a2b4b33b284a84cc0ad033e2d2c646f2d264fd59a5a55e3c2246a05851b", "benchmarks.Hudson.time_many_replicates": "c0f9f49074ade65f919a2db206a10f03ba6f5b53fa86dce2a6a32e96dd8a5067"}, "version": 1}