{"results": {"benchmarks.DTWF.peakmem_human_chr22": 100503552, "benchmarks.DTWF.peakmem_large_population_size": null, "benchmarks.DTWF.peakmem_long_sequence_length": 54743040, "benchmarks.DTWF.peakmem_many_replicates": null, "benchmarks.DTWF.time_human_chr22": {"result": [90.88962250901386], "stats": [{"ci_99": [-Infinity, Infinity], "q_25": 90.88962250901386, "q_75": 90.88962250901386, "min": 90.88962250901386, "max": 90.88962250901386, "mean": 90.88962250901386, "std": 0.0, "repeat": 1, "number": 1}]}, "benchmarks.DTWF.time_large_population_size": null, "benchmarks.DTWF.time_long_sequence_length": {"result": [98.27691372099798], "stats": [{"ci_99": [-Infinity, Infinity], "q_25": 98.27691372099798, "q_75": 98.27691372099798, "min": 98.27691372099798, "max": 98.27691372099798, "mean": 98.27691372099798, "std": 0.0, "repeat": 1, "number": 1}]}, "benchmarks.DTWF.time_many_replicates": null, "benchmarks.Hudson.peakmem_human_chr22": 135999488, "benchmarks.Hudson.peakmem_large_sample_size": 835825664, "benchmarks.Hudson.peakmem_long_sequence_length": 165486592, "benchmarks.Hudson.peakmem_long_sequence_length_gene_conversion": 167059456, "benchmarks.Hudson.peakmem_many_replicates": 43409408, "benchmarks.Hudson.time_human_chr22": {"result": [31.568836105056107], "stats": [{"ci_99": [-Infinity, Infinity], "q_25": 31.568836105056107, "q_75": 31.568836105056107, "min": 31.568836105056107, "max": 31.568836105056107, "mean": 31.568836105056107, "std": 0.0, "repeat": 1, "number": 1}]}, "benchmarks.Hudson.time_large_sample_size": {"result": [52.65930429799482], "stats": [{"ci_99": [-Infinity, Infinity], "q_25": 52.65930429799482, "q_75": 52.65930429799482, "min": 52.65930429799482, "max": 52.65930429799482, "mean": 52.65930429799482, "std": 0.0, "repeat": 1, "number": 1}]}, "benchmarks.Hudson.time_long_sequence_length": {"result": [50.194842978031375], "stats": [{"ci_99": [-Infinity, Infinity], "q_25": 50.194842978031375, "q_75": 50.194842978031375, "min": 50.194842978031375, "max": 50.194842978031375, "mean": 50.194842978031375, "std": 0.0, "repeat": 1, "number": 1}]}, "benchmarks.Hudson.time_long_sequence_length_gene_conversion": {"result": [51.84105341002578], "stats": [{"ci_99": [-Infinity, Infinity], "q_25": 51.84105341002578, "q_75": 51.84105341002578, "min": 51.84105341002578, "max": 51.84105341002578, "mean": 51.84105341002578, "std": 0.0, "repeat": 1, "number": 1}]}, "benchmarks.Hudson.time_many_replicates": {"result": [30.582376695005223], "stats": [{"ci_99": [-Infinity, Infinity], "q_25": 30.582376695005223, "q_75": 30.582376695005223, "min": 30.582376695005223, "max": 30.582376695005223, "mean": 30.582376695005223, "std": 0.0, "repeat": 1, "number": 1}]}}, "params": {"arch": "x86_64", "cpu": "Intel(R) Core(TM) i5-3317U CPU @ 1.70GHz", "machine": "poplar", "num_cpu": "4", "os": "Linux 3.13.0-24-generic", "ram": "3931396", "python": "3.8", "stdpopsim": ""}, "requirements": {"stdpopsim": ""}, "commit_hash": "42088cd4ca50dbfa7a03abd6a545d406f9881a83", "date": 1582297547000, "env_name": "virtualenv-py3.8-stdpopsim", "python": "3.8", "profiles": {}, "started_at": {"benchmarks.DTWF.peakmem_human_chr22": 1602117852366, "benchmarks.DTWF.peakmem_large_population_size": 1602117946058, "benchmarks.DTWF.peakmem_long_sequence_length": 1602118066127, "benchmarks.DTWF.peakmem_many_replicates": 1602118163220, "benchmarks.DTWF.time_human_chr22": 1602118283296, "benchmarks.DTWF.time_large_population_size": 1602118374320, "benchmarks.DTWF.time_long_sequence_length": 1602118494378, "benchmarks.DTWF.time_many_replicates": 1602118592773, "benchmarks.Hudson.peakmem_human_chr22": 1602118712849, "benchmarks.Hudson.peakmem_large_sample_size": 1602118745165, "benchmarks.Hudson.peakmem_long_sequence_length": 1602118797261, "benchmarks.Hudson.peakmem_long_sequence_length_gene_conversion": 1602118848615, "benchmarks.Hudson.peakmem_many_replicates": 1602118900318, "benchmarks.Hudson.time_human_chr22": 1602118931015, "benchmarks.Hudson.time_large_sample_size": 1602118962680, "benchmarks.Hudson.time_long_sequence_length": 1602119015424, "benchmarks.Hudson.time_long_sequence_length_gene_conversion": 1602119065721, "benchmarks.Hudson.time_many_replicates": 1602119117676}, "ended_at": {"benchmarks.DTWF.peakmem_human_chr22": 1602117946058, "benchmarks.DTWF.peakmem_large_population_size": 1602118066127, "benchmarks.DTWF.peakmem_long_sequence_length": 1602118163220, "benchmarks.DTWF.peakmem_many_replicates": 1602118283296, "benchmarks.DTWF.time_human_chr22": 1602118374320, "benchmarks.DTWF.time_large_population_size": 1602118494378, "benchmarks.DTWF.time_long_sequence_length": 1602118592773, "benchmarks.DTWF.time_many_replicates": 1602118712849, "benchmarks.Hudson.peakmem_human_chr22": 1602118745165, "benchmarks.Hudson.peakmem_large_sample_size": 1602118797261, "benchmarks.Hudson.peakmem_long_sequence_length": 1602118848614, "benchmarks.Hudson.peakmem_long_sequence_length_gene_conversion": 1602118900318, "benchmarks.Hudson.peakmem_many_replicates": 1602118931015, "benchmarks.Hudson.time_human_chr22": 1602118962680, "benchmarks.Hudson.time_large_sample_size": 1602119015423, "benchmarks.Hudson.time_long_sequence_length": 1602119065721, "benchmarks.Hudson.time_long_sequence_length_gene_conversion": 1602119117676, "benchmarks.Hudson.time_many_replicates": 1602119148373}, "benchmark_version": {"benchmarks.DTWF.peakmem_human_chr22": "f848688127844489b5870c5598d06fc61bdb8c1a31b2c71741fb842ce4869124", "benchmarks.DTWF.peakmem_large_population_size": "1c54016f27b74e5d827e0cf71dee2587b99237d50e0c3aa5bfb1e9a54bedf712", "benchmarks.DTWF.peakmem_long_sequence_length": "72b4498a433ac926a303683be39aa07c206b25c22caa613088af6cbe51544ce9", "benchmarks.DTWF.peakmem_many_replicates": "8d591fe1a84bfd039f312aef953605c494b28ed3e3b28bd41773b5a6bbab8e13", "benchmarks.DTWF.time_human_chr22": "d016729b716d45e5a6cc8608ae18480b4f3d6192cc29f39ad8e06222786408c6", "benchmarks.DTWF.time_large_population_size": "5393d907eb6d9700c18c23789395c3a6a8aecf236b49983e2d955dccc6f793a3", "benchmarks.DTWF.time_long_sequence_length": "89860f21a2ad81e267314c086383279e852e4560e27f425d127937bd62fb83f9", "benchmarks.DTWF.time_many_replicates": "8f8fa44794e1a510a8052653f41596e3e11adbcdc838d7ca59f99bdb491be41b", "benchmarks.Hudson.peakmem_human_chr22": "20ef616d263e941e12a3089b8e8dbfee94d982362fe475e40174ebc3506b102a", "benchmarks.Hudson.peakmem_large_sample_size": "0b75d04c5ff9994c35ae62a490034e021485c38567b2699884e524931587881a", "benchmarks.Hudson.peakmem_long_sequence_length": "edd9dee8418f69b81347803203f176ff269220225a8939dc1c4bc1ab32289f94", "benchmarks.Hudson.peakmem_long_sequence_length_gene_conversion": "2236f20c5a4cc1e037abd099ce1f70d0dd2045a14914c96dcc48d0507f45e1da", "benchmarks.Hudson.peakmem_many_replicates": "b93569a722fa5396ed6631750fbdd02c7b47148d63973610f802eb69db85679e", "benchmarks.Hudson.time_human_chr22": "e648432b5c065478e09802f16a5658d37b625c204e147517826817bd6b04acb1", "benchmarks.Hudson.time_large_sample_size": "7bc273fa1975809170f8f4dd7776de03dd9993132a83866c1c135afe37e4d541", "benchmarks.Hudson.time_long_sequence_length": "0b6c7c537bd986f4e9c36c5549b8e939955cbd49901f29827e3ce763790fb3b7", "benchmarks.Hudson.time_long_sequence_length_gene_conversion": "19005a2b4b33b284a84cc0ad033e2d2c646f2d264fd59a5a55e3c2246a05851b", "benchmarks.Hudson.time_many_replicates": "c0f9f49074ade65f919a2db206a10f03ba6f5b53fa86dce2a6a32e96dd8a5067"}, "version": 1}