{"results": {"benchmarks.DTWF.peakmem_human_chr22": 110256128, "benchmarks.DTWF.peakmem_large_population_size": 52178944, "benchmarks.DTWF.peakmem_long_sequence_length": 54898688, "benchmarks.DTWF.peakmem_many_replicates": 45150208, "benchmarks.DTWF.time_human_chr22": {"result": [36.171436747012194], "stats": [{"ci_99": [-Infinity, Infinity], "q_25": 36.171436747012194, "q_75": 36.171436747012194, "min": 36.171436747012194, "max": 36.171436747012194, "mean": 36.171436747012194, "std": 0.0, "repeat": 1, "number": 1}]}, "benchmarks.DTWF.time_large_population_size": {"result": [12.461327577999327], "stats": [{"ci_99": [-Infinity, Infinity], "q_25": 12.461327577999327, "q_75": 12.461327577999327, "min": 12.461327577999327, "max": 12.461327577999327, "mean": 12.461327577999327, "std": 0.0, "repeat": 1, "number": 1}]}, "benchmarks.DTWF.time_long_sequence_length": {"result": [13.323979878012324], "stats": [{"ci_99": [-Infinity, Infinity], "q_25": 13.323979878012324, "q_75": 13.323979878012324, "min": 13.323979878012324, "max": 13.323979878012324, "mean": 13.323979878012324, "std": 0.0, "repeat": 1, "number": 1}]}, "benchmarks.DTWF.time_many_replicates": {"result": [51.59367137300433], "stats": [{"ci_99": [-Infinity, Infinity], "q_25": 51.59367137300433, "q_75": 51.59367137300433, "min": 51.59367137300433, "max": 51.59367137300433, "mean": 51.59367137300433, "std": 0.0, "repeat": 1, "number": 1}]}, "benchmarks.Hudson.peakmem_human_chr22": 142725120, "benchmarks.Hudson.peakmem_large_sample_size": 852639744, "benchmarks.Hudson.peakmem_long_sequence_length": 166727680, "benchmarks.Hudson.peakmem_long_sequence_length_gene_conversion": 167792640, "benchmarks.Hudson.peakmem_many_replicates": 45469696, "benchmarks.Hudson.time_human_chr22": {"result": [32.84332499699667], "stats": [{"ci_99": [-Infinity, Infinity], "q_25": 32.84332499699667, "q_75": 32.84332499699667, "min": 32.84332499699667, "max": 32.84332499699667, "mean": 32.84332499699667, "std": 0.0, "repeat": 1, "number": 1}]}, "benchmarks.Hudson.time_large_sample_size": {"result": [54.45357930398313], "stats": [{"ci_99": [-Infinity, Infinity], "q_25": 54.45357930398313, "q_75": 54.45357930398313, "min": 54.45357930398313, "max": 54.45357930398313, "mean": 54.45357930398313, "std": 0.0, "repeat": 1, "number": 1}]}, "benchmarks.Hudson.time_long_sequence_length": {"result": [48.936464032012736], "stats": [{"ci_99": [-Infinity, Infinity], "q_25": 48.936464032012736, "q_75": 48.936464032012736, "min": 48.936464032012736, "max": 48.936464032012736, "mean": 48.936464032012736, "std": 0.0, "repeat": 1, "number": 1}]}, "benchmarks.Hudson.time_long_sequence_length_gene_conversion": {"result": [50.39880984599586], "stats": [{"ci_99": [-Infinity, Infinity], "q_25": 50.39880984599586, "q_75": 50.39880984599586, "min": 50.39880984599586, "max": 50.39880984599586, "mean": 50.39880984599586, "std": 0.0, "repeat": 1, "number": 1}]}, "benchmarks.Hudson.time_many_replicates": {"result": [31.141790896013845], "stats": [{"ci_99": [-Infinity, Infinity], "q_25": 31.141790896013845, "q_75": 31.141790896013845, "min": 31.141790896013845, "max": 31.141790896013845, "mean": 31.141790896013845, "std": 0.0, "repeat": 1, "number": 1}]}}, "params": {"arch": "x86_64", "cpu": "Intel(R) Core(TM) i5-3317U CPU @ 1.70GHz", "machine": "poplar", "num_cpu": "4", "os": "Linux 3.13.0-24-generic", "ram": "3931396", "python": "3.8", "stdpopsim": ""}, "requirements": {"stdpopsim": ""}, "commit_hash": "44a1abb74777a8e60f9912835c9301f64a7d5a64", "date": 1589289809000, "env_name": "virtualenv-py3.8-stdpopsim", "python": "3.8", "profiles": {}, "started_at": {"benchmarks.DTWF.peakmem_human_chr22": 1602062549293, "benchmarks.DTWF.peakmem_large_population_size": 1602062587924, "benchmarks.DTWF.peakmem_long_sequence_length": 1602062600452, "benchmarks.DTWF.peakmem_many_replicates": 1602062613874, "benchmarks.DTWF.time_human_chr22": 1602062665853, "benchmarks.DTWF.time_large_population_size": 1602062702128, "benchmarks.DTWF.time_long_sequence_length": 1602062714707, "benchmarks.DTWF.time_many_replicates": 1602062728129, "benchmarks.Hudson.peakmem_human_chr22": 1602062779857, "benchmarks.Hudson.peakmem_large_sample_size": 1602062811120, "benchmarks.Hudson.peakmem_long_sequence_length": 1602062865422, "benchmarks.Hudson.peakmem_long_sequence_length_gene_conversion": 1602062914421, "benchmarks.Hudson.peakmem_many_replicates": 1602062965023, "benchmarks.Hudson.time_human_chr22": 1602062996271, "benchmarks.Hudson.time_large_sample_size": 1602063029239, "benchmarks.Hudson.time_long_sequence_length": 1602063083792, "benchmarks.Hudson.time_long_sequence_length_gene_conversion": 1602063132841, "benchmarks.Hudson.time_many_replicates": 1602063183343}, "ended_at": {"benchmarks.DTWF.peakmem_human_chr22": 1602062587924, "benchmarks.DTWF.peakmem_large_population_size": 1602062600452, "benchmarks.DTWF.peakmem_long_sequence_length": 1602062613874, "benchmarks.DTWF.peakmem_many_replicates": 1602062665852, "benchmarks.DTWF.time_human_chr22": 1602062702128, "benchmarks.DTWF.time_large_population_size": 1602062714706, "benchmarks.DTWF.time_long_sequence_length": 1602062728128, "benchmarks.DTWF.time_many_replicates": 1602062779856, "benchmarks.Hudson.peakmem_human_chr22": 1602062811120, "benchmarks.Hudson.peakmem_large_sample_size": 1602062865422, "benchmarks.Hudson.peakmem_long_sequence_length": 1602062914421, "benchmarks.Hudson.peakmem_long_sequence_length_gene_conversion": 1602062965023, "benchmarks.Hudson.peakmem_many_replicates": 1602062996271, "benchmarks.Hudson.time_human_chr22": 1602063029238, "benchmarks.Hudson.time_large_sample_size": 1602063083792, "benchmarks.Hudson.time_long_sequence_length": 1602063132841, "benchmarks.Hudson.time_long_sequence_length_gene_conversion": 1602063183343, "benchmarks.Hudson.time_many_replicates": 1602063214591}, "benchmark_version": {"benchmarks.DTWF.peakmem_human_chr22": "f848688127844489b5870c5598d06fc61bdb8c1a31b2c71741fb842ce4869124", "benchmarks.DTWF.peakmem_large_population_size": "1c54016f27b74e5d827e0cf71dee2587b99237d50e0c3aa5bfb1e9a54bedf712", "benchmarks.DTWF.peakmem_long_sequence_length": "72b4498a433ac926a303683be39aa07c206b25c22caa613088af6cbe51544ce9", "benchmarks.DTWF.peakmem_many_replicates": "8d591fe1a84bfd039f312aef953605c494b28ed3e3b28bd41773b5a6bbab8e13", "benchmarks.DTWF.time_human_chr22": "d016729b716d45e5a6cc8608ae18480b4f3d6192cc29f39ad8e06222786408c6", "benchmarks.DTWF.time_large_population_size": "5393d907eb6d9700c18c23789395c3a6a8aecf236b49983e2d955dccc6f793a3", "benchmarks.DTWF.time_long_sequence_length": "89860f21a2ad81e267314c086383279e852e4560e27f425d127937bd62fb83f9", "benchmarks.DTWF.time_many_replicates": "8f8fa44794e1a510a8052653f41596e3e11adbcdc838d7ca59f99bdb491be41b", "benchmarks.Hudson.peakmem_human_chr22": "20ef616d263e941e12a3089b8e8dbfee94d982362fe475e40174ebc3506b102a", "benchmarks.Hudson.peakmem_large_sample_size": "0b75d04c5ff9994c35ae62a490034e021485c38567b2699884e524931587881a", "benchmarks.Hudson.peakmem_long_sequence_length": "edd9dee8418f69b81347803203f176ff269220225a8939dc1c4bc1ab32289f94", "benchmarks.Hudson.peakmem_long_sequence_length_gene_conversion": "2236f20c5a4cc1e037abd099ce1f70d0dd2045a14914c96dcc48d0507f45e1da", "benchmarks.Hudson.peakmem_many_replicates": "b93569a722fa5396ed6631750fbdd02c7b47148d63973610f802eb69db85679e", "benchmarks.Hudson.time_human_chr22": "e648432b5c065478e09802f16a5658d37b625c204e147517826817bd6b04acb1", "benchmarks.Hudson.time_large_sample_size": "7bc273fa1975809170f8f4dd7776de03dd9993132a83866c1c135afe37e4d541", "benchmarks.Hudson.time_long_sequence_length": "0b6c7c537bd986f4e9c36c5549b8e939955cbd49901f29827e3ce763790fb3b7", "benchmarks.Hudson.time_long_sequence_length_gene_conversion": "19005a2b4b33b284a84cc0ad033e2d2c646f2d264fd59a5a55e3c2246a05851b", "benchmarks.Hudson.time_many_replicates": "c0f9f49074ade65f919a2db206a10f03ba6f5b53fa86dce2a6a32e96dd8a5067"}, "version": 1}