{"results": {"benchmarks.DTWF.peakmem_human_chr22": 111083520, "benchmarks.DTWF.peakmem_large_population_size": 54759424, "benchmarks.DTWF.peakmem_long_sequence_length": 58155008, "benchmarks.DTWF.peakmem_many_replicates": 46649344, "benchmarks.DTWF.time_human_chr22": {"result": [38.0530219390057], "stats": [{"ci_99": [-Infinity, Infinity], "q_25": 38.0530219390057, "q_75": 38.0530219390057, "min": 38.0530219390057, "max": 38.0530219390057, "mean": 38.0530219390057, "std": 0.0, "repeat": 1, "number": 1}]}, "benchmarks.DTWF.time_large_population_size": {"result": [11.642964418977499], "stats": [{"ci_99": [-Infinity, Infinity], "q_25": 11.642964418977499, "q_75": 11.642964418977499, "min": 11.642964418977499, "max": 11.642964418977499, "mean": 11.642964418977499, "std": 0.0, "repeat": 1, "number": 1}]}, "benchmarks.DTWF.time_long_sequence_length": {"result": [12.831064116006019], "stats": [{"ci_99": [-Infinity, Infinity], "q_25": 12.831064116006019, "q_75": 12.831064116006019, "min": 12.831064116006019, "max": 12.831064116006019, "mean": 12.831064116006019, "std": 0.0, "repeat": 1, "number": 1}]}, "benchmarks.DTWF.time_many_replicates": {"result": [53.3473200389999], "stats": [{"ci_99": [-Infinity, Infinity], "q_25": 53.3473200389999, "q_75": 53.3473200389999, "min": 53.3473200389999, "max": 53.3473200389999, "mean": 53.3473200389999, "std": 0.0, "repeat": 1, "number": 1}]}, "benchmarks.Hudson.peakmem_human_chr22": 148299776, "benchmarks.Hudson.peakmem_large_sample_size": null, "benchmarks.Hudson.peakmem_long_sequence_length": 171433984, "benchmarks.Hudson.peakmem_long_sequence_length_gene_conversion": 174284800, "benchmarks.Hudson.peakmem_many_replicates": 46829568, "benchmarks.Hudson.time_human_chr22": {"result": [33.518359091016464], "stats": [{"ci_99": [-Infinity, Infinity], "q_25": 33.518359091016464, "q_75": 33.518359091016464, "min": 33.518359091016464, "max": 33.518359091016464, "mean": 33.518359091016464, "std": 0.0, "repeat": 1, "number": 1}]}, "benchmarks.Hudson.time_large_sample_size": null, "benchmarks.Hudson.time_long_sequence_length": {"result": [49.759578237019014], "stats": [{"ci_99": [-Infinity, Infinity], "q_25": 49.759578237019014, "q_75": 49.759578237019014, "min": 49.759578237019014, "max": 49.759578237019014, "mean": 49.759578237019014, "std": 0.0, "repeat": 1, "number": 1}]}, "benchmarks.Hudson.time_long_sequence_length_gene_conversion": {"result": [51.6656839690113], "stats": [{"ci_99": [-Infinity, Infinity], "q_25": 51.6656839690113, "q_75": 51.6656839690113, "min": 51.6656839690113, "max": 51.6656839690113, "mean": 51.6656839690113, "std": 0.0, "repeat": 1, "number": 1}]}, "benchmarks.Hudson.time_many_replicates": {"result": [33.692309725011], "stats": [{"ci_99": [-Infinity, Infinity], "q_25": 33.692309725011, "q_75": 33.692309725011, "min": 33.692309725011, "max": 33.692309725011, "mean": 33.692309725011, "std": 0.0, "repeat": 1, "number": 1}]}}, "params": {"arch": "x86_64", "cpu": "Intel(R) Core(TM) i5-3317U CPU @ 1.70GHz", "machine": "poplar", "num_cpu": "4", "os": "Linux 3.13.0-24-generic", "ram": "3931396", "python": "3.8", "stdpopsim": ""}, "requirements": {"stdpopsim": ""}, "commit_hash": "44fb0e717278157925ae8acdd2643d6b54d0bf74", "date": 1599058763000, "env_name": "virtualenv-py3.8-stdpopsim", "python": "3.8", "profiles": {}, "started_at": {"benchmarks.DTWF.peakmem_human_chr22": 1602005764277, "benchmarks.DTWF.peakmem_large_population_size": 1602005802957, "benchmarks.DTWF.peakmem_long_sequence_length": 1602005814733, "benchmarks.DTWF.peakmem_many_replicates": 1602005827354, "benchmarks.DTWF.time_human_chr22": 1602005880784, "benchmarks.DTWF.time_large_population_size": 1602005918963, "benchmarks.DTWF.time_long_sequence_length": 1602005930739, "benchmarks.DTWF.time_many_replicates": 1602005943711, "benchmarks.Hudson.peakmem_human_chr22": 1602005997191, "benchmarks.Hudson.peakmem_large_sample_size": 1602006030108, "benchmarks.Hudson.peakmem_long_sequence_length": 1602006150207, "benchmarks.Hudson.peakmem_long_sequence_length_gene_conversion": 1602006200057, "benchmarks.Hudson.peakmem_many_replicates": 1602006252211, "benchmarks.Hudson.time_human_chr22": 1602006286063, "benchmarks.Hudson.time_large_sample_size": 1602006319680, "benchmarks.Hudson.time_long_sequence_length": 1602006439781, "benchmarks.Hudson.time_long_sequence_length_gene_conversion": 1602006489676, "benchmarks.Hudson.time_many_replicates": 1602006541471}, "ended_at": {"benchmarks.DTWF.peakmem_human_chr22": 1602005802957, "benchmarks.DTWF.peakmem_large_population_size": 1602005814733, "benchmarks.DTWF.peakmem_long_sequence_length": 1602005827354, "benchmarks.DTWF.peakmem_many_replicates": 1602005880784, "benchmarks.DTWF.time_human_chr22": 1602005918963, "benchmarks.DTWF.time_large_population_size": 1602005930739, "benchmarks.DTWF.time_long_sequence_length": 1602005943710, "benchmarks.DTWF.time_many_replicates": 1602005997191, "benchmarks.Hudson.peakmem_human_chr22": 1602006030108, "benchmarks.Hudson.peakmem_large_sample_size": 1602006150207, "benchmarks.Hudson.peakmem_long_sequence_length": 1602006200057, "benchmarks.Hudson.peakmem_long_sequence_length_gene_conversion": 1602006252211, "benchmarks.Hudson.peakmem_many_replicates": 1602006286062, "benchmarks.Hudson.time_human_chr22": 1602006319680, "benchmarks.Hudson.time_large_sample_size": 1602006439780, "benchmarks.Hudson.time_long_sequence_length": 1602006489675, "benchmarks.Hudson.time_long_sequence_length_gene_conversion": 1602006541471, "benchmarks.Hudson.time_many_replicates": 1602006575269}, "benchmark_version": {"benchmarks.DTWF.peakmem_human_chr22": "f848688127844489b5870c5598d06fc61bdb8c1a31b2c71741fb842ce4869124", "benchmarks.DTWF.peakmem_large_population_size": "1c54016f27b74e5d827e0cf71dee2587b99237d50e0c3aa5bfb1e9a54bedf712", "benchmarks.DTWF.peakmem_long_sequence_length": "72b4498a433ac926a303683be39aa07c206b25c22caa613088af6cbe51544ce9", "benchmarks.DTWF.peakmem_many_replicates": "8d591fe1a84bfd039f312aef953605c494b28ed3e3b28bd41773b5a6bbab8e13", "benchmarks.DTWF.time_human_chr22": "d016729b716d45e5a6cc8608ae18480b4f3d6192cc29f39ad8e06222786408c6", "benchmarks.DTWF.time_large_population_size": "5393d907eb6d9700c18c23789395c3a6a8aecf236b49983e2d955dccc6f793a3", "benchmarks.DTWF.time_long_sequence_length": "89860f21a2ad81e267314c086383279e852e4560e27f425d127937bd62fb83f9", "benchmarks.DTWF.time_many_replicates": "8f8fa44794e1a510a8052653f41596e3e11adbcdc838d7ca59f99bdb491be41b", "benchmarks.Hudson.peakmem_human_chr22": "20ef616d263e941e12a3089b8e8dbfee94d982362fe475e40174ebc3506b102a", "benchmarks.Hudson.peakmem_large_sample_size": "0b75d04c5ff9994c35ae62a490034e021485c38567b2699884e524931587881a", "benchmarks.Hudson.peakmem_long_sequence_length": "edd9dee8418f69b81347803203f176ff269220225a8939dc1c4bc1ab32289f94", "benchmarks.Hudson.peakmem_long_sequence_length_gene_conversion": "2236f20c5a4cc1e037abd099ce1f70d0dd2045a14914c96dcc48d0507f45e1da", "benchmarks.Hudson.peakmem_many_replicates": "b93569a722fa5396ed6631750fbdd02c7b47148d63973610f802eb69db85679e", "benchmarks.Hudson.time_human_chr22": "e648432b5c065478e09802f16a5658d37b625c204e147517826817bd6b04acb1", "benchmarks.Hudson.time_large_sample_size": "7bc273fa1975809170f8f4dd7776de03dd9993132a83866c1c135afe37e4d541", "benchmarks.Hudson.time_long_sequence_length": "0b6c7c537bd986f4e9c36c5549b8e939955cbd49901f29827e3ce763790fb3b7", "benchmarks.Hudson.time_long_sequence_length_gene_conversion": "19005a2b4b33b284a84cc0ad033e2d2c646f2d264fd59a5a55e3c2246a05851b", "benchmarks.Hudson.time_many_replicates": "c0f9f49074ade65f919a2db206a10f03ba6f5b53fa86dce2a6a32e96dd8a5067"}, "version": 1}