{"results": {"benchmarks.DTWF.peakmem_human_chr22": 110088192, "benchmarks.DTWF.peakmem_large_population_size": 52469760, "benchmarks.DTWF.peakmem_long_sequence_length": 56320000, "benchmarks.DTWF.peakmem_many_replicates": 45072384, "benchmarks.DTWF.time_human_chr22": {"result": [39.95952111997758], "stats": [{"ci_99": [-Infinity, Infinity], "q_25": 39.95952111997758, "q_75": 39.95952111997758, "min": 39.95952111997758, "max": 39.95952111997758, "mean": 39.95952111997758, "std": 0.0, "repeat": 1, "number": 1}]}, "benchmarks.DTWF.time_large_population_size": {"result": [11.245754743984435], "stats": [{"ci_99": [-Infinity, Infinity], "q_25": 11.245754743984435, "q_75": 11.245754743984435, "min": 11.245754743984435, "max": 11.245754743984435, "mean": 11.245754743984435, "std": 0.0, "repeat": 1, "number": 1}]}, "benchmarks.DTWF.time_long_sequence_length": {"result": [12.247817172989016], "stats": [{"ci_99": [-Infinity, Infinity], "q_25": 12.247817172989016, "q_75": 12.247817172989016, "min": 12.247817172989016, "max": 12.247817172989016, "mean": 12.247817172989016, "std": 0.0, "repeat": 1, "number": 1}]}, "benchmarks.DTWF.time_many_replicates": {"result": [51.676297662983416], "stats": [{"ci_99": [-Infinity, Infinity], "q_25": 51.676297662983416, "q_75": 51.676297662983416, "min": 51.676297662983416, "max": 51.676297662983416, "mean": 51.676297662983416, "std": 0.0, "repeat": 1, "number": 1}]}, "benchmarks.Hudson.peakmem_human_chr22": 141930496, "benchmarks.Hudson.peakmem_large_sample_size": 842612736, "benchmarks.Hudson.peakmem_long_sequence_length": 165871616, "benchmarks.Hudson.peakmem_long_sequence_length_gene_conversion": 169332736, "benchmarks.Hudson.peakmem_many_replicates": 45264896, "benchmarks.Hudson.time_human_chr22": {"result": [32.89382619399112], "stats": [{"ci_99": [-Infinity, Infinity], "q_25": 32.89382619399112, "q_75": 32.89382619399112, "min": 32.89382619399112, "max": 32.89382619399112, "mean": 32.89382619399112, "std": 0.0, "repeat": 1, "number": 1}]}, "benchmarks.Hudson.time_large_sample_size": {"result": [57.0789367420075], "stats": [{"ci_99": [-Infinity, Infinity], "q_25": 57.0789367420075, "q_75": 57.0789367420075, "min": 57.0789367420075, "max": 57.0789367420075, "mean": 57.0789367420075, "std": 0.0, "repeat": 1, "number": 1}]}, "benchmarks.Hudson.time_long_sequence_length": {"result": [50.283636809996096], "stats": [{"ci_99": [-Infinity, Infinity], "q_25": 50.283636809996096, "q_75": 50.283636809996096, "min": 50.283636809996096, "max": 50.283636809996096, "mean": 50.283636809996096, "std": 0.0, "repeat": 1, "number": 1}]}, "benchmarks.Hudson.time_long_sequence_length_gene_conversion": {"result": [52.4474124420085], "stats": [{"ci_99": [-Infinity, Infinity], "q_25": 52.4474124420085, "q_75": 52.4474124420085, "min": 52.4474124420085, "max": 52.4474124420085, "mean": 52.4474124420085, "std": 0.0, "repeat": 1, "number": 1}]}, "benchmarks.Hudson.time_many_replicates": {"result": [31.954913607012713], "stats": [{"ci_99": [-Infinity, Infinity], "q_25": 31.954913607012713, "q_75": 31.954913607012713, "min": 31.954913607012713, "max": 31.954913607012713, "mean": 31.954913607012713, "std": 0.0, "repeat": 1, "number": 1}]}}, "params": {"arch": "x86_64", "cpu": "Intel(R) Core(TM) i5-3317U CPU @ 1.70GHz", "machine": "poplar", "num_cpu": "4", "os": "Linux 3.13.0-24-generic", "ram": "3931396", "python": "3.8", "stdpopsim": ""}, "requirements": {"stdpopsim": ""}, "commit_hash": "46de3e080f94e954f3918d5bfe5ad765c1d55001", "date": 1593419728000, "env_name": "virtualenv-py3.8-stdpopsim", "python": "3.8", "profiles": {}, "started_at": {"benchmarks.DTWF.peakmem_human_chr22": 1602038041232, "benchmarks.DTWF.peakmem_large_population_size": 1602038079060, "benchmarks.DTWF.peakmem_long_sequence_length": 1602038090436, "benchmarks.DTWF.peakmem_many_replicates": 1602038103006, "benchmarks.DTWF.time_human_chr22": 1602038154834, "benchmarks.DTWF.time_large_population_size": 1602038194916, "benchmarks.DTWF.time_long_sequence_length": 1602038206292, "benchmarks.DTWF.time_many_replicates": 1602038218662, "benchmarks.Hudson.peakmem_human_chr22": 1602038270440, "benchmarks.Hudson.peakmem_large_sample_size": 1602038303407, "benchmarks.Hudson.peakmem_long_sequence_length": 1602038358258, "benchmarks.Hudson.peakmem_long_sequence_length_gene_conversion": 1602038408307, "benchmarks.Hudson.peakmem_many_replicates": 1602038460461, "benchmarks.Hudson.time_human_chr22": 1602038492810, "benchmarks.Hudson.time_large_sample_size": 1602038525827, "benchmarks.Hudson.time_long_sequence_length": 1602038583031, "benchmarks.Hudson.time_long_sequence_length_gene_conversion": 1602038633431, "benchmarks.Hudson.time_many_replicates": 1602038685985}, "ended_at": {"benchmarks.DTWF.peakmem_human_chr22": 1602038079060, "benchmarks.DTWF.peakmem_large_population_size": 1602038090435, "benchmarks.DTWF.peakmem_long_sequence_length": 1602038103006, "benchmarks.DTWF.peakmem_many_replicates": 1602038154834, "benchmarks.DTWF.time_human_chr22": 1602038194916, "benchmarks.DTWF.time_large_population_size": 1602038206292, "benchmarks.DTWF.time_long_sequence_length": 1602038218662, "benchmarks.DTWF.time_many_replicates": 1602038270440, "benchmarks.Hudson.peakmem_human_chr22": 1602038303407, "benchmarks.Hudson.peakmem_large_sample_size": 1602038358257, "benchmarks.Hudson.peakmem_long_sequence_length": 1602038408307, "benchmarks.Hudson.peakmem_long_sequence_length_gene_conversion": 1602038460460, "benchmarks.Hudson.peakmem_many_replicates": 1602038492810, "benchmarks.Hudson.time_human_chr22": 1602038525826, "benchmarks.Hudson.time_large_sample_size": 1602038583031, "benchmarks.Hudson.time_long_sequence_length": 1602038633430, "benchmarks.Hudson.time_long_sequence_length_gene_conversion": 1602038685985, "benchmarks.Hudson.time_many_replicates": 1602038718034}, "benchmark_version": {"benchmarks.DTWF.peakmem_human_chr22": "f848688127844489b5870c5598d06fc61bdb8c1a31b2c71741fb842ce4869124", "benchmarks.DTWF.peakmem_large_population_size": "1c54016f27b74e5d827e0cf71dee2587b99237d50e0c3aa5bfb1e9a54bedf712", "benchmarks.DTWF.peakmem_long_sequence_length": "72b4498a433ac926a303683be39aa07c206b25c22caa613088af6cbe51544ce9", "benchmarks.DTWF.peakmem_many_replicates": "8d591fe1a84bfd039f312aef953605c494b28ed3e3b28bd41773b5a6bbab8e13", "benchmarks.DTWF.time_human_chr22": "d016729b716d45e5a6cc8608ae18480b4f3d6192cc29f39ad8e06222786408c6", "benchmarks.DTWF.time_large_population_size": "5393d907eb6d9700c18c23789395c3a6a8aecf236b49983e2d955dccc6f793a3", "benchmarks.DTWF.time_long_sequence_length": "89860f21a2ad81e267314c086383279e852e4560e27f425d127937bd62fb83f9", "benchmarks.DTWF.time_many_replicates": "8f8fa44794e1a510a8052653f41596e3e11adbcdc838d7ca59f99bdb491be41b", "benchmarks.Hudson.peakmem_human_chr22": "20ef616d263e941e12a3089b8e8dbfee94d982362fe475e40174ebc3506b102a", "benchmarks.Hudson.peakmem_large_sample_size": "0b75d04c5ff9994c35ae62a490034e021485c38567b2699884e524931587881a", "benchmarks.Hudson.peakmem_long_sequence_length": "edd9dee8418f69b81347803203f176ff269220225a8939dc1c4bc1ab32289f94", "benchmarks.Hudson.peakmem_long_sequence_length_gene_conversion": "2236f20c5a4cc1e037abd099ce1f70d0dd2045a14914c96dcc48d0507f45e1da", "benchmarks.Hudson.peakmem_many_replicates": "b93569a722fa5396ed6631750fbdd02c7b47148d63973610f802eb69db85679e", "benchmarks.Hudson.time_human_chr22": "e648432b5c065478e09802f16a5658d37b625c204e147517826817bd6b04acb1", "benchmarks.Hudson.time_large_sample_size": "7bc273fa1975809170f8f4dd7776de03dd9993132a83866c1c135afe37e4d541", "benchmarks.Hudson.time_long_sequence_length": "0b6c7c537bd986f4e9c36c5549b8e939955cbd49901f29827e3ce763790fb3b7", "benchmarks.Hudson.time_long_sequence_length_gene_conversion": "19005a2b4b33b284a84cc0ad033e2d2c646f2d264fd59a5a55e3c2246a05851b", "benchmarks.Hudson.time_many_replicates": "c0f9f49074ade65f919a2db206a10f03ba6f5b53fa86dce2a6a32e96dd8a5067"}, "version": 1}