{"results": {"benchmarks.DTWF.peakmem_human_chr22": 100691968, "benchmarks.DTWF.peakmem_large_population_size": null, "benchmarks.DTWF.peakmem_long_sequence_length": 54996992, "benchmarks.DTWF.peakmem_many_replicates": null, "benchmarks.DTWF.time_human_chr22": {"result": [89.79047519998858], "stats": [{"ci_99": [-Infinity, Infinity], "q_25": 89.79047519998858, "q_75": 89.79047519998858, "min": 89.79047519998858, "max": 89.79047519998858, "mean": 89.79047519998858, "std": 0.0, "repeat": 1, "number": 1}]}, "benchmarks.DTWF.time_large_population_size": null, "benchmarks.DTWF.time_long_sequence_length": {"result": [97.16516329202568], "stats": [{"ci_99": [-Infinity, Infinity], "q_25": 97.16516329202568, "q_75": 97.16516329202568, "min": 97.16516329202568, "max": 97.16516329202568, "mean": 97.16516329202568, "std": 0.0, "repeat": 1, "number": 1}]}, "benchmarks.DTWF.time_many_replicates": null, "benchmarks.Hudson.peakmem_human_chr22": 135864320, "benchmarks.Hudson.peakmem_large_sample_size": 835784704, "benchmarks.Hudson.peakmem_long_sequence_length": 167591936, "benchmarks.Hudson.peakmem_long_sequence_length_gene_conversion": 169164800, "benchmarks.Hudson.peakmem_many_replicates": 43859968, "benchmarks.Hudson.time_human_chr22": {"result": [33.3020973430248], "stats": [{"ci_99": [-Infinity, Infinity], "q_25": 33.3020973430248, "q_75": 33.3020973430248, "min": 33.3020973430248, "max": 33.3020973430248, "mean": 33.3020973430248, "std": 0.0, "repeat": 1, "number": 1}]}, "benchmarks.Hudson.time_large_sample_size": {"result": [53.869880601007026], "stats": [{"ci_99": [-Infinity, Infinity], "q_25": 53.869880601007026, "q_75": 53.869880601007026, "min": 53.869880601007026, "max": 53.869880601007026, "mean": 53.869880601007026, "std": 0.0, "repeat": 1, "number": 1}]}, "benchmarks.Hudson.time_long_sequence_length": {"result": [49.66449099301826], "stats": [{"ci_99": [-Infinity, Infinity], "q_25": 49.66449099301826, "q_75": 49.66449099301826, "min": 49.66449099301826, "max": 49.66449099301826, "mean": 49.66449099301826, "std": 0.0, "repeat": 1, "number": 1}]}, "benchmarks.Hudson.time_long_sequence_length_gene_conversion": {"result": [50.93792374397162], "stats": [{"ci_99": [-Infinity, Infinity], "q_25": 50.93792374397162, "q_75": 50.93792374397162, "min": 50.93792374397162, "max": 50.93792374397162, "mean": 50.93792374397162, "std": 0.0, "repeat": 1, "number": 1}]}, "benchmarks.Hudson.time_many_replicates": {"result": [30.81056566501502], "stats": [{"ci_99": [-Infinity, Infinity], "q_25": 30.81056566501502, "q_75": 30.81056566501502, "min": 30.81056566501502, "max": 30.81056566501502, "mean": 30.81056566501502, "std": 0.0, "repeat": 1, "number": 1}]}}, "params": {"arch": "x86_64", "cpu": "Intel(R) Core(TM) i5-3317U CPU @ 1.70GHz", "machine": "poplar", "num_cpu": "4", "os": "Linux 3.13.0-24-generic", "ram": "3931396", "python": "3.8", "stdpopsim": ""}, "requirements": {"stdpopsim": ""}, "commit_hash": "495ec0d40c7fba86a49f893fe1a756eb3cd6871a", "date": 1582549963000, "env_name": "virtualenv-py3.8-stdpopsim", "python": "3.8", "profiles": {}, "started_at": {"benchmarks.DTWF.peakmem_human_chr22": 1602116549343, "benchmarks.DTWF.peakmem_large_population_size": 1602116640278, "benchmarks.DTWF.peakmem_long_sequence_length": 1602116760340, "benchmarks.DTWF.peakmem_many_replicates": 1602116857333, "benchmarks.DTWF.time_human_chr22": 1602116977410, "benchmarks.DTWF.time_large_population_size": 1602117067294, "benchmarks.DTWF.time_long_sequence_length": 1602117187356, "benchmarks.DTWF.time_many_replicates": 1602117284650, "benchmarks.Hudson.peakmem_human_chr22": 1602117404726, "benchmarks.Hudson.peakmem_large_sample_size": 1602117436742, "benchmarks.Hudson.peakmem_long_sequence_length": 1602117489540, "benchmarks.Hudson.peakmem_long_sequence_length_gene_conversion": 1602117539039, "benchmarks.Hudson.peakmem_many_replicates": 1602117590192, "benchmarks.Hudson.time_human_chr22": 1602117620989, "benchmarks.Hudson.time_large_sample_size": 1602117654402, "benchmarks.Hudson.time_long_sequence_length": 1602117708395, "benchmarks.Hudson.time_long_sequence_length_gene_conversion": 1602117758192, "benchmarks.Hudson.time_many_replicates": 1602117809245}, "ended_at": {"benchmarks.DTWF.peakmem_human_chr22": 1602116640278, "benchmarks.DTWF.peakmem_large_population_size": 1602116760340, "benchmarks.DTWF.peakmem_long_sequence_length": 1602116857333, "benchmarks.DTWF.peakmem_many_replicates": 1602116977410, "benchmarks.DTWF.time_human_chr22": 1602117067293, "benchmarks.DTWF.time_large_population_size": 1602117187356, "benchmarks.DTWF.time_long_sequence_length": 1602117284649, "benchmarks.DTWF.time_many_replicates": 1602117404726, "benchmarks.Hudson.peakmem_human_chr22": 1602117436741, "benchmarks.Hudson.peakmem_large_sample_size": 1602117489539, "benchmarks.Hudson.peakmem_long_sequence_length": 1602117539039, "benchmarks.Hudson.peakmem_long_sequence_length_gene_conversion": 1602117590191, "benchmarks.Hudson.peakmem_many_replicates": 1602117620989, "benchmarks.Hudson.time_human_chr22": 1602117654402, "benchmarks.Hudson.time_large_sample_size": 1602117708395, "benchmarks.Hudson.time_long_sequence_length": 1602117758192, "benchmarks.Hudson.time_long_sequence_length_gene_conversion": 1602117809245, "benchmarks.Hudson.time_many_replicates": 1602117840192}, "benchmark_version": {"benchmarks.DTWF.peakmem_human_chr22": "f848688127844489b5870c5598d06fc61bdb8c1a31b2c71741fb842ce4869124", "benchmarks.DTWF.peakmem_large_population_size": "1c54016f27b74e5d827e0cf71dee2587b99237d50e0c3aa5bfb1e9a54bedf712", "benchmarks.DTWF.peakmem_long_sequence_length": "72b4498a433ac926a303683be39aa07c206b25c22caa613088af6cbe51544ce9", "benchmarks.DTWF.peakmem_many_replicates": "8d591fe1a84bfd039f312aef953605c494b28ed3e3b28bd41773b5a6bbab8e13", "benchmarks.DTWF.time_human_chr22": "d016729b716d45e5a6cc8608ae18480b4f3d6192cc29f39ad8e06222786408c6", "benchmarks.DTWF.time_large_population_size": "5393d907eb6d9700c18c23789395c3a6a8aecf236b49983e2d955dccc6f793a3", "benchmarks.DTWF.time_long_sequence_length": "89860f21a2ad81e267314c086383279e852e4560e27f425d127937bd62fb83f9", "benchmarks.DTWF.time_many_replicates": "8f8fa44794e1a510a8052653f41596e3e11adbcdc838d7ca59f99bdb491be41b", "benchmarks.Hudson.peakmem_human_chr22": "20ef616d263e941e12a3089b8e8dbfee94d982362fe475e40174ebc3506b102a", "benchmarks.Hudson.peakmem_large_sample_size": "0b75d04c5ff9994c35ae62a490034e021485c38567b2699884e524931587881a", "benchmarks.Hudson.peakmem_long_sequence_length": "edd9dee8418f69b81347803203f176ff269220225a8939dc1c4bc1ab32289f94", "benchmarks.Hudson.peakmem_long_sequence_length_gene_conversion": "2236f20c5a4cc1e037abd099ce1f70d0dd2045a14914c96dcc48d0507f45e1da", "benchmarks.Hudson.peakmem_many_replicates": "b93569a722fa5396ed6631750fbdd02c7b47148d63973610f802eb69db85679e", "benchmarks.Hudson.time_human_chr22": "e648432b5c065478e09802f16a5658d37b625c204e147517826817bd6b04acb1", "benchmarks.Hudson.time_large_sample_size": "7bc273fa1975809170f8f4dd7776de03dd9993132a83866c1c135afe37e4d541", "benchmarks.Hudson.time_long_sequence_length": "0b6c7c537bd986f4e9c36c5549b8e939955cbd49901f29827e3ce763790fb3b7", "benchmarks.Hudson.time_long_sequence_length_gene_conversion": "19005a2b4b33b284a84cc0ad033e2d2c646f2d264fd59a5a55e3c2246a05851b", "benchmarks.Hudson.time_many_replicates": "c0f9f49074ade65f919a2db206a10f03ba6f5b53fa86dce2a6a32e96dd8a5067"}, "version": 1}