{"results": {"benchmarks.DTWF.peakmem_human_chr22": 109252608, "benchmarks.DTWF.peakmem_large_population_size": 55369728, "benchmarks.DTWF.peakmem_long_sequence_length": 56721408, "benchmarks.DTWF.peakmem_many_replicates": 46604288, "benchmarks.DTWF.time_human_chr22": {"result": [38.70150116199511], "stats": [{"ci_99": [-Infinity, Infinity], "q_25": 38.70150116199511, "q_75": 38.70150116199511, "min": 38.70150116199511, "max": 38.70150116199511, "mean": 38.70150116199511, "std": 0.0, "repeat": 1, "number": 1}]}, "benchmarks.DTWF.time_large_population_size": {"result": [11.650916302984115], "stats": [{"ci_99": [-Infinity, Infinity], "q_25": 11.650916302984115, "q_75": 11.650916302984115, "min": 11.650916302984115, "max": 11.650916302984115, "mean": 11.650916302984115, "std": 0.0, "repeat": 1, "number": 1}]}, "benchmarks.DTWF.time_long_sequence_length": {"result": [12.540963905019453], "stats": [{"ci_99": [-Infinity, Infinity], "q_25": 12.540963905019453, "q_75": 12.540963905019453, "min": 12.540963905019453, "max": 12.540963905019453, "mean": 12.540963905019453, "std": 0.0, "repeat": 1, "number": 1}]}, "benchmarks.DTWF.time_many_replicates": {"result": [52.249554206995526], "stats": [{"ci_99": [-Infinity, Infinity], "q_25": 52.249554206995526, "q_75": 52.249554206995526, "min": 52.249554206995526, "max": 52.249554206995526, "mean": 52.249554206995526, "std": 0.0, "repeat": 1, "number": 1}]}, "benchmarks.Hudson.peakmem_human_chr22": 143351808, "benchmarks.Hudson.peakmem_large_sample_size": null, "benchmarks.Hudson.peakmem_long_sequence_length": 167337984, "benchmarks.Hudson.peakmem_long_sequence_length_gene_conversion": 168984576, "benchmarks.Hudson.peakmem_many_replicates": 46645248, "benchmarks.Hudson.time_human_chr22": {"result": [34.24216391099617], "stats": [{"ci_99": [-Infinity, Infinity], "q_25": 34.24216391099617, "q_75": 34.24216391099617, "min": 34.24216391099617, "max": 34.24216391099617, "mean": 34.24216391099617, "std": 0.0, "repeat": 1, "number": 1}]}, "benchmarks.Hudson.time_large_sample_size": null, "benchmarks.Hudson.time_long_sequence_length": {"result": [49.57868723102729], "stats": [{"ci_99": [-Infinity, Infinity], "q_25": 49.57868723102729, "q_75": 49.57868723102729, "min": 49.57868723102729, "max": 49.57868723102729, "mean": 49.57868723102729, "std": 0.0, "repeat": 1, "number": 1}]}, "benchmarks.Hudson.time_long_sequence_length_gene_conversion": {"result": [51.79248387599364], "stats": [{"ci_99": [-Infinity, Infinity], "q_25": 51.79248387599364, "q_75": 51.79248387599364, "min": 51.79248387599364, "max": 51.79248387599364, "mean": 51.79248387599364, "std": 0.0, "repeat": 1, "number": 1}]}, "benchmarks.Hudson.time_many_replicates": {"result": [32.48139124800218], "stats": [{"ci_99": [-Infinity, Infinity], "q_25": 32.48139124800218, "q_75": 32.48139124800218, "min": 32.48139124800218, "max": 32.48139124800218, "mean": 32.48139124800218, "std": 0.0, "repeat": 1, "number": 1}]}}, "params": {"arch": "x86_64", "cpu": "Intel(R) Core(TM) i5-3317U CPU @ 1.70GHz", "machine": "poplar", "num_cpu": "4", "os": "Linux 3.13.0-24-generic", "ram": "3931396", "python": "3.8", "stdpopsim": ""}, "requirements": {"stdpopsim": ""}, "commit_hash": "49e2192d24ee605b52aa43c4dc088b0ff9091717", "date": 1597823036000, "env_name": "virtualenv-py3.8-stdpopsim", "python": "3.8", "profiles": {}, "started_at": {"benchmarks.DTWF.peakmem_human_chr22": 1602021815704, "benchmarks.DTWF.peakmem_large_population_size": 1602021854628, "benchmarks.DTWF.peakmem_long_sequence_length": 1602021866402, "benchmarks.DTWF.peakmem_many_replicates": 1602021878821, "benchmarks.DTWF.time_human_chr22": 1602021931149, "benchmarks.DTWF.time_large_population_size": 1602021969980, "benchmarks.DTWF.time_long_sequence_length": 1602021981757, "benchmarks.DTWF.time_many_replicates": 1602021994428, "benchmarks.Hudson.peakmem_human_chr22": 1602022046806, "benchmarks.Hudson.peakmem_large_sample_size": 1602022080925, "benchmarks.Hudson.peakmem_long_sequence_length": 1602022201027, "benchmarks.Hudson.peakmem_long_sequence_length_gene_conversion": 1602022250927, "benchmarks.Hudson.peakmem_many_replicates": 1602022302830, "benchmarks.Hudson.time_human_chr22": 1602022335581, "benchmarks.Hudson.time_large_sample_size": 1602022369952, "benchmarks.Hudson.time_long_sequence_length": 1602022490051, "benchmarks.Hudson.time_long_sequence_length_gene_conversion": 1602022539743, "benchmarks.Hudson.time_many_replicates": 1602022591639}, "ended_at": {"benchmarks.DTWF.peakmem_human_chr22": 1602021854628, "benchmarks.DTWF.peakmem_large_population_size": 1602021866402, "benchmarks.DTWF.peakmem_long_sequence_length": 1602021878820, "benchmarks.DTWF.peakmem_many_replicates": 1602021931149, "benchmarks.DTWF.time_human_chr22": 1602021969980, "benchmarks.DTWF.time_large_population_size": 1602021981757, "benchmarks.DTWF.time_long_sequence_length": 1602021994428, "benchmarks.DTWF.time_many_replicates": 1602022046806, "benchmarks.Hudson.peakmem_human_chr22": 1602022080925, "benchmarks.Hudson.peakmem_large_sample_size": 1602022201027, "benchmarks.Hudson.peakmem_long_sequence_length": 1602022250927, "benchmarks.Hudson.peakmem_long_sequence_length_gene_conversion": 1602022302830, "benchmarks.Hudson.peakmem_many_replicates": 1602022335581, "benchmarks.Hudson.time_human_chr22": 1602022369952, "benchmarks.Hudson.time_large_sample_size": 1602022490051, "benchmarks.Hudson.time_long_sequence_length": 1602022539743, "benchmarks.Hudson.time_long_sequence_length_gene_conversion": 1602022591639, "benchmarks.Hudson.time_many_replicates": 1602022624238}, "benchmark_version": {"benchmarks.DTWF.peakmem_human_chr22": "f848688127844489b5870c5598d06fc61bdb8c1a31b2c71741fb842ce4869124", "benchmarks.DTWF.peakmem_large_population_size": "1c54016f27b74e5d827e0cf71dee2587b99237d50e0c3aa5bfb1e9a54bedf712", "benchmarks.DTWF.peakmem_long_sequence_length": "72b4498a433ac926a303683be39aa07c206b25c22caa613088af6cbe51544ce9", "benchmarks.DTWF.peakmem_many_replicates": "8d591fe1a84bfd039f312aef953605c494b28ed3e3b28bd41773b5a6bbab8e13", "benchmarks.DTWF.time_human_chr22": "d016729b716d45e5a6cc8608ae18480b4f3d6192cc29f39ad8e06222786408c6", "benchmarks.DTWF.time_large_population_size": "5393d907eb6d9700c18c23789395c3a6a8aecf236b49983e2d955dccc6f793a3", "benchmarks.DTWF.time_long_sequence_length": "89860f21a2ad81e267314c086383279e852e4560e27f425d127937bd62fb83f9", "benchmarks.DTWF.time_many_replicates": "8f8fa44794e1a510a8052653f41596e3e11adbcdc838d7ca59f99bdb491be41b", "benchmarks.Hudson.peakmem_human_chr22": "20ef616d263e941e12a3089b8e8dbfee94d982362fe475e40174ebc3506b102a", "benchmarks.Hudson.peakmem_large_sample_size": "0b75d04c5ff9994c35ae62a490034e021485c38567b2699884e524931587881a", "benchmarks.Hudson.peakmem_long_sequence_length": "edd9dee8418f69b81347803203f176ff269220225a8939dc1c4bc1ab32289f94", "benchmarks.Hudson.peakmem_long_sequence_length_gene_conversion": "2236f20c5a4cc1e037abd099ce1f70d0dd2045a14914c96dcc48d0507f45e1da", "benchmarks.Hudson.peakmem_many_replicates": "b93569a722fa5396ed6631750fbdd02c7b47148d63973610f802eb69db85679e", "benchmarks.Hudson.time_human_chr22": "e648432b5c065478e09802f16a5658d37b625c204e147517826817bd6b04acb1", "benchmarks.Hudson.time_large_sample_size": "7bc273fa1975809170f8f4dd7776de03dd9993132a83866c1c135afe37e4d541", "benchmarks.Hudson.time_long_sequence_length": "0b6c7c537bd986f4e9c36c5549b8e939955cbd49901f29827e3ce763790fb3b7", "benchmarks.Hudson.time_long_sequence_length_gene_conversion": "19005a2b4b33b284a84cc0ad033e2d2c646f2d264fd59a5a55e3c2246a05851b", "benchmarks.Hudson.time_many_replicates": "c0f9f49074ade65f919a2db206a10f03ba6f5b53fa86dce2a6a32e96dd8a5067"}, "version": 1}