{"results": {"benchmarks.DTWF.peakmem_human_chr22": 112599040, "benchmarks.DTWF.peakmem_large_population_size": 57384960, "benchmarks.DTWF.peakmem_long_sequence_length": 59662336, "benchmarks.DTWF.peakmem_many_replicates": 48291840, "benchmarks.DTWF.time_human_chr22": {"result": [36.50245995199657], "stats": [{"ci_99": [-Infinity, Infinity], "q_25": 36.50245995199657, "q_75": 36.50245995199657, "min": 36.50245995199657, "max": 36.50245995199657, "mean": 36.50245995199657, "std": 0.0, "repeat": 1, "number": 1}]}, "benchmarks.DTWF.time_large_population_size": {"result": [11.24347583099734], "stats": [{"ci_99": [-Infinity, Infinity], "q_25": 11.24347583099734, "q_75": 11.24347583099734, "min": 11.24347583099734, "max": 11.24347583099734, "mean": 11.24347583099734, "std": 0.0, "repeat": 1, "number": 1}]}, "benchmarks.DTWF.time_long_sequence_length": {"result": [12.17235096899094], "stats": [{"ci_99": [-Infinity, Infinity], "q_25": 12.17235096899094, "q_75": 12.17235096899094, "min": 12.17235096899094, "max": 12.17235096899094, "mean": 12.17235096899094, "std": 0.0, "repeat": 1, "number": 1}]}, "benchmarks.DTWF.time_many_replicates": {"result": [52.579835039010504], "stats": [{"ci_99": [-Infinity, Infinity], "q_25": 52.579835039010504, "q_75": 52.579835039010504, "min": 52.579835039010504, "max": 52.579835039010504, "mean": 52.579835039010504, "std": 0.0, "repeat": 1, "number": 1}]}, "benchmarks.Hudson.peakmem_human_chr22": 146337792, "benchmarks.Hudson.peakmem_large_sample_size": null, "benchmarks.Hudson.peakmem_long_sequence_length": 171335680, "benchmarks.Hudson.peakmem_long_sequence_length_gene_conversion": 174981120, "benchmarks.Hudson.peakmem_many_replicates": 48406528, "benchmarks.Hudson.time_human_chr22": {"result": [32.61737643901142], "stats": [{"ci_99": [-Infinity, Infinity], "q_25": 32.61737643901142, "q_75": 32.61737643901142, "min": 32.61737643901142, "max": 32.61737643901142, "mean": 32.61737643901142, "std": 0.0, "repeat": 1, "number": 1}]}, "benchmarks.Hudson.time_large_sample_size": null, "benchmarks.Hudson.time_long_sequence_length": {"result": [49.09668879499077], "stats": [{"ci_99": [-Infinity, Infinity], "q_25": 49.09668879499077, "q_75": 49.09668879499077, "min": 49.09668879499077, "max": 49.09668879499077, "mean": 49.09668879499077, "std": 0.0, "repeat": 1, "number": 1}]}, "benchmarks.Hudson.time_long_sequence_length_gene_conversion": {"result": [49.929554678994464], "stats": [{"ci_99": [-Infinity, Infinity], "q_25": 49.929554678994464, "q_75": 49.929554678994464, "min": 49.929554678994464, "max": 49.929554678994464, "mean": 49.929554678994464, "std": 0.0, "repeat": 1, "number": 1}]}, "benchmarks.Hudson.time_many_replicates": {"result": [33.371772635000525], "stats": [{"ci_99": [-Infinity, Infinity], "q_25": 33.371772635000525, "q_75": 33.371772635000525, "min": 33.371772635000525, "max": 33.371772635000525, "mean": 33.371772635000525, "std": 0.0, "repeat": 1, "number": 1}]}}, "params": {"arch": "x86_64", "cpu": "Intel(R) Core(TM) i5-3317U CPU @ 1.70GHz", "machine": "poplar", "num_cpu": "4", "os": "Linux 3.13.0-24-generic", "ram": "3931396", "python": "3.8", "stdpopsim": ""}, "requirements": {"stdpopsim": ""}, "commit_hash": "49e857c77c6200103e50a42b01a14fd5fbd03b24", "date": 1598955595000, "env_name": "virtualenv-py3.8-stdpopsim", "python": "3.8", "profiles": {}, "started_at": {"benchmarks.DTWF.peakmem_human_chr22": 1602008548810, "benchmarks.DTWF.peakmem_large_population_size": 1602008586539, "benchmarks.DTWF.peakmem_long_sequence_length": 1602008597865, "benchmarks.DTWF.peakmem_many_replicates": 1602008610135, "benchmarks.DTWF.time_human_chr22": 1602008662964, "benchmarks.DTWF.time_large_population_size": 1602008699590, "benchmarks.DTWF.time_long_sequence_length": 1602008710966, "benchmarks.DTWF.time_many_replicates": 1602008723236, "benchmarks.Hudson.peakmem_human_chr22": 1602008775915, "benchmarks.Hudson.peakmem_large_sample_size": 1602008809033, "benchmarks.Hudson.peakmem_long_sequence_length": 1602008929133, "benchmarks.Hudson.peakmem_long_sequence_length_gene_conversion": 1602008978882, "benchmarks.Hudson.peakmem_many_replicates": 1602009029482, "benchmarks.Hudson.time_human_chr22": 1602009063134, "benchmarks.Hudson.time_large_sample_size": 1602009095850, "benchmarks.Hudson.time_long_sequence_length": 1602009215950, "benchmarks.Hudson.time_long_sequence_length_gene_conversion": 1602009265148, "benchmarks.Hudson.time_many_replicates": 1602009315198}, "ended_at": {"benchmarks.DTWF.peakmem_human_chr22": 1602008586539, "benchmarks.DTWF.peakmem_large_population_size": 1602008597864, "benchmarks.DTWF.peakmem_long_sequence_length": 1602008610135, "benchmarks.DTWF.peakmem_many_replicates": 1602008662964, "benchmarks.DTWF.time_human_chr22": 1602008699590, "benchmarks.DTWF.time_large_population_size": 1602008710965, "benchmarks.DTWF.time_long_sequence_length": 1602008723236, "benchmarks.DTWF.time_many_replicates": 1602008775915, "benchmarks.Hudson.peakmem_human_chr22": 1602008809033, "benchmarks.Hudson.peakmem_large_sample_size": 1602008929133, "benchmarks.Hudson.peakmem_long_sequence_length": 1602008978882, "benchmarks.Hudson.peakmem_long_sequence_length_gene_conversion": 1602009029482, "benchmarks.Hudson.peakmem_many_replicates": 1602009063133, "benchmarks.Hudson.time_human_chr22": 1602009095850, "benchmarks.Hudson.time_large_sample_size": 1602009215950, "benchmarks.Hudson.time_long_sequence_length": 1602009265148, "benchmarks.Hudson.time_long_sequence_length_gene_conversion": 1602009315198, "benchmarks.Hudson.time_many_replicates": 1602009348699}, "benchmark_version": {"benchmarks.DTWF.peakmem_human_chr22": "f848688127844489b5870c5598d06fc61bdb8c1a31b2c71741fb842ce4869124", "benchmarks.DTWF.peakmem_large_population_size": "1c54016f27b74e5d827e0cf71dee2587b99237d50e0c3aa5bfb1e9a54bedf712", "benchmarks.DTWF.peakmem_long_sequence_length": "72b4498a433ac926a303683be39aa07c206b25c22caa613088af6cbe51544ce9", "benchmarks.DTWF.peakmem_many_replicates": "8d591fe1a84bfd039f312aef953605c494b28ed3e3b28bd41773b5a6bbab8e13", "benchmarks.DTWF.time_human_chr22": "d016729b716d45e5a6cc8608ae18480b4f3d6192cc29f39ad8e06222786408c6", "benchmarks.DTWF.time_large_population_size": "5393d907eb6d9700c18c23789395c3a6a8aecf236b49983e2d955dccc6f793a3", "benchmarks.DTWF.time_long_sequence_length": "89860f21a2ad81e267314c086383279e852e4560e27f425d127937bd62fb83f9", "benchmarks.DTWF.time_many_replicates": "8f8fa44794e1a510a8052653f41596e3e11adbcdc838d7ca59f99bdb491be41b", "benchmarks.Hudson.peakmem_human_chr22": "20ef616d263e941e12a3089b8e8dbfee94d982362fe475e40174ebc3506b102a", "benchmarks.Hudson.peakmem_large_sample_size": "0b75d04c5ff9994c35ae62a490034e021485c38567b2699884e524931587881a", "benchmarks.Hudson.peakmem_long_sequence_length": "edd9dee8418f69b81347803203f176ff269220225a8939dc1c4bc1ab32289f94", "benchmarks.Hudson.peakmem_long_sequence_length_gene_conversion": "2236f20c5a4cc1e037abd099ce1f70d0dd2045a14914c96dcc48d0507f45e1da", "benchmarks.Hudson.peakmem_many_replicates": "b93569a722fa5396ed6631750fbdd02c7b47148d63973610f802eb69db85679e", "benchmarks.Hudson.time_human_chr22": "e648432b5c065478e09802f16a5658d37b625c204e147517826817bd6b04acb1", "benchmarks.Hudson.time_large_sample_size": "7bc273fa1975809170f8f4dd7776de03dd9993132a83866c1c135afe37e4d541", "benchmarks.Hudson.time_long_sequence_length": "0b6c7c537bd986f4e9c36c5549b8e939955cbd49901f29827e3ce763790fb3b7", "benchmarks.Hudson.time_long_sequence_length_gene_conversion": "19005a2b4b33b284a84cc0ad033e2d2c646f2d264fd59a5a55e3c2246a05851b", "benchmarks.Hudson.time_many_replicates": "c0f9f49074ade65f919a2db206a10f03ba6f5b53fa86dce2a6a32e96dd8a5067"}, "version": 1}