{"results": {"benchmarks.DTWF.peakmem_human_chr22": 108101632, "benchmarks.DTWF.peakmem_large_population_size": 52596736, "benchmarks.DTWF.peakmem_long_sequence_length": 55988224, "benchmarks.DTWF.peakmem_many_replicates": 44937216, "benchmarks.DTWF.time_human_chr22": {"result": [38.39051004999783], "stats": [{"ci_99": [-Infinity, Infinity], "q_25": 38.39051004999783, "q_75": 38.39051004999783, "min": 38.39051004999783, "max": 38.39051004999783, "mean": 38.39051004999783, "std": 0.0, "repeat": 1, "number": 1}]}, "benchmarks.DTWF.time_large_population_size": {"result": [10.872068527998636], "stats": [{"ci_99": [-Infinity, Infinity], "q_25": 10.872068527998636, "q_75": 10.872068527998636, "min": 10.872068527998636, "max": 10.872068527998636, "mean": 10.872068527998636, "std": 0.0, "repeat": 1, "number": 1}]}, "benchmarks.DTWF.time_long_sequence_length": {"result": [12.284381668025162], "stats": [{"ci_99": [-Infinity, Infinity], "q_25": 12.284381668025162, "q_75": 12.284381668025162, "min": 12.284381668025162, "max": 12.284381668025162, "mean": 12.284381668025162, "std": 0.0, "repeat": 1, "number": 1}]}, "benchmarks.DTWF.time_many_replicates": {"result": [50.94551391300047], "stats": [{"ci_99": [-Infinity, Infinity], "q_25": 50.94551391300047, "q_75": 50.94551391300047, "min": 50.94551391300047, "max": 50.94551391300047, "mean": 50.94551391300047, "std": 0.0, "repeat": 1, "number": 1}]}, "benchmarks.Hudson.peakmem_human_chr22": 145141760, "benchmarks.Hudson.peakmem_large_sample_size": 817991680, "benchmarks.Hudson.peakmem_long_sequence_length": 166477824, "benchmarks.Hudson.peakmem_long_sequence_length_gene_conversion": 167501824, "benchmarks.Hudson.peakmem_many_replicates": 44920832, "benchmarks.Hudson.time_human_chr22": {"result": [32.964498290006304], "stats": [{"ci_99": [-Infinity, Infinity], "q_25": 32.964498290006304, "q_75": 32.964498290006304, "min": 32.964498290006304, "max": 32.964498290006304, "mean": 32.964498290006304, "std": 0.0, "repeat": 1, "number": 1}]}, "benchmarks.Hudson.time_large_sample_size": {"result": [56.79645960399648], "stats": [{"ci_99": [-Infinity, Infinity], "q_25": 56.79645960399648, "q_75": 56.79645960399648, "min": 56.79645960399648, "max": 56.79645960399648, "mean": 56.79645960399648, "std": 0.0, "repeat": 1, "number": 1}]}, "benchmarks.Hudson.time_long_sequence_length": {"result": [49.29268923899508], "stats": [{"ci_99": [-Infinity, Infinity], "q_25": 49.29268923899508, "q_75": 49.29268923899508, "min": 49.29268923899508, "max": 49.29268923899508, "mean": 49.29268923899508, "std": 0.0, "repeat": 1, "number": 1}]}, "benchmarks.Hudson.time_long_sequence_length_gene_conversion": {"result": [51.08109328901628], "stats": [{"ci_99": [-Infinity, Infinity], "q_25": 51.08109328901628, "q_75": 51.08109328901628, "min": 51.08109328901628, "max": 51.08109328901628, "mean": 51.08109328901628, "std": 0.0, "repeat": 1, "number": 1}]}, "benchmarks.Hudson.time_many_replicates": {"result": [31.747886098979507], "stats": [{"ci_99": [-Infinity, Infinity], "q_25": 31.747886098979507, "q_75": 31.747886098979507, "min": 31.747886098979507, "max": 31.747886098979507, "mean": 31.747886098979507, "std": 0.0, "repeat": 1, "number": 1}]}}, "params": {"arch": "x86_64", "cpu": "Intel(R) Core(TM) i5-3317U CPU @ 1.70GHz", "machine": "poplar", "num_cpu": "4", "os": "Linux 3.13.0-24-generic", "ram": "3931396", "python": "3.8", "stdpopsim": ""}, "requirements": {"stdpopsim": ""}, "commit_hash": "4d7246a473a2c25e8b6f8de46615d09b8df78306", "date": 1592228080000, "env_name": "virtualenv-py3.8-stdpopsim", "python": "3.8", "profiles": {}, "started_at": {"benchmarks.DTWF.peakmem_human_chr22": 1602044548607, "benchmarks.DTWF.peakmem_large_population_size": 1602044589191, "benchmarks.DTWF.peakmem_long_sequence_length": 1602044600216, "benchmarks.DTWF.peakmem_many_replicates": 1602044612736, "benchmarks.DTWF.time_human_chr22": 1602044663612, "benchmarks.DTWF.time_large_population_size": 1602044702142, "benchmarks.DTWF.time_long_sequence_length": 1602044713117, "benchmarks.DTWF.time_many_replicates": 1602044725537, "benchmarks.Hudson.peakmem_human_chr22": 1602044776614, "benchmarks.Hudson.peakmem_large_sample_size": 1602044809631, "benchmarks.Hudson.peakmem_long_sequence_length": 1602044865835, "benchmarks.Hudson.peakmem_long_sequence_length_gene_conversion": 1602044915134, "benchmarks.Hudson.peakmem_many_replicates": 1602044966939, "benchmarks.Hudson.time_human_chr22": 1602044998587, "benchmarks.Hudson.time_large_sample_size": 1602045031655, "benchmarks.Hudson.time_long_sequence_length": 1602045088560, "benchmarks.Hudson.time_long_sequence_length_gene_conversion": 1602045137959, "benchmarks.Hudson.time_many_replicates": 1602045189161}, "ended_at": {"benchmarks.DTWF.peakmem_human_chr22": 1602044589190, "benchmarks.DTWF.peakmem_large_population_size": 1602044600215, "benchmarks.DTWF.peakmem_long_sequence_length": 1602044612736, "benchmarks.DTWF.peakmem_many_replicates": 1602044663612, "benchmarks.DTWF.time_human_chr22": 1602044702142, "benchmarks.DTWF.time_large_population_size": 1602044713116, "benchmarks.DTWF.time_long_sequence_length": 1602044725537, "benchmarks.DTWF.time_many_replicates": 1602044776613, "benchmarks.Hudson.peakmem_human_chr22": 1602044809631, "benchmarks.Hudson.peakmem_large_sample_size": 1602044865835, "benchmarks.Hudson.peakmem_long_sequence_length": 1602044915134, "benchmarks.Hudson.peakmem_long_sequence_length_gene_conversion": 1602044966939, "benchmarks.Hudson.peakmem_many_replicates": 1602044998587, "benchmarks.Hudson.time_human_chr22": 1602045031654, "benchmarks.Hudson.time_large_sample_size": 1602045088560, "benchmarks.Hudson.time_long_sequence_length": 1602045137959, "benchmarks.Hudson.time_long_sequence_length_gene_conversion": 1602045189161, "benchmarks.Hudson.time_many_replicates": 1602045221010}, "benchmark_version": {"benchmarks.DTWF.peakmem_human_chr22": "f848688127844489b5870c5598d06fc61bdb8c1a31b2c71741fb842ce4869124", "benchmarks.DTWF.peakmem_large_population_size": "1c54016f27b74e5d827e0cf71dee2587b99237d50e0c3aa5bfb1e9a54bedf712", "benchmarks.DTWF.peakmem_long_sequence_length": "72b4498a433ac926a303683be39aa07c206b25c22caa613088af6cbe51544ce9", "benchmarks.DTWF.peakmem_many_replicates": "8d591fe1a84bfd039f312aef953605c494b28ed3e3b28bd41773b5a6bbab8e13", "benchmarks.DTWF.time_human_chr22": "d016729b716d45e5a6cc8608ae18480b4f3d6192cc29f39ad8e06222786408c6", "benchmarks.DTWF.time_large_population_size": "5393d907eb6d9700c18c23789395c3a6a8aecf236b49983e2d955dccc6f793a3", "benchmarks.DTWF.time_long_sequence_length": "89860f21a2ad81e267314c086383279e852e4560e27f425d127937bd62fb83f9", "benchmarks.DTWF.time_many_replicates": "8f8fa44794e1a510a8052653f41596e3e11adbcdc838d7ca59f99bdb491be41b", "benchmarks.Hudson.peakmem_human_chr22": "20ef616d263e941e12a3089b8e8dbfee94d982362fe475e40174ebc3506b102a", "benchmarks.Hudson.peakmem_large_sample_size": "0b75d04c5ff9994c35ae62a490034e021485c38567b2699884e524931587881a", "benchmarks.Hudson.peakmem_long_sequence_length": "edd9dee8418f69b81347803203f176ff269220225a8939dc1c4bc1ab32289f94", "benchmarks.Hudson.peakmem_long_sequence_length_gene_conversion": "2236f20c5a4cc1e037abd099ce1f70d0dd2045a14914c96dcc48d0507f45e1da", "benchmarks.Hudson.peakmem_many_replicates": "b93569a722fa5396ed6631750fbdd02c7b47148d63973610f802eb69db85679e", "benchmarks.Hudson.time_human_chr22": "e648432b5c065478e09802f16a5658d37b625c204e147517826817bd6b04acb1", "benchmarks.Hudson.time_large_sample_size": "7bc273fa1975809170f8f4dd7776de03dd9993132a83866c1c135afe37e4d541", "benchmarks.Hudson.time_long_sequence_length": "0b6c7c537bd986f4e9c36c5549b8e939955cbd49901f29827e3ce763790fb3b7", "benchmarks.Hudson.time_long_sequence_length_gene_conversion": "19005a2b4b33b284a84cc0ad033e2d2c646f2d264fd59a5a55e3c2246a05851b", "benchmarks.Hudson.time_many_replicates": "c0f9f49074ade65f919a2db206a10f03ba6f5b53fa86dce2a6a32e96dd8a5067"}, "version": 1}