{"results": {"benchmarks.DTWF.peakmem_human_chr22": 108720128, "benchmarks.DTWF.peakmem_large_population_size": 52051968, "benchmarks.DTWF.peakmem_long_sequence_length": 58298368, "benchmarks.DTWF.peakmem_many_replicates": 47648768, "benchmarks.DTWF.time_human_chr22": {"result": [36.825132077006856], "stats": [{"ci_99": [-Infinity, Infinity], "q_25": 36.825132077006856, "q_75": 36.825132077006856, "min": 36.825132077006856, "max": 36.825132077006856, "mean": 36.825132077006856, "std": 0.0, "repeat": 1, "number": 1}]}, "benchmarks.DTWF.time_large_population_size": {"result": [12.40225101201213], "stats": [{"ci_99": [-Infinity, Infinity], "q_25": 12.40225101201213, "q_75": 12.40225101201213, "min": 12.40225101201213, "max": 12.40225101201213, "mean": 12.40225101201213, "std": 0.0, "repeat": 1, "number": 1}]}, "benchmarks.DTWF.time_long_sequence_length": {"result": [13.127865627990104], "stats": [{"ci_99": [-Infinity, Infinity], "q_25": 13.127865627990104, "q_75": 13.127865627990104, "min": 13.127865627990104, "max": 13.127865627990104, "mean": 13.127865627990104, "std": 0.0, "repeat": 1, "number": 1}]}, "benchmarks.DTWF.time_many_replicates": {"result": [51.75256319800974], "stats": [{"ci_99": [-Infinity, Infinity], "q_25": 51.75256319800974, "q_75": 51.75256319800974, "min": 51.75256319800974, "max": 51.75256319800974, "mean": 51.75256319800974, "std": 0.0, "repeat": 1, "number": 1}]}, "benchmarks.Hudson.peakmem_human_chr22": 142249984, "benchmarks.Hudson.peakmem_large_sample_size": 843112448, "benchmarks.Hudson.peakmem_long_sequence_length": 167813120, "benchmarks.Hudson.peakmem_long_sequence_length_gene_conversion": 170389504, "benchmarks.Hudson.peakmem_many_replicates": 47902720, "benchmarks.Hudson.time_human_chr22": {"result": [31.811382775980746], "stats": [{"ci_99": [-Infinity, Infinity], "q_25": 31.811382775980746, "q_75": 31.811382775980746, "min": 31.811382775980746, "max": 31.811382775980746, "mean": 31.811382775980746, "std": 0.0, "repeat": 1, "number": 1}]}, "benchmarks.Hudson.time_large_sample_size": {"result": [55.05900063601439], "stats": [{"ci_99": [-Infinity, Infinity], "q_25": 55.05900063601439, "q_75": 55.05900063601439, "min": 55.05900063601439, "max": 55.05900063601439, "mean": 55.05900063601439, "std": 0.0, "repeat": 1, "number": 1}]}, "benchmarks.Hudson.time_long_sequence_length": {"result": [49.028410291008186], "stats": [{"ci_99": [-Infinity, Infinity], "q_25": 49.028410291008186, "q_75": 49.028410291008186, "min": 49.028410291008186, "max": 49.028410291008186, "mean": 49.028410291008186, "std": 0.0, "repeat": 1, "number": 1}]}, "benchmarks.Hudson.time_long_sequence_length_gene_conversion": {"result": [49.28920777598978], "stats": [{"ci_99": [-Infinity, Infinity], "q_25": 49.28920777598978, "q_75": 49.28920777598978, "min": 49.28920777598978, "max": 49.28920777598978, "mean": 49.28920777598978, "std": 0.0, "repeat": 1, "number": 1}]}, "benchmarks.Hudson.time_many_replicates": {"result": [31.291232479998143], "stats": [{"ci_99": [-Infinity, Infinity], "q_25": 31.291232479998143, "q_75": 31.291232479998143, "min": 31.291232479998143, "max": 31.291232479998143, "mean": 31.291232479998143, "std": 0.0, "repeat": 1, "number": 1}]}}, "params": {"arch": "x86_64", "cpu": "Intel(R) Core(TM) i5-3317U CPU @ 1.70GHz", "machine": "poplar", "num_cpu": "4", "os": "Linux 3.13.0-24-generic", "ram": "3931396", "python": "3.8", "stdpopsim": ""}, "requirements": {"stdpopsim": ""}, "commit_hash": "515de93135f4fa89fef21ebde9433caaeb6be57b", "date": 1585747393000, "env_name": "virtualenv-py3.8-stdpopsim", "python": "3.8", "profiles": {}, "started_at": {"benchmarks.DTWF.peakmem_human_chr22": 1602092046565, "benchmarks.DTWF.peakmem_large_population_size": 1602092083592, "benchmarks.DTWF.peakmem_long_sequence_length": 1602092096121, "benchmarks.DTWF.peakmem_many_replicates": 1602092109242, "benchmarks.DTWF.time_human_chr22": 1602092161371, "benchmarks.DTWF.time_large_population_size": 1602092198298, "benchmarks.DTWF.time_long_sequence_length": 1602092210826, "benchmarks.DTWF.time_many_replicates": 1602092224048, "benchmarks.Hudson.peakmem_human_chr22": 1602092275926, "benchmarks.Hudson.peakmem_large_sample_size": 1602092307491, "benchmarks.Hudson.peakmem_long_sequence_length": 1602092359640, "benchmarks.Hudson.peakmem_long_sequence_length_gene_conversion": 1602092408689, "benchmarks.Hudson.peakmem_many_replicates": 1602092459242, "benchmarks.Hudson.time_human_chr22": 1602092490790, "benchmarks.Hudson.time_large_sample_size": 1602092522705, "benchmarks.Hudson.time_long_sequence_length": 1602092577858, "benchmarks.Hudson.time_long_sequence_length_gene_conversion": 1602092627007, "benchmarks.Hudson.time_many_replicates": 1602092676406}, "ended_at": {"benchmarks.DTWF.peakmem_human_chr22": 1602092083592, "benchmarks.DTWF.peakmem_large_population_size": 1602092096120, "benchmarks.DTWF.peakmem_long_sequence_length": 1602092109242, "benchmarks.DTWF.peakmem_many_replicates": 1602092161370, "benchmarks.DTWF.time_human_chr22": 1602092198298, "benchmarks.DTWF.time_large_population_size": 1602092210826, "benchmarks.DTWF.time_long_sequence_length": 1602092224048, "benchmarks.DTWF.time_many_replicates": 1602092275925, "benchmarks.Hudson.peakmem_human_chr22": 1602092307490, "benchmarks.Hudson.peakmem_large_sample_size": 1602092359640, "benchmarks.Hudson.peakmem_long_sequence_length": 1602092408689, "benchmarks.Hudson.peakmem_long_sequence_length_gene_conversion": 1602092459242, "benchmarks.Hudson.peakmem_many_replicates": 1602092490790, "benchmarks.Hudson.time_human_chr22": 1602092522704, "benchmarks.Hudson.time_large_sample_size": 1602092577858, "benchmarks.Hudson.time_long_sequence_length": 1602092627007, "benchmarks.Hudson.time_long_sequence_length_gene_conversion": 1602092676406, "benchmarks.Hudson.time_many_replicates": 1602092707804}, "benchmark_version": {"benchmarks.DTWF.peakmem_human_chr22": "f848688127844489b5870c5598d06fc61bdb8c1a31b2c71741fb842ce4869124", "benchmarks.DTWF.peakmem_large_population_size": "1c54016f27b74e5d827e0cf71dee2587b99237d50e0c3aa5bfb1e9a54bedf712", "benchmarks.DTWF.peakmem_long_sequence_length": "72b4498a433ac926a303683be39aa07c206b25c22caa613088af6cbe51544ce9", "benchmarks.DTWF.peakmem_many_replicates": "8d591fe1a84bfd039f312aef953605c494b28ed3e3b28bd41773b5a6bbab8e13", "benchmarks.DTWF.time_human_chr22": "d016729b716d45e5a6cc8608ae18480b4f3d6192cc29f39ad8e06222786408c6", "benchmarks.DTWF.time_large_population_size": "5393d907eb6d9700c18c23789395c3a6a8aecf236b49983e2d955dccc6f793a3", "benchmarks.DTWF.time_long_sequence_length": "89860f21a2ad81e267314c086383279e852e4560e27f425d127937bd62fb83f9", "benchmarks.DTWF.time_many_replicates": "8f8fa44794e1a510a8052653f41596e3e11adbcdc838d7ca59f99bdb491be41b", "benchmarks.Hudson.peakmem_human_chr22": "20ef616d263e941e12a3089b8e8dbfee94d982362fe475e40174ebc3506b102a", "benchmarks.Hudson.peakmem_large_sample_size": "0b75d04c5ff9994c35ae62a490034e021485c38567b2699884e524931587881a", "benchmarks.Hudson.peakmem_long_sequence_length": "edd9dee8418f69b81347803203f176ff269220225a8939dc1c4bc1ab32289f94", "benchmarks.Hudson.peakmem_long_sequence_length_gene_conversion": "2236f20c5a4cc1e037abd099ce1f70d0dd2045a14914c96dcc48d0507f45e1da", "benchmarks.Hudson.peakmem_many_replicates": "b93569a722fa5396ed6631750fbdd02c7b47148d63973610f802eb69db85679e", "benchmarks.Hudson.time_human_chr22": "e648432b5c065478e09802f16a5658d37b625c204e147517826817bd6b04acb1", "benchmarks.Hudson.time_large_sample_size": "7bc273fa1975809170f8f4dd7776de03dd9993132a83866c1c135afe37e4d541", "benchmarks.Hudson.time_long_sequence_length": "0b6c7c537bd986f4e9c36c5549b8e939955cbd49901f29827e3ce763790fb3b7", "benchmarks.Hudson.time_long_sequence_length_gene_conversion": "19005a2b4b33b284a84cc0ad033e2d2c646f2d264fd59a5a55e3c2246a05851b", "benchmarks.Hudson.time_many_replicates": "c0f9f49074ade65f919a2db206a10f03ba6f5b53fa86dce2a6a32e96dd8a5067"}, "version": 1}