{"results": {"benchmarks.DTWF.peakmem_human_chr22": 107089920, "benchmarks.DTWF.peakmem_large_population_size": 52084736, "benchmarks.DTWF.peakmem_long_sequence_length": 55222272, "benchmarks.DTWF.peakmem_many_replicates": 43827200, "benchmarks.DTWF.time_human_chr22": {"result": [37.6455253130116], "stats": [{"ci_99": [-Infinity, Infinity], "q_25": 37.6455253130116, "q_75": 37.6455253130116, "min": 37.6455253130116, "max": 37.6455253130116, "mean": 37.6455253130116, "std": 0.0, "repeat": 1, "number": 1}]}, "benchmarks.DTWF.time_large_population_size": {"result": [12.450858036987484], "stats": [{"ci_99": [-Infinity, Infinity], "q_25": 12.450858036987484, "q_75": 12.450858036987484, "min": 12.450858036987484, "max": 12.450858036987484, "mean": 12.450858036987484, "std": 0.0, "repeat": 1, "number": 1}]}, "benchmarks.DTWF.time_long_sequence_length": {"result": [13.289631702995393], "stats": [{"ci_99": [-Infinity, Infinity], "q_25": 13.289631702995393, "q_75": 13.289631702995393, "min": 13.289631702995393, "max": 13.289631702995393, "mean": 13.289631702995393, "std": 0.0, "repeat": 1, "number": 1}]}, "benchmarks.DTWF.time_many_replicates": {"result": [51.99385199099197], "stats": [{"ci_99": [-Infinity, Infinity], "q_25": 51.99385199099197, "q_75": 51.99385199099197, "min": 51.99385199099197, "max": 51.99385199099197, "mean": 51.99385199099197, "std": 0.0, "repeat": 1, "number": 1}]}, "benchmarks.Hudson.peakmem_human_chr22": 140197888, "benchmarks.Hudson.peakmem_large_sample_size": 856211456, "benchmarks.Hudson.peakmem_long_sequence_length": 167993344, "benchmarks.Hudson.peakmem_long_sequence_length_gene_conversion": 167993344, "benchmarks.Hudson.peakmem_many_replicates": 43429888, "benchmarks.Hudson.time_human_chr22": {"result": [31.56686167701264], "stats": [{"ci_99": [-Infinity, Infinity], "q_25": 31.56686167701264, "q_75": 31.56686167701264, "min": 31.56686167701264, "max": 31.56686167701264, "mean": 31.56686167701264, "std": 0.0, "repeat": 1, "number": 1}]}, "benchmarks.Hudson.time_large_sample_size": {"result": [55.40320818498731], "stats": [{"ci_99": [-Infinity, Infinity], "q_25": 55.40320818498731, "q_75": 55.40320818498731, "min": 55.40320818498731, "max": 55.40320818498731, "mean": 55.40320818498731, "std": 0.0, "repeat": 1, "number": 1}]}, "benchmarks.Hudson.time_long_sequence_length": {"result": [49.052256818977185], "stats": [{"ci_99": [-Infinity, Infinity], "q_25": 49.052256818977185, "q_75": 49.052256818977185, "min": 49.052256818977185, "max": 49.052256818977185, "mean": 49.052256818977185, "std": 0.0, "repeat": 1, "number": 1}]}, "benchmarks.Hudson.time_long_sequence_length_gene_conversion": {"result": [50.34998649399495], "stats": [{"ci_99": [-Infinity, Infinity], "q_25": 50.34998649399495, "q_75": 50.34998649399495, "min": 50.34998649399495, "max": 50.34998649399495, "mean": 50.34998649399495, "std": 0.0, "repeat": 1, "number": 1}]}, "benchmarks.Hudson.time_many_replicates": {"result": [31.463889400998596], "stats": [{"ci_99": [-Infinity, Infinity], "q_25": 31.463889400998596, "q_75": 31.463889400998596, "min": 31.463889400998596, "max": 31.463889400998596, "mean": 31.463889400998596, "std": 0.0, "repeat": 1, "number": 1}]}}, "params": {"arch": "x86_64", "cpu": "Intel(R) Core(TM) i5-3317U CPU @ 1.70GHz", "machine": "poplar", "num_cpu": "4", "os": "Linux 3.13.0-24-generic", "ram": "3931396", "python": "3.8", "stdpopsim": ""}, "requirements": {"stdpopsim": ""}, "commit_hash": "52d9dcb6cf1df6d86081968c8a33345946c9cdc8", "date": 1588753630000, "env_name": "virtualenv-py3.8-stdpopsim", "python": "3.8", "profiles": {}, "started_at": {"benchmarks.DTWF.peakmem_human_chr22": 1602068194826, "benchmarks.DTWF.peakmem_large_population_size": 1602068233807, "benchmarks.DTWF.peakmem_long_sequence_length": 1602068246335, "benchmarks.DTWF.peakmem_many_replicates": 1602068259406, "benchmarks.DTWF.time_human_chr22": 1602068311735, "benchmarks.DTWF.time_large_population_size": 1602068349513, "benchmarks.DTWF.time_long_sequence_length": 1602068362091, "benchmarks.DTWF.time_many_replicates": 1602068375513, "benchmarks.Hudson.peakmem_human_chr22": 1602068427641, "benchmarks.Hudson.peakmem_large_sample_size": 1602068460558, "benchmarks.Hudson.peakmem_long_sequence_length": 1602068515511, "benchmarks.Hudson.peakmem_long_sequence_length_gene_conversion": 1602068564409, "benchmarks.Hudson.peakmem_many_replicates": 1602068615062, "benchmarks.Hudson.time_human_chr22": 1602068646710, "benchmarks.Hudson.time_large_sample_size": 1602068678375, "benchmarks.Hudson.time_long_sequence_length": 1602068733878, "benchmarks.Hudson.time_long_sequence_length_gene_conversion": 1602068783027, "benchmarks.Hudson.time_many_replicates": 1602068833478}, "ended_at": {"benchmarks.DTWF.peakmem_human_chr22": 1602068233807, "benchmarks.DTWF.peakmem_large_population_size": 1602068246335, "benchmarks.DTWF.peakmem_long_sequence_length": 1602068259406, "benchmarks.DTWF.peakmem_many_replicates": 1602068311734, "benchmarks.DTWF.time_human_chr22": 1602068349513, "benchmarks.DTWF.time_large_population_size": 1602068362091, "benchmarks.DTWF.time_long_sequence_length": 1602068375512, "benchmarks.DTWF.time_many_replicates": 1602068427641, "benchmarks.Hudson.peakmem_human_chr22": 1602068460558, "benchmarks.Hudson.peakmem_large_sample_size": 1602068515511, "benchmarks.Hudson.peakmem_long_sequence_length": 1602068564409, "benchmarks.Hudson.peakmem_long_sequence_length_gene_conversion": 1602068615062, "benchmarks.Hudson.peakmem_many_replicates": 1602068646710, "benchmarks.Hudson.time_human_chr22": 1602068678375, "benchmarks.Hudson.time_large_sample_size": 1602068733877, "benchmarks.Hudson.time_long_sequence_length": 1602068783026, "benchmarks.Hudson.time_long_sequence_length_gene_conversion": 1602068833478, "benchmarks.Hudson.time_many_replicates": 1602068865076}, "benchmark_version": {"benchmarks.DTWF.peakmem_human_chr22": "f848688127844489b5870c5598d06fc61bdb8c1a31b2c71741fb842ce4869124", "benchmarks.DTWF.peakmem_large_population_size": "1c54016f27b74e5d827e0cf71dee2587b99237d50e0c3aa5bfb1e9a54bedf712", "benchmarks.DTWF.peakmem_long_sequence_length": "72b4498a433ac926a303683be39aa07c206b25c22caa613088af6cbe51544ce9", "benchmarks.DTWF.peakmem_many_replicates": "8d591fe1a84bfd039f312aef953605c494b28ed3e3b28bd41773b5a6bbab8e13", "benchmarks.DTWF.time_human_chr22": "d016729b716d45e5a6cc8608ae18480b4f3d6192cc29f39ad8e06222786408c6", "benchmarks.DTWF.time_large_population_size": "5393d907eb6d9700c18c23789395c3a6a8aecf236b49983e2d955dccc6f793a3", "benchmarks.DTWF.time_long_sequence_length": "89860f21a2ad81e267314c086383279e852e4560e27f425d127937bd62fb83f9", "benchmarks.DTWF.time_many_replicates": "8f8fa44794e1a510a8052653f41596e3e11adbcdc838d7ca59f99bdb491be41b", "benchmarks.Hudson.peakmem_human_chr22": "20ef616d263e941e12a3089b8e8dbfee94d982362fe475e40174ebc3506b102a", "benchmarks.Hudson.peakmem_large_sample_size": "0b75d04c5ff9994c35ae62a490034e021485c38567b2699884e524931587881a", "benchmarks.Hudson.peakmem_long_sequence_length": "edd9dee8418f69b81347803203f176ff269220225a8939dc1c4bc1ab32289f94", "benchmarks.Hudson.peakmem_long_sequence_length_gene_conversion": "2236f20c5a4cc1e037abd099ce1f70d0dd2045a14914c96dcc48d0507f45e1da", "benchmarks.Hudson.peakmem_many_replicates": "b93569a722fa5396ed6631750fbdd02c7b47148d63973610f802eb69db85679e", "benchmarks.Hudson.time_human_chr22": "e648432b5c065478e09802f16a5658d37b625c204e147517826817bd6b04acb1", "benchmarks.Hudson.time_large_sample_size": "7bc273fa1975809170f8f4dd7776de03dd9993132a83866c1c135afe37e4d541", "benchmarks.Hudson.time_long_sequence_length": "0b6c7c537bd986f4e9c36c5549b8e939955cbd49901f29827e3ce763790fb3b7", "benchmarks.Hudson.time_long_sequence_length_gene_conversion": "19005a2b4b33b284a84cc0ad033e2d2c646f2d264fd59a5a55e3c2246a05851b", "benchmarks.Hudson.time_many_replicates": "c0f9f49074ade65f919a2db206a10f03ba6f5b53fa86dce2a6a32e96dd8a5067"}, "version": 1}