{"results": {"benchmarks.DTWF.peakmem_human_chr22": null, "benchmarks.DTWF.peakmem_large_population_size": null, "benchmarks.DTWF.peakmem_long_sequence_length": 55021568, "benchmarks.DTWF.peakmem_many_replicates": null, "benchmarks.DTWF.time_human_chr22": null, "benchmarks.DTWF.time_large_population_size": null, "benchmarks.DTWF.time_long_sequence_length": {"result": [101.15108258399414], "stats": [{"ci_99": [-Infinity, Infinity], "q_25": 101.15108258399414, "q_75": 101.15108258399414, "min": 101.15108258399414, "max": 101.15108258399414, "mean": 101.15108258399414, "std": 0.0, "repeat": 1, "number": 1}]}, "benchmarks.DTWF.time_many_replicates": null, "benchmarks.Hudson.peakmem_human_chr22": 134549504, "benchmarks.Hudson.peakmem_large_sample_size": 803893248, "benchmarks.Hudson.peakmem_long_sequence_length": 166350848, "benchmarks.Hudson.peakmem_long_sequence_length_gene_conversion": 166350848, "benchmarks.Hudson.peakmem_many_replicates": 42516480, "benchmarks.Hudson.time_human_chr22": {"result": [53.46441020199563], "stats": [{"ci_99": [-Infinity, Infinity], "q_25": 53.46441020199563, "q_75": 53.46441020199563, "min": 53.46441020199563, "max": 53.46441020199563, "mean": 53.46441020199563, "std": 0.0, "repeat": 1, "number": 1}]}, "benchmarks.Hudson.time_large_sample_size": {"result": [54.69957140699262], "stats": [{"ci_99": [-Infinity, Infinity], "q_25": 54.69957140699262, "q_75": 54.69957140699262, "min": 54.69957140699262, "max": 54.69957140699262, "mean": 54.69957140699262, "std": 0.0, "repeat": 1, "number": 1}]}, "benchmarks.Hudson.time_long_sequence_length": {"result": [52.51903704798315], "stats": [{"ci_99": [-Infinity, Infinity], "q_25": 52.51903704798315, "q_75": 52.51903704798315, "min": 52.51903704798315, "max": 52.51903704798315, "mean": 52.51903704798315, "std": 0.0, "repeat": 1, "number": 1}]}, "benchmarks.Hudson.time_long_sequence_length_gene_conversion": {"result": [53.53457757201977], "stats": [{"ci_99": [-Infinity, Infinity], "q_25": 53.53457757201977, "q_75": 53.53457757201977, "min": 53.53457757201977, "max": 53.53457757201977, "mean": 53.53457757201977, "std": 0.0, "repeat": 1, "number": 1}]}, "benchmarks.Hudson.time_many_replicates": {"result": [30.831115451001097], "stats": [{"ci_99": [-Infinity, Infinity], "q_25": 30.831115451001097, "q_75": 30.831115451001097, "min": 30.831115451001097, "max": 30.831115451001097, "mean": 30.831115451001097, "std": 0.0, "repeat": 1, "number": 1}]}}, "params": {"arch": "x86_64", "cpu": "Intel(R) Core(TM) i5-3317U CPU @ 1.70GHz", "machine": "poplar", "num_cpu": "4", "os": "Linux 3.13.0-24-generic", "ram": "3931396", "python": "3.8", "stdpopsim": ""}, "requirements": {"stdpopsim": ""}, "commit_hash": "535f0ea4a8e8a3258ee5e6333714fe3751014d46", "date": 1580921143000, "env_name": "virtualenv-py3.8-stdpopsim", "python": "3.8", "profiles": {}, "started_at": {"benchmarks.DTWF.peakmem_human_chr22": 1602132383121, "benchmarks.DTWF.peakmem_large_population_size": 1602132503207, "benchmarks.DTWF.peakmem_long_sequence_length": 1602132623264, "benchmarks.DTWF.peakmem_many_replicates": 1602132724658, "benchmarks.DTWF.time_human_chr22": 1602132844731, "benchmarks.DTWF.time_large_population_size": 1602132964820, "benchmarks.DTWF.time_long_sequence_length": 1602133084879, "benchmarks.DTWF.time_many_replicates": 1602133186125, "benchmarks.Hudson.peakmem_human_chr22": 1602133306199, "benchmarks.Hudson.peakmem_large_sample_size": 1602133360957, "benchmarks.Hudson.peakmem_long_sequence_length": 1602133415302, "benchmarks.Hudson.peakmem_long_sequence_length_gene_conversion": 1602133467450, "benchmarks.Hudson.peakmem_many_replicates": 1602133520706, "benchmarks.Hudson.time_human_chr22": 1602133551552, "benchmarks.Hudson.time_large_sample_size": 1602133605108, "benchmarks.Hudson.time_long_sequence_length": 1602133659909, "benchmarks.Hudson.time_long_sequence_length_gene_conversion": 1602133712513, "benchmarks.Hudson.time_many_replicates": 1602133766170}, "ended_at": {"benchmarks.DTWF.peakmem_human_chr22": 1602132503207, "benchmarks.DTWF.peakmem_large_population_size": 1602132623264, "benchmarks.DTWF.peakmem_long_sequence_length": 1602132724658, "benchmarks.DTWF.peakmem_many_replicates": 1602132844730, "benchmarks.DTWF.time_human_chr22": 1602132964819, "benchmarks.DTWF.time_large_population_size": 1602133084878, "benchmarks.DTWF.time_long_sequence_length": 1602133186124, "benchmarks.DTWF.time_many_replicates": 1602133306199, "benchmarks.Hudson.peakmem_human_chr22": 1602133360956, "benchmarks.Hudson.peakmem_large_sample_size": 1602133415302, "benchmarks.Hudson.peakmem_long_sequence_length": 1602133467450, "benchmarks.Hudson.peakmem_long_sequence_length_gene_conversion": 1602133520706, "benchmarks.Hudson.peakmem_many_replicates": 1602133551552, "benchmarks.Hudson.time_human_chr22": 1602133605108, "benchmarks.Hudson.time_large_sample_size": 1602133659908, "benchmarks.Hudson.time_long_sequence_length": 1602133712513, "benchmarks.Hudson.time_long_sequence_length_gene_conversion": 1602133766170, "benchmarks.Hudson.time_many_replicates": 1602133797117}, "benchmark_version": {"benchmarks.DTWF.peakmem_human_chr22": "f848688127844489b5870c5598d06fc61bdb8c1a31b2c71741fb842ce4869124", "benchmarks.DTWF.peakmem_large_population_size": "1c54016f27b74e5d827e0cf71dee2587b99237d50e0c3aa5bfb1e9a54bedf712", "benchmarks.DTWF.peakmem_long_sequence_length": "72b4498a433ac926a303683be39aa07c206b25c22caa613088af6cbe51544ce9", "benchmarks.DTWF.peakmem_many_replicates": "8d591fe1a84bfd039f312aef953605c494b28ed3e3b28bd41773b5a6bbab8e13", "benchmarks.DTWF.time_human_chr22": "d016729b716d45e5a6cc8608ae18480b4f3d6192cc29f39ad8e06222786408c6", "benchmarks.DTWF.time_large_population_size": "5393d907eb6d9700c18c23789395c3a6a8aecf236b49983e2d955dccc6f793a3", "benchmarks.DTWF.time_long_sequence_length": "89860f21a2ad81e267314c086383279e852e4560e27f425d127937bd62fb83f9", "benchmarks.DTWF.time_many_replicates": "8f8fa44794e1a510a8052653f41596e3e11adbcdc838d7ca59f99bdb491be41b", "benchmarks.Hudson.peakmem_human_chr22": "20ef616d263e941e12a3089b8e8dbfee94d982362fe475e40174ebc3506b102a", "benchmarks.Hudson.peakmem_large_sample_size": "0b75d04c5ff9994c35ae62a490034e021485c38567b2699884e524931587881a", "benchmarks.Hudson.peakmem_long_sequence_length": "edd9dee8418f69b81347803203f176ff269220225a8939dc1c4bc1ab32289f94", "benchmarks.Hudson.peakmem_long_sequence_length_gene_conversion": "2236f20c5a4cc1e037abd099ce1f70d0dd2045a14914c96dcc48d0507f45e1da", "benchmarks.Hudson.peakmem_many_replicates": "b93569a722fa5396ed6631750fbdd02c7b47148d63973610f802eb69db85679e", "benchmarks.Hudson.time_human_chr22": "e648432b5c065478e09802f16a5658d37b625c204e147517826817bd6b04acb1", "benchmarks.Hudson.time_large_sample_size": "7bc273fa1975809170f8f4dd7776de03dd9993132a83866c1c135afe37e4d541", "benchmarks.Hudson.time_long_sequence_length": "0b6c7c537bd986f4e9c36c5549b8e939955cbd49901f29827e3ce763790fb3b7", "benchmarks.Hudson.time_long_sequence_length_gene_conversion": "19005a2b4b33b284a84cc0ad033e2d2c646f2d264fd59a5a55e3c2246a05851b", "benchmarks.Hudson.time_many_replicates": "c0f9f49074ade65f919a2db206a10f03ba6f5b53fa86dce2a6a32e96dd8a5067"}, "version": 1}