{"results": {"benchmarks.DTWF.peakmem_human_chr22": 98811904, "benchmarks.DTWF.peakmem_large_population_size": null, "benchmarks.DTWF.peakmem_long_sequence_length": 53317632, "benchmarks.DTWF.peakmem_many_replicates": null, "benchmarks.DTWF.time_human_chr22": {"result": [97.16876940202201], "stats": [{"ci_99": [-Infinity, Infinity], "q_25": 97.16876940202201, "q_75": 97.16876940202201, "min": 97.16876940202201, "max": 97.16876940202201, "mean": 97.16876940202201, "std": 0.0, "repeat": 1, "number": 1}]}, "benchmarks.DTWF.time_large_population_size": null, "benchmarks.DTWF.time_long_sequence_length": {"result": [101.62627743498888], "stats": [{"ci_99": [-Infinity, Infinity], "q_25": 101.62627743498888, "q_75": 101.62627743498888, "min": 101.62627743498888, "max": 101.62627743498888, "mean": 101.62627743498888, "std": 0.0, "repeat": 1, "number": 1}]}, "benchmarks.DTWF.time_many_replicates": null, "benchmarks.Hudson.peakmem_human_chr22": 134344704, "benchmarks.Hudson.peakmem_large_sample_size": 793231360, "benchmarks.Hudson.peakmem_long_sequence_length": 161767424, "benchmarks.Hudson.peakmem_long_sequence_length_gene_conversion": 161767424, "benchmarks.Hudson.peakmem_many_replicates": 42196992, "benchmarks.Hudson.time_human_chr22": {"result": [57.70817697001621], "stats": [{"ci_99": [-Infinity, Infinity], "q_25": 57.70817697001621, "q_75": 57.70817697001621, "min": 57.70817697001621, "max": 57.70817697001621, "mean": 57.70817697001621, "std": 0.0, "repeat": 1, "number": 1}]}, "benchmarks.Hudson.time_large_sample_size": {"result": [56.96119441598421], "stats": [{"ci_99": [-Infinity, Infinity], "q_25": 56.96119441598421, "q_75": 56.96119441598421, "min": 56.96119441598421, "max": 56.96119441598421, "mean": 56.96119441598421, "std": 0.0, "repeat": 1, "number": 1}]}, "benchmarks.Hudson.time_long_sequence_length": {"result": [45.66067053203005], "stats": [{"ci_99": [-Infinity, Infinity], "q_25": 45.66067053203005, "q_75": 45.66067053203005, "min": 45.66067053203005, "max": 45.66067053203005, "mean": 45.66067053203005, "std": 0.0, "repeat": 1, "number": 1}]}, "benchmarks.Hudson.time_long_sequence_length_gene_conversion": {"result": [49.242871759983245], "stats": [{"ci_99": [-Infinity, Infinity], "q_25": 49.242871759983245, "q_75": 49.242871759983245, "min": 49.242871759983245, "max": 49.242871759983245, "mean": 49.242871759983245, "std": 0.0, "repeat": 1, "number": 1}]}, "benchmarks.Hudson.time_many_replicates": {"result": [30.402495128975715], "stats": [{"ci_99": [-Infinity, Infinity], "q_25": 30.402495128975715, "q_75": 30.402495128975715, "min": 30.402495128975715, "max": 30.402495128975715, "mean": 30.402495128975715, "std": 0.0, "repeat": 1, "number": 1}]}}, "params": {"arch": "x86_64", "cpu": "Intel(R) Core(TM) i5-3317U CPU @ 1.70GHz", "machine": "poplar", "num_cpu": "4", "os": "Linux 3.13.0-24-generic", "ram": "3931396", "python": "3.8", "stdpopsim": ""}, "requirements": {"stdpopsim": ""}, "commit_hash": "53a462b20cb63d8c283d1be00bd88645dbff6334", "date": 1563116849000, "env_name": "virtualenv-py3.8-stdpopsim", "python": "3.8", "profiles": {}, "started_at": {"benchmarks.DTWF.peakmem_human_chr22": 1602189914952, "benchmarks.DTWF.peakmem_large_population_size": 1602190011044, "benchmarks.DTWF.peakmem_long_sequence_length": 1602190131111, "benchmarks.DTWF.peakmem_many_replicates": 1602190226652, "benchmarks.DTWF.time_human_chr22": 1602190346728, "benchmarks.DTWF.time_large_population_size": 1602190444023, "benchmarks.DTWF.time_long_sequence_length": 1602190564088, "benchmarks.DTWF.time_many_replicates": 1602190665837, "benchmarks.Hudson.peakmem_human_chr22": 1602190785914, "benchmarks.Hudson.peakmem_large_sample_size": 1602190844626, "benchmarks.Hudson.peakmem_long_sequence_length": 1602190901827, "benchmarks.Hudson.peakmem_long_sequence_length_gene_conversion": 1602190948120, "benchmarks.Hudson.peakmem_many_replicates": 1602190997368, "benchmarks.Hudson.time_human_chr22": 1602191027965, "benchmarks.Hudson.time_large_sample_size": 1602191085778, "benchmarks.Hudson.time_long_sequence_length": 1602191142834, "benchmarks.Hudson.time_long_sequence_length_gene_conversion": 1602191188625, "benchmarks.Hudson.time_many_replicates": 1602191237974}, "ended_at": {"benchmarks.DTWF.peakmem_human_chr22": 1602190011044, "benchmarks.DTWF.peakmem_large_population_size": 1602190131111, "benchmarks.DTWF.peakmem_long_sequence_length": 1602190226652, "benchmarks.DTWF.peakmem_many_replicates": 1602190346728, "benchmarks.DTWF.time_human_chr22": 1602190444023, "benchmarks.DTWF.time_large_population_size": 1602190564088, "benchmarks.DTWF.time_long_sequence_length": 1602190665837, "benchmarks.DTWF.time_many_replicates": 1602190785913, "benchmarks.Hudson.peakmem_human_chr22": 1602190844626, "benchmarks.Hudson.peakmem_large_sample_size": 1602190901827, "benchmarks.Hudson.peakmem_long_sequence_length": 1602190948120, "benchmarks.Hudson.peakmem_long_sequence_length_gene_conversion": 1602190997368, "benchmarks.Hudson.peakmem_many_replicates": 1602191027965, "benchmarks.Hudson.time_human_chr22": 1602191085778, "benchmarks.Hudson.time_large_sample_size": 1602191142833, "benchmarks.Hudson.time_long_sequence_length": 1602191188625, "benchmarks.Hudson.time_long_sequence_length_gene_conversion": 1602191237974, "benchmarks.Hudson.time_many_replicates": 1602191268470}, "benchmark_version": {"benchmarks.DTWF.peakmem_human_chr22": "f848688127844489b5870c5598d06fc61bdb8c1a31b2c71741fb842ce4869124", "benchmarks.DTWF.peakmem_large_population_size": "1c54016f27b74e5d827e0cf71dee2587b99237d50e0c3aa5bfb1e9a54bedf712", "benchmarks.DTWF.peakmem_long_sequence_length": "72b4498a433ac926a303683be39aa07c206b25c22caa613088af6cbe51544ce9", "benchmarks.DTWF.peakmem_many_replicates": "8d591fe1a84bfd039f312aef953605c494b28ed3e3b28bd41773b5a6bbab8e13", "benchmarks.DTWF.time_human_chr22": "d016729b716d45e5a6cc8608ae18480b4f3d6192cc29f39ad8e06222786408c6", "benchmarks.DTWF.time_large_population_size": "5393d907eb6d9700c18c23789395c3a6a8aecf236b49983e2d955dccc6f793a3", "benchmarks.DTWF.time_long_sequence_length": "89860f21a2ad81e267314c086383279e852e4560e27f425d127937bd62fb83f9", "benchmarks.DTWF.time_many_replicates": "8f8fa44794e1a510a8052653f41596e3e11adbcdc838d7ca59f99bdb491be41b", "benchmarks.Hudson.peakmem_human_chr22": "20ef616d263e941e12a3089b8e8dbfee94d982362fe475e40174ebc3506b102a", "benchmarks.Hudson.peakmem_large_sample_size": "0b75d04c5ff9994c35ae62a490034e021485c38567b2699884e524931587881a", "benchmarks.Hudson.peakmem_long_sequence_length": "edd9dee8418f69b81347803203f176ff269220225a8939dc1c4bc1ab32289f94", "benchmarks.Hudson.peakmem_long_sequence_length_gene_conversion": "2236f20c5a4cc1e037abd099ce1f70d0dd2045a14914c96dcc48d0507f45e1da", "benchmarks.Hudson.peakmem_many_replicates": "b93569a722fa5396ed6631750fbdd02c7b47148d63973610f802eb69db85679e", "benchmarks.Hudson.time_human_chr22": "e648432b5c065478e09802f16a5658d37b625c204e147517826817bd6b04acb1", "benchmarks.Hudson.time_large_sample_size": "7bc273fa1975809170f8f4dd7776de03dd9993132a83866c1c135afe37e4d541", "benchmarks.Hudson.time_long_sequence_length": "0b6c7c537bd986f4e9c36c5549b8e939955cbd49901f29827e3ce763790fb3b7", "benchmarks.Hudson.time_long_sequence_length_gene_conversion": "19005a2b4b33b284a84cc0ad033e2d2c646f2d264fd59a5a55e3c2246a05851b", "benchmarks.Hudson.time_many_replicates": "c0f9f49074ade65f919a2db206a10f03ba6f5b53fa86dce2a6a32e96dd8a5067"}, "version": 1}