{"results": {"benchmarks.DTWF.peakmem_human_chr22": 111251456, "benchmarks.DTWF.peakmem_large_population_size": 53284864, "benchmarks.DTWF.peakmem_long_sequence_length": 56217600, "benchmarks.DTWF.peakmem_many_replicates": 45989888, "benchmarks.DTWF.time_human_chr22": {"result": [29.47047479901812], "stats": [{"ci_99": [-Infinity, Infinity], "q_25": 29.47047479901812, "q_75": 29.47047479901812, "min": 29.47047479901812, "max": 29.47047479901812, "mean": 29.47047479901812, "std": 0.0, "repeat": 1, "number": 1}]}, "benchmarks.DTWF.time_large_population_size": {"result": [11.263134086009813], "stats": [{"ci_99": [-Infinity, Infinity], "q_25": 11.263134086009813, "q_75": 11.263134086009813, "min": 11.263134086009813, "max": 11.263134086009813, "mean": 11.263134086009813, "std": 0.0, "repeat": 1, "number": 1}]}, "benchmarks.DTWF.time_long_sequence_length": {"result": [11.912795667012688], "stats": [{"ci_99": [-Infinity, Infinity], "q_25": 11.912795667012688, "q_75": 11.912795667012688, "min": 11.912795667012688, "max": 11.912795667012688, "mean": 11.912795667012688, "std": 0.0, "repeat": 1, "number": 1}]}, "benchmarks.DTWF.time_many_replicates": {"result": [52.84480378401349], "stats": [{"ci_99": [-Infinity, Infinity], "q_25": 52.84480378401349, "q_75": 52.84480378401349, "min": 52.84480378401349, "max": 52.84480378401349, "mean": 52.84480378401349, "std": 0.0, "repeat": 1, "number": 1}]}, "benchmarks.Hudson.peakmem_human_chr22": 145485824, "benchmarks.Hudson.peakmem_large_sample_size": 801230848, "benchmarks.Hudson.peakmem_long_sequence_length": 171610112, "benchmarks.Hudson.peakmem_long_sequence_length_gene_conversion": 173703168, "benchmarks.Hudson.peakmem_many_replicates": 46051328, "benchmarks.Hudson.time_human_chr22": {"result": [53.32436048099771], "stats": [{"ci_99": [-Infinity, Infinity], "q_25": 53.32436048099771, "q_75": 53.32436048099771, "min": 53.32436048099771, "max": 53.32436048099771, "mean": 53.32436048099771, "std": 0.0, "repeat": 1, "number": 1}]}, "benchmarks.Hudson.time_large_sample_size": {"result": [55.6969421270187], "stats": [{"ci_99": [-Infinity, Infinity], "q_25": 55.6969421270187, "q_75": 55.6969421270187, "min": 55.6969421270187, "max": 55.6969421270187, "mean": 55.6969421270187, "std": 0.0, "repeat": 1, "number": 1}]}, "benchmarks.Hudson.time_long_sequence_length": {"result": [48.66259943699697], "stats": [{"ci_99": [-Infinity, Infinity], "q_25": 48.66259943699697, "q_75": 48.66259943699697, "min": 48.66259943699697, "max": 48.66259943699697, "mean": 48.66259943699697, "std": 0.0, "repeat": 1, "number": 1}]}, "benchmarks.Hudson.time_long_sequence_length_gene_conversion": {"result": [50.35202810098417], "stats": [{"ci_99": [-Infinity, Infinity], "q_25": 50.35202810098417, "q_75": 50.35202810098417, "min": 50.35202810098417, "max": 50.35202810098417, "mean": 50.35202810098417, "std": 0.0, "repeat": 1, "number": 1}]}, "benchmarks.Hudson.time_many_replicates": {"result": [33.6583940940036], "stats": [{"ci_99": [-Infinity, Infinity], "q_25": 33.6583940940036, "q_75": 33.6583940940036, "min": 33.6583940940036, "max": 33.6583940940036, "mean": 33.6583940940036, "std": 0.0, "repeat": 1, "number": 1}]}}, "params": {"arch": "x86_64", "cpu": "Intel(R) Core(TM) i5-3317U CPU @ 1.70GHz", "machine": "poplar", "num_cpu": "4", "os": "Linux 3.13.0-24-generic", "ram": "3931396", "python": "3.8", "stdpopsim": ""}, "requirements": {"stdpopsim": ""}, "commit_hash": "541c64031cc4cc6e08d82b87c7e2e407963d4905", "date": 1599636750000, "env_name": "virtualenv-py3.8-stdpopsim", "python": "3.8", "profiles": {}, "started_at": {"benchmarks.DTWF.peakmem_human_chr22": 1602001348091, "benchmarks.DTWF.peakmem_large_population_size": 1602001379803, "benchmarks.DTWF.peakmem_long_sequence_length": 1602001391177, "benchmarks.DTWF.peakmem_many_replicates": 1602001403395, "benchmarks.DTWF.time_human_chr22": 1602001456370, "benchmarks.DTWF.time_large_population_size": 1602001485978, "benchmarks.DTWF.time_long_sequence_length": 1602001497351, "benchmarks.DTWF.time_many_replicates": 1602001509369, "benchmarks.Hudson.peakmem_human_chr22": 1602001562344, "benchmarks.Hudson.peakmem_large_sample_size": 1602001614495, "benchmarks.Hudson.peakmem_long_sequence_length": 1602001677109, "benchmarks.Hudson.peakmem_long_sequence_length_gene_conversion": 1602001726759, "benchmarks.Hudson.peakmem_many_replicates": 1602001776708, "benchmarks.Hudson.time_human_chr22": 1602001810410, "benchmarks.Hudson.time_large_sample_size": 1602001863866, "benchmarks.Hudson.time_long_sequence_length": 1602001919671, "benchmarks.Hudson.time_long_sequence_length_gene_conversion": 1602001968468, "benchmarks.Hudson.time_many_replicates": 1602002018918}, "ended_at": {"benchmarks.DTWF.peakmem_human_chr22": 1602001379803, "benchmarks.DTWF.peakmem_large_population_size": 1602001391177, "benchmarks.DTWF.peakmem_long_sequence_length": 1602001403395, "benchmarks.DTWF.peakmem_many_replicates": 1602001456370, "benchmarks.DTWF.time_human_chr22": 1602001485978, "benchmarks.DTWF.time_large_population_size": 1602001497351, "benchmarks.DTWF.time_long_sequence_length": 1602001509369, "benchmarks.DTWF.time_many_replicates": 1602001562344, "benchmarks.Hudson.peakmem_human_chr22": 1602001614494, "benchmarks.Hudson.peakmem_large_sample_size": 1602001677108, "benchmarks.Hudson.peakmem_long_sequence_length": 1602001726759, "benchmarks.Hudson.peakmem_long_sequence_length_gene_conversion": 1602001776708, "benchmarks.Hudson.peakmem_many_replicates": 1602001810410, "benchmarks.Hudson.time_human_chr22": 1602001863866, "benchmarks.Hudson.time_large_sample_size": 1602001919671, "benchmarks.Hudson.time_long_sequence_length": 1602001968468, "benchmarks.Hudson.time_long_sequence_length_gene_conversion": 1602002018917, "benchmarks.Hudson.time_many_replicates": 1602002052716}, "benchmark_version": {"benchmarks.DTWF.peakmem_human_chr22": "f848688127844489b5870c5598d06fc61bdb8c1a31b2c71741fb842ce4869124", "benchmarks.DTWF.peakmem_large_population_size": "1c54016f27b74e5d827e0cf71dee2587b99237d50e0c3aa5bfb1e9a54bedf712", "benchmarks.DTWF.peakmem_long_sequence_length": "72b4498a433ac926a303683be39aa07c206b25c22caa613088af6cbe51544ce9", "benchmarks.DTWF.peakmem_many_replicates": "8d591fe1a84bfd039f312aef953605c494b28ed3e3b28bd41773b5a6bbab8e13", "benchmarks.DTWF.time_human_chr22": "d016729b716d45e5a6cc8608ae18480b4f3d6192cc29f39ad8e06222786408c6", "benchmarks.DTWF.time_large_population_size": "5393d907eb6d9700c18c23789395c3a6a8aecf236b49983e2d955dccc6f793a3", "benchmarks.DTWF.time_long_sequence_length": "89860f21a2ad81e267314c086383279e852e4560e27f425d127937bd62fb83f9", "benchmarks.DTWF.time_many_replicates": "8f8fa44794e1a510a8052653f41596e3e11adbcdc838d7ca59f99bdb491be41b", "benchmarks.Hudson.peakmem_human_chr22": "20ef616d263e941e12a3089b8e8dbfee94d982362fe475e40174ebc3506b102a", "benchmarks.Hudson.peakmem_large_sample_size": "0b75d04c5ff9994c35ae62a490034e021485c38567b2699884e524931587881a", "benchmarks.Hudson.peakmem_long_sequence_length": "edd9dee8418f69b81347803203f176ff269220225a8939dc1c4bc1ab32289f94", "benchmarks.Hudson.peakmem_long_sequence_length_gene_conversion": "2236f20c5a4cc1e037abd099ce1f70d0dd2045a14914c96dcc48d0507f45e1da", "benchmarks.Hudson.peakmem_many_replicates": "b93569a722fa5396ed6631750fbdd02c7b47148d63973610f802eb69db85679e", "benchmarks.Hudson.time_human_chr22": "e648432b5c065478e09802f16a5658d37b625c204e147517826817bd6b04acb1", "benchmarks.Hudson.time_large_sample_size": "7bc273fa1975809170f8f4dd7776de03dd9993132a83866c1c135afe37e4d541", "benchmarks.Hudson.time_long_sequence_length": "0b6c7c537bd986f4e9c36c5549b8e939955cbd49901f29827e3ce763790fb3b7", "benchmarks.Hudson.time_long_sequence_length_gene_conversion": "19005a2b4b33b284a84cc0ad033e2d2c646f2d264fd59a5a55e3c2246a05851b", "benchmarks.Hudson.time_many_replicates": "c0f9f49074ade65f919a2db206a10f03ba6f5b53fa86dce2a6a32e96dd8a5067"}, "version": 1}