{"results": {"benchmarks.DTWF.peakmem_human_chr22": 101752832, "benchmarks.DTWF.peakmem_large_population_size": null, "benchmarks.DTWF.peakmem_long_sequence_length": 57069568, "benchmarks.DTWF.peakmem_many_replicates": null, "benchmarks.DTWF.time_human_chr22": {"result": [68.14715094899293], "stats": [{"ci_99": [-Infinity, Infinity], "q_25": 68.14715094899293, "q_75": 68.14715094899293, "min": 68.14715094899293, "max": 68.14715094899293, "mean": 68.14715094899293, "std": 0.0, "repeat": 1, "number": 1}]}, "benchmarks.DTWF.time_large_population_size": null, "benchmarks.DTWF.time_long_sequence_length": {"result": [95.67243332299404], "stats": [{"ci_99": [-Infinity, Infinity], "q_25": 95.67243332299404, "q_75": 95.67243332299404, "min": 95.67243332299404, "max": 95.67243332299404, "mean": 95.67243332299404, "std": 0.0, "repeat": 1, "number": 1}]}, "benchmarks.DTWF.time_many_replicates": null, "benchmarks.Hudson.peakmem_human_chr22": 133742592, "benchmarks.Hudson.peakmem_large_sample_size": 790155264, "benchmarks.Hudson.peakmem_long_sequence_length": 163024896, "benchmarks.Hudson.peakmem_long_sequence_length_gene_conversion": 164597760, "benchmarks.Hudson.peakmem_many_replicates": 46071808, "benchmarks.Hudson.time_human_chr22": {"result": [24.535255785973277], "stats": [{"ci_99": [-Infinity, Infinity], "q_25": 24.535255785973277, "q_75": 24.535255785973277, "min": 24.535255785973277, "max": 24.535255785973277, "mean": 24.535255785973277, "std": 0.0, "repeat": 1, "number": 1}]}, "benchmarks.Hudson.time_large_sample_size": {"result": [56.811166497005615], "stats": [{"ci_99": [-Infinity, Infinity], "q_25": 56.811166497005615, "q_75": 56.811166497005615, "min": 56.811166497005615, "max": 56.811166497005615, "mean": 56.811166497005615, "std": 0.0, "repeat": 1, "number": 1}]}, "benchmarks.Hudson.time_long_sequence_length": {"result": [45.72262108698487], "stats": [{"ci_99": [-Infinity, Infinity], "q_25": 45.72262108698487, "q_75": 45.72262108698487, "min": 45.72262108698487, "max": 45.72262108698487, "mean": 45.72262108698487, "std": 0.0, "repeat": 1, "number": 1}]}, "benchmarks.Hudson.time_long_sequence_length_gene_conversion": {"result": [47.262609801022336], "stats": [{"ci_99": [-Infinity, Infinity], "q_25": 47.262609801022336, "q_75": 47.262609801022336, "min": 47.262609801022336, "max": 47.262609801022336, "mean": 47.262609801022336, "std": 0.0, "repeat": 1, "number": 1}]}, "benchmarks.Hudson.time_many_replicates": {"result": [30.50417438399745], "stats": [{"ci_99": [-Infinity, Infinity], "q_25": 30.50417438399745, "q_75": 30.50417438399745, "min": 30.50417438399745, "max": 30.50417438399745, "mean": 30.50417438399745, "std": 0.0, "repeat": 1, "number": 1}]}}, "params": {"arch": "x86_64", "cpu": "Intel(R) Core(TM) i5-3317U CPU @ 1.70GHz", "machine": "poplar", "num_cpu": "4", "os": "Linux 3.13.0-24-generic", "ram": "3931396", "python": "3.8", "stdpopsim": ""}, "requirements": {"stdpopsim": ""}, "commit_hash": "5469f0add853df7bc95411b3b7aedc6a20c8ad11", "date": 1579173953000, "env_name": "virtualenv-py3.8-stdpopsim", "python": "3.8", "profiles": {}, "started_at": {"benchmarks.DTWF.peakmem_human_chr22": 1602141749487, "benchmarks.DTWF.peakmem_large_population_size": 1602141818634, "benchmarks.DTWF.peakmem_long_sequence_length": 1602141938706, "benchmarks.DTWF.peakmem_many_replicates": 1602142034503, "benchmarks.DTWF.time_human_chr22": 1602142154587, "benchmarks.DTWF.time_large_population_size": 1602142222829, "benchmarks.DTWF.time_long_sequence_length": 1602142342895, "benchmarks.DTWF.time_many_replicates": 1602142438690, "benchmarks.Hudson.peakmem_human_chr22": 1602142558771, "benchmarks.Hudson.peakmem_large_sample_size": 1602142583272, "benchmarks.Hudson.peakmem_long_sequence_length": 1602142636776, "benchmarks.Hudson.peakmem_long_sequence_length_gene_conversion": 1602142682169, "benchmarks.Hudson.peakmem_many_replicates": 1602142728864, "benchmarks.Hudson.time_human_chr22": 1602142759412, "benchmarks.Hudson.time_large_sample_size": 1602142784062, "benchmarks.Hudson.time_long_sequence_length": 1602142840972, "benchmarks.Hudson.time_long_sequence_length_gene_conversion": 1602142886816, "benchmarks.Hudson.time_many_replicates": 1602142934212}, "ended_at": {"benchmarks.DTWF.peakmem_human_chr22": 1602141818634, "benchmarks.DTWF.peakmem_large_population_size": 1602141938705, "benchmarks.DTWF.peakmem_long_sequence_length": 1602142034503, "benchmarks.DTWF.peakmem_many_replicates": 1602142154586, "benchmarks.DTWF.time_human_chr22": 1602142222828, "benchmarks.DTWF.time_large_population_size": 1602142342895, "benchmarks.DTWF.time_long_sequence_length": 1602142438690, "benchmarks.DTWF.time_many_replicates": 1602142558771, "benchmarks.Hudson.peakmem_human_chr22": 1602142583272, "benchmarks.Hudson.peakmem_large_sample_size": 1602142636776, "benchmarks.Hudson.peakmem_long_sequence_length": 1602142682169, "benchmarks.Hudson.peakmem_long_sequence_length_gene_conversion": 1602142728864, "benchmarks.Hudson.peakmem_many_replicates": 1602142759412, "benchmarks.Hudson.time_human_chr22": 1602142784062, "benchmarks.Hudson.time_large_sample_size": 1602142840972, "benchmarks.Hudson.time_long_sequence_length": 1602142886815, "benchmarks.Hudson.time_long_sequence_length_gene_conversion": 1602142934212, "benchmarks.Hudson.time_many_replicates": 1602142964810}, "benchmark_version": {"benchmarks.DTWF.peakmem_human_chr22": "f848688127844489b5870c5598d06fc61bdb8c1a31b2c71741fb842ce4869124", "benchmarks.DTWF.peakmem_large_population_size": "1c54016f27b74e5d827e0cf71dee2587b99237d50e0c3aa5bfb1e9a54bedf712", "benchmarks.DTWF.peakmem_long_sequence_length": "72b4498a433ac926a303683be39aa07c206b25c22caa613088af6cbe51544ce9", "benchmarks.DTWF.peakmem_many_replicates": "8d591fe1a84bfd039f312aef953605c494b28ed3e3b28bd41773b5a6bbab8e13", "benchmarks.DTWF.time_human_chr22": "d016729b716d45e5a6cc8608ae18480b4f3d6192cc29f39ad8e06222786408c6", "benchmarks.DTWF.time_large_population_size": "5393d907eb6d9700c18c23789395c3a6a8aecf236b49983e2d955dccc6f793a3", "benchmarks.DTWF.time_long_sequence_length": "89860f21a2ad81e267314c086383279e852e4560e27f425d127937bd62fb83f9", "benchmarks.DTWF.time_many_replicates": "8f8fa44794e1a510a8052653f41596e3e11adbcdc838d7ca59f99bdb491be41b", "benchmarks.Hudson.peakmem_human_chr22": "20ef616d263e941e12a3089b8e8dbfee94d982362fe475e40174ebc3506b102a", "benchmarks.Hudson.peakmem_large_sample_size": "0b75d04c5ff9994c35ae62a490034e021485c38567b2699884e524931587881a", "benchmarks.Hudson.peakmem_long_sequence_length": "edd9dee8418f69b81347803203f176ff269220225a8939dc1c4bc1ab32289f94", "benchmarks.Hudson.peakmem_long_sequence_length_gene_conversion": "2236f20c5a4cc1e037abd099ce1f70d0dd2045a14914c96dcc48d0507f45e1da", "benchmarks.Hudson.peakmem_many_replicates": "b93569a722fa5396ed6631750fbdd02c7b47148d63973610f802eb69db85679e", "benchmarks.Hudson.time_human_chr22": "e648432b5c065478e09802f16a5658d37b625c204e147517826817bd6b04acb1", "benchmarks.Hudson.time_large_sample_size": "7bc273fa1975809170f8f4dd7776de03dd9993132a83866c1c135afe37e4d541", "benchmarks.Hudson.time_long_sequence_length": "0b6c7c537bd986f4e9c36c5549b8e939955cbd49901f29827e3ce763790fb3b7", "benchmarks.Hudson.time_long_sequence_length_gene_conversion": "19005a2b4b33b284a84cc0ad033e2d2c646f2d264fd59a5a55e3c2246a05851b", "benchmarks.Hudson.time_many_replicates": "c0f9f49074ade65f919a2db206a10f03ba6f5b53fa86dce2a6a32e96dd8a5067"}, "version": 1}