{"results": {"benchmarks.DTWF.peakmem_human_chr22": 107663360, "benchmarks.DTWF.peakmem_large_population_size": 53387264, "benchmarks.DTWF.peakmem_long_sequence_length": 56049664, "benchmarks.DTWF.peakmem_many_replicates": 44199936, "benchmarks.DTWF.time_human_chr22": {"result": [38.02271880800254], "stats": [{"ci_99": [-Infinity, Infinity], "q_25": 38.02271880800254, "q_75": 38.02271880800254, "min": 38.02271880800254, "max": 38.02271880800254, "mean": 38.02271880800254, "std": 0.0, "repeat": 1, "number": 1}]}, "benchmarks.DTWF.time_large_population_size": {"result": [11.666847744985716], "stats": [{"ci_99": [-Infinity, Infinity], "q_25": 11.666847744985716, "q_75": 11.666847744985716, "min": 11.666847744985716, "max": 11.666847744985716, "mean": 11.666847744985716, "std": 0.0, "repeat": 1, "number": 1}]}, "benchmarks.DTWF.time_long_sequence_length": {"result": [12.899653525004396], "stats": [{"ci_99": [-Infinity, Infinity], "q_25": 12.899653525004396, "q_75": 12.899653525004396, "min": 12.899653525004396, "max": 12.899653525004396, "mean": 12.899653525004396, "std": 0.0, "repeat": 1, "number": 1}]}, "benchmarks.DTWF.time_many_replicates": {"result": [51.70428898499813], "stats": [{"ci_99": [-Infinity, Infinity], "q_25": 51.70428898499813, "q_75": 51.70428898499813, "min": 51.70428898499813, "max": 51.70428898499813, "mean": 51.70428898499813, "std": 0.0, "repeat": 1, "number": 1}]}, "benchmarks.Hudson.peakmem_human_chr22": 143253504, "benchmarks.Hudson.peakmem_large_sample_size": 852512768, "benchmarks.Hudson.peakmem_long_sequence_length": 166785024, "benchmarks.Hudson.peakmem_long_sequence_length_gene_conversion": 166785024, "benchmarks.Hudson.peakmem_many_replicates": 43913216, "benchmarks.Hudson.time_human_chr22": {"result": [31.69080663699424], "stats": [{"ci_99": [-Infinity, Infinity], "q_25": 31.69080663699424, "q_75": 31.69080663699424, "min": 31.69080663699424, "max": 31.69080663699424, "mean": 31.69080663699424, "std": 0.0, "repeat": 1, "number": 1}]}, "benchmarks.Hudson.time_large_sample_size": {"result": [55.38160567599698], "stats": [{"ci_99": [-Infinity, Infinity], "q_25": 55.38160567599698, "q_75": 55.38160567599698, "min": 55.38160567599698, "max": 55.38160567599698, "mean": 55.38160567599698, "std": 0.0, "repeat": 1, "number": 1}]}, "benchmarks.Hudson.time_long_sequence_length": {"result": [49.21710987598635], "stats": [{"ci_99": [-Infinity, Infinity], "q_25": 49.21710987598635, "q_75": 49.21710987598635, "min": 49.21710987598635, "max": 49.21710987598635, "mean": 49.21710987598635, "std": 0.0, "repeat": 1, "number": 1}]}, "benchmarks.Hudson.time_long_sequence_length_gene_conversion": {"result": [50.44266482500825], "stats": [{"ci_99": [-Infinity, Infinity], "q_25": 50.44266482500825, "q_75": 50.44266482500825, "min": 50.44266482500825, "max": 50.44266482500825, "mean": 50.44266482500825, "std": 0.0, "repeat": 1, "number": 1}]}, "benchmarks.Hudson.time_many_replicates": {"result": [31.628735903999768], "stats": [{"ci_99": [-Infinity, Infinity], "q_25": 31.628735903999768, "q_75": 31.628735903999768, "min": 31.628735903999768, "max": 31.628735903999768, "mean": 31.628735903999768, "std": 0.0, "repeat": 1, "number": 1}]}}, "params": {"arch": "x86_64", "cpu": "Intel(R) Core(TM) i5-3317U CPU @ 1.70GHz", "machine": "poplar", "num_cpu": "4", "os": "Linux 3.13.0-24-generic", "ram": "3931396", "python": "3.8", "stdpopsim": ""}, "requirements": {"stdpopsim": ""}, "commit_hash": "5606fa1aad1e5936097ed6169a10c989b6e0403b", "date": 1591111450000, "env_name": "virtualenv-py3.8-stdpopsim", "python": "3.8", "profiles": {}, "started_at": {"benchmarks.DTWF.peakmem_human_chr22": 1602053119238, "benchmarks.DTWF.peakmem_large_population_size": 1602053157017, "benchmarks.DTWF.peakmem_long_sequence_length": 1602053168793, "benchmarks.DTWF.peakmem_many_replicates": 1602053181715, "benchmarks.DTWF.time_human_chr22": 1602053233342, "benchmarks.DTWF.time_large_population_size": 1602053271471, "benchmarks.DTWF.time_long_sequence_length": 1602053283247, "benchmarks.DTWF.time_many_replicates": 1602053296269, "benchmarks.Hudson.peakmem_human_chr22": 1602053348097, "benchmarks.Hudson.peakmem_large_sample_size": 1602053381014, "benchmarks.Hudson.peakmem_long_sequence_length": 1602053436618, "benchmarks.Hudson.peakmem_long_sequence_length_gene_conversion": 1602053486919, "benchmarks.Hudson.peakmem_many_replicates": 1602053537270, "benchmarks.Hudson.time_human_chr22": 1602053568918, "benchmarks.Hudson.time_large_sample_size": 1602053600732, "benchmarks.Hudson.time_long_sequence_length": 1602053656235, "benchmarks.Hudson.time_long_sequence_length_gene_conversion": 1602053705584, "benchmarks.Hudson.time_many_replicates": 1602053756136}, "ended_at": {"benchmarks.DTWF.peakmem_human_chr22": 1602053157017, "benchmarks.DTWF.peakmem_large_population_size": 1602053168793, "benchmarks.DTWF.peakmem_long_sequence_length": 1602053181714, "benchmarks.DTWF.peakmem_many_replicates": 1602053233342, "benchmarks.DTWF.time_human_chr22": 1602053271471, "benchmarks.DTWF.time_large_population_size": 1602053283247, "benchmarks.DTWF.time_long_sequence_length": 1602053296268, "benchmarks.DTWF.time_many_replicates": 1602053348096, "benchmarks.Hudson.peakmem_human_chr22": 1602053381013, "benchmarks.Hudson.peakmem_large_sample_size": 1602053436618, "benchmarks.Hudson.peakmem_long_sequence_length": 1602053486919, "benchmarks.Hudson.peakmem_long_sequence_length_gene_conversion": 1602053537269, "benchmarks.Hudson.peakmem_many_replicates": 1602053568918, "benchmarks.Hudson.time_human_chr22": 1602053600732, "benchmarks.Hudson.time_large_sample_size": 1602053656235, "benchmarks.Hudson.time_long_sequence_length": 1602053705584, "benchmarks.Hudson.time_long_sequence_length_gene_conversion": 1602053756136, "benchmarks.Hudson.time_many_replicates": 1602053787885}, "benchmark_version": {"benchmarks.DTWF.peakmem_human_chr22": "f848688127844489b5870c5598d06fc61bdb8c1a31b2c71741fb842ce4869124", "benchmarks.DTWF.peakmem_large_population_size": "1c54016f27b74e5d827e0cf71dee2587b99237d50e0c3aa5bfb1e9a54bedf712", "benchmarks.DTWF.peakmem_long_sequence_length": "72b4498a433ac926a303683be39aa07c206b25c22caa613088af6cbe51544ce9", "benchmarks.DTWF.peakmem_many_replicates": "8d591fe1a84bfd039f312aef953605c494b28ed3e3b28bd41773b5a6bbab8e13", "benchmarks.DTWF.time_human_chr22": "d016729b716d45e5a6cc8608ae18480b4f3d6192cc29f39ad8e06222786408c6", "benchmarks.DTWF.time_large_population_size": "5393d907eb6d9700c18c23789395c3a6a8aecf236b49983e2d955dccc6f793a3", "benchmarks.DTWF.time_long_sequence_length": "89860f21a2ad81e267314c086383279e852e4560e27f425d127937bd62fb83f9", "benchmarks.DTWF.time_many_replicates": "8f8fa44794e1a510a8052653f41596e3e11adbcdc838d7ca59f99bdb491be41b", "benchmarks.Hudson.peakmem_human_chr22": "20ef616d263e941e12a3089b8e8dbfee94d982362fe475e40174ebc3506b102a", "benchmarks.Hudson.peakmem_large_sample_size": "0b75d04c5ff9994c35ae62a490034e021485c38567b2699884e524931587881a", "benchmarks.Hudson.peakmem_long_sequence_length": "edd9dee8418f69b81347803203f176ff269220225a8939dc1c4bc1ab32289f94", "benchmarks.Hudson.peakmem_long_sequence_length_gene_conversion": "2236f20c5a4cc1e037abd099ce1f70d0dd2045a14914c96dcc48d0507f45e1da", "benchmarks.Hudson.peakmem_many_replicates": "b93569a722fa5396ed6631750fbdd02c7b47148d63973610f802eb69db85679e", "benchmarks.Hudson.time_human_chr22": "e648432b5c065478e09802f16a5658d37b625c204e147517826817bd6b04acb1", "benchmarks.Hudson.time_large_sample_size": "7bc273fa1975809170f8f4dd7776de03dd9993132a83866c1c135afe37e4d541", "benchmarks.Hudson.time_long_sequence_length": "0b6c7c537bd986f4e9c36c5549b8e939955cbd49901f29827e3ce763790fb3b7", "benchmarks.Hudson.time_long_sequence_length_gene_conversion": "19005a2b4b33b284a84cc0ad033e2d2c646f2d264fd59a5a55e3c2246a05851b", "benchmarks.Hudson.time_many_replicates": "c0f9f49074ade65f919a2db206a10f03ba6f5b53fa86dce2a6a32e96dd8a5067"}, "version": 1}