{"results": {"benchmarks.DTWF.peakmem_human_chr22": 112668672, "benchmarks.DTWF.peakmem_large_population_size": 55181312, "benchmarks.DTWF.peakmem_long_sequence_length": 59691008, "benchmarks.DTWF.peakmem_many_replicates": 49045504, "benchmarks.DTWF.time_human_chr22": {"result": [28.44831410399638], "stats": [{"ci_99": [-Infinity, Infinity], "q_25": 28.44831410399638, "q_75": 28.44831410399638, "min": 28.44831410399638, "max": 28.44831410399638, "mean": 28.44831410399638, "std": 0.0, "repeat": 1, "number": 1}]}, "benchmarks.DTWF.time_large_population_size": {"result": [11.625789702004113], "stats": [{"ci_99": [-Infinity, Infinity], "q_25": 11.625789702004113, "q_75": 11.625789702004113, "min": 11.625789702004113, "max": 11.625789702004113, "mean": 11.625789702004113, "std": 0.0, "repeat": 1, "number": 1}]}, "benchmarks.DTWF.time_long_sequence_length": {"result": [12.271398853998107], "stats": [{"ci_99": [-Infinity, Infinity], "q_25": 12.271398853998107, "q_75": 12.271398853998107, "min": 12.271398853998107, "max": 12.271398853998107, "mean": 12.271398853998107, "std": 0.0, "repeat": 1, "number": 1}]}, "benchmarks.DTWF.time_many_replicates": {"result": [47.671378134000406], "stats": [{"ci_99": [-Infinity, Infinity], "q_25": 47.671378134000406, "q_75": 47.671378134000406, "min": 47.671378134000406, "max": 47.671378134000406, "mean": 47.671378134000406, "std": 0.0, "repeat": 1, "number": 1}]}, "benchmarks.Hudson.peakmem_human_chr22": 148099072, "benchmarks.Hudson.peakmem_large_sample_size": 852029440, "benchmarks.Hudson.peakmem_long_sequence_length": 174706688, "benchmarks.Hudson.peakmem_long_sequence_length_gene_conversion": 172433408, "benchmarks.Hudson.peakmem_many_replicates": 48521216, "benchmarks.Hudson.time_human_chr22": {"result": [54.35294368799805], "stats": [{"ci_99": [-Infinity, Infinity], "q_25": 54.35294368799805, "q_75": 54.35294368799805, "min": 54.35294368799805, "max": 54.35294368799805, "mean": 54.35294368799805, "std": 0.0, "repeat": 1, "number": 1}]}, "benchmarks.Hudson.time_large_sample_size": {"result": [71.18163583600108], "stats": [{"ci_99": [-Infinity, Infinity], "q_25": 71.18163583600108, "q_75": 71.18163583600108, "min": 71.18163583600108, "max": 71.18163583600108, "mean": 71.18163583600108, "std": 0.0, "repeat": 1, "number": 1}]}, "benchmarks.Hudson.time_long_sequence_length": {"result": [50.354592101997696], "stats": [{"ci_99": [-Infinity, Infinity], "q_25": 50.354592101997696, "q_75": 50.354592101997696, "min": 50.354592101997696, "max": 50.354592101997696, "mean": 50.354592101997696, "std": 0.0, "repeat": 1, "number": 1}]}, "benchmarks.Hudson.time_long_sequence_length_gene_conversion": {"result": [51.503992051999376], "stats": [{"ci_99": [-Infinity, Infinity], "q_25": 51.503992051999376, "q_75": 51.503992051999376, "min": 51.503992051999376, "max": 51.503992051999376, "mean": 51.503992051999376, "std": 0.0, "repeat": 1, "number": 1}]}, "benchmarks.Hudson.time_many_replicates": {"result": [28.126026916004776], "stats": [{"ci_99": [-Infinity, Infinity], "q_25": 28.126026916004776, "q_75": 28.126026916004776, "min": 28.126026916004776, "max": 28.126026916004776, "mean": 28.126026916004776, "std": 0.0, "repeat": 1, "number": 1}]}}, "params": {"arch": "x86_64", "cpu": "Intel(R) Core(TM) i5-3317U CPU @ 1.70GHz", "machine": "poplar", "num_cpu": "4", "os": "Linux 3.13.0-24-generic", "ram": "3931396", "python": "3.8", "stdpopsim": ""}, "requirements": {"stdpopsim": ""}, "commit_hash": "570a01892651215bfc9eeb1a6a670915e7358243", "date": 1601504044000, "env_name": "virtualenv-py3.8-stdpopsim", "python": "3.8", "profiles": {}, "started_at": {"benchmarks.DTWF.peakmem_human_chr22": 1601504125883, "benchmarks.DTWF.peakmem_large_population_size": 1601504156543, "benchmarks.DTWF.peakmem_long_sequence_length": 1601504168767, "benchmarks.DTWF.peakmem_many_replicates": 1601504181587, "benchmarks.DTWF.time_human_chr22": 1601504229604, "benchmarks.DTWF.time_large_population_size": 1601504258615, "benchmarks.DTWF.time_long_sequence_length": 1601504270843, "benchmarks.DTWF.time_many_replicates": 1601504283714, "benchmarks.Hudson.peakmem_human_chr22": 1601504331987, "benchmarks.Hudson.peakmem_large_sample_size": 1601504386698, "benchmarks.Hudson.peakmem_long_sequence_length": 1601504461131, "benchmarks.Hudson.peakmem_long_sequence_length_gene_conversion": 1601504511632, "benchmarks.Hudson.peakmem_many_replicates": 1601504563485, "benchmarks.Hudson.time_human_chr22": 1601504592080, "benchmarks.Hudson.time_large_sample_size": 1601504646990, "benchmarks.Hudson.time_long_sequence_length": 1601504718769, "benchmarks.Hudson.time_long_sequence_length_gene_conversion": 1601504769722, "benchmarks.Hudson.time_many_replicates": 1601504821827}, "ended_at": {"benchmarks.DTWF.peakmem_human_chr22": 1601504156542, "benchmarks.DTWF.peakmem_large_population_size": 1601504168767, "benchmarks.DTWF.peakmem_long_sequence_length": 1601504181586, "benchmarks.DTWF.peakmem_many_replicates": 1601504229604, "benchmarks.DTWF.time_human_chr22": 1601504258614, "benchmarks.DTWF.time_large_population_size": 1601504270842, "benchmarks.DTWF.time_long_sequence_length": 1601504283714, "benchmarks.DTWF.time_many_replicates": 1601504331987, "benchmarks.Hudson.peakmem_human_chr22": 1601504386697, "benchmarks.Hudson.peakmem_large_sample_size": 1601504461131, "benchmarks.Hudson.peakmem_long_sequence_length": 1601504511632, "benchmarks.Hudson.peakmem_long_sequence_length_gene_conversion": 1601504563485, "benchmarks.Hudson.peakmem_many_replicates": 1601504592079, "benchmarks.Hudson.time_human_chr22": 1601504646989, "benchmarks.Hudson.time_large_sample_size": 1601504718768, "benchmarks.Hudson.time_long_sequence_length": 1601504769721, "benchmarks.Hudson.time_long_sequence_length_gene_conversion": 1601504821826, "benchmarks.Hudson.time_many_replicates": 1601504850521}, "benchmark_version": {"benchmarks.DTWF.peakmem_human_chr22": "f848688127844489b5870c5598d06fc61bdb8c1a31b2c71741fb842ce4869124", "benchmarks.DTWF.peakmem_large_population_size": "1c54016f27b74e5d827e0cf71dee2587b99237d50e0c3aa5bfb1e9a54bedf712", "benchmarks.DTWF.peakmem_long_sequence_length": "72b4498a433ac926a303683be39aa07c206b25c22caa613088af6cbe51544ce9", "benchmarks.DTWF.peakmem_many_replicates": "8d591fe1a84bfd039f312aef953605c494b28ed3e3b28bd41773b5a6bbab8e13", "benchmarks.DTWF.time_human_chr22": "d016729b716d45e5a6cc8608ae18480b4f3d6192cc29f39ad8e06222786408c6", "benchmarks.DTWF.time_large_population_size": "5393d907eb6d9700c18c23789395c3a6a8aecf236b49983e2d955dccc6f793a3", "benchmarks.DTWF.time_long_sequence_length": "89860f21a2ad81e267314c086383279e852e4560e27f425d127937bd62fb83f9", "benchmarks.DTWF.time_many_replicates": "8f8fa44794e1a510a8052653f41596e3e11adbcdc838d7ca59f99bdb491be41b", "benchmarks.Hudson.peakmem_human_chr22": "20ef616d263e941e12a3089b8e8dbfee94d982362fe475e40174ebc3506b102a", "benchmarks.Hudson.peakmem_large_sample_size": "0b75d04c5ff9994c35ae62a490034e021485c38567b2699884e524931587881a", "benchmarks.Hudson.peakmem_long_sequence_length": "edd9dee8418f69b81347803203f176ff269220225a8939dc1c4bc1ab32289f94", "benchmarks.Hudson.peakmem_long_sequence_length_gene_conversion": "2236f20c5a4cc1e037abd099ce1f70d0dd2045a14914c96dcc48d0507f45e1da", "benchmarks.Hudson.peakmem_many_replicates": "b93569a722fa5396ed6631750fbdd02c7b47148d63973610f802eb69db85679e", "benchmarks.Hudson.time_human_chr22": "e648432b5c065478e09802f16a5658d37b625c204e147517826817bd6b04acb1", "benchmarks.Hudson.time_large_sample_size": "7bc273fa1975809170f8f4dd7776de03dd9993132a83866c1c135afe37e4d541", "benchmarks.Hudson.time_long_sequence_length": "0b6c7c537bd986f4e9c36c5549b8e939955cbd49901f29827e3ce763790fb3b7", "benchmarks.Hudson.time_long_sequence_length_gene_conversion": "19005a2b4b33b284a84cc0ad033e2d2c646f2d264fd59a5a55e3c2246a05851b", "benchmarks.Hudson.time_many_replicates": "c0f9f49074ade65f919a2db206a10f03ba6f5b53fa86dce2a6a32e96dd8a5067"}, "version": 1}