{"results": {"benchmarks.DTWF.peakmem_human_chr22": 107003904, "benchmarks.DTWF.peakmem_large_population_size": 51855360, "benchmarks.DTWF.peakmem_long_sequence_length": 55144448, "benchmarks.DTWF.peakmem_many_replicates": 43958272, "benchmarks.DTWF.time_human_chr22": {"result": [38.669417504017474], "stats": [{"ci_99": [-Infinity, Infinity], "q_25": 38.669417504017474, "q_75": 38.669417504017474, "min": 38.669417504017474, "max": 38.669417504017474, "mean": 38.669417504017474, "std": 0.0, "repeat": 1, "number": 1}]}, "benchmarks.DTWF.time_large_population_size": {"result": [12.41134893099661], "stats": [{"ci_99": [-Infinity, Infinity], "q_25": 12.41134893099661, "q_75": 12.41134893099661, "min": 12.41134893099661, "max": 12.41134893099661, "mean": 12.41134893099661, "std": 0.0, "repeat": 1, "number": 1}]}, "benchmarks.DTWF.time_long_sequence_length": {"result": [13.351400490006199], "stats": [{"ci_99": [-Infinity, Infinity], "q_25": 13.351400490006199, "q_75": 13.351400490006199, "min": 13.351400490006199, "max": 13.351400490006199, "mean": 13.351400490006199, "std": 0.0, "repeat": 1, "number": 1}]}, "benchmarks.DTWF.time_many_replicates": {"result": [51.587566461006645], "stats": [{"ci_99": [-Infinity, Infinity], "q_25": 51.587566461006645, "q_75": 51.587566461006645, "min": 51.587566461006645, "max": 51.587566461006645, "mean": 51.587566461006645, "std": 0.0, "repeat": 1, "number": 1}]}, "benchmarks.Hudson.peakmem_human_chr22": 140906496, "benchmarks.Hudson.peakmem_large_sample_size": 835993600, "benchmarks.Hudson.peakmem_long_sequence_length": 167870464, "benchmarks.Hudson.peakmem_long_sequence_length_gene_conversion": 170729472, "benchmarks.Hudson.peakmem_many_replicates": 44146688, "benchmarks.Hudson.time_human_chr22": {"result": [32.77890909599955], "stats": [{"ci_99": [-Infinity, Infinity], "q_25": 32.77890909599955, "q_75": 32.77890909599955, "min": 32.77890909599955, "max": 32.77890909599955, "mean": 32.77890909599955, "std": 0.0, "repeat": 1, "number": 1}]}, "benchmarks.Hudson.time_large_sample_size": {"result": [55.79866138100624], "stats": [{"ci_99": [-Infinity, Infinity], "q_25": 55.79866138100624, "q_75": 55.79866138100624, "min": 55.79866138100624, "max": 55.79866138100624, "mean": 55.79866138100624, "std": 0.0, "repeat": 1, "number": 1}]}, "benchmarks.Hudson.time_long_sequence_length": {"result": [49.19818582100561], "stats": [{"ci_99": [-Infinity, Infinity], "q_25": 49.19818582100561, "q_75": 49.19818582100561, "min": 49.19818582100561, "max": 49.19818582100561, "mean": 49.19818582100561, "std": 0.0, "repeat": 1, "number": 1}]}, "benchmarks.Hudson.time_long_sequence_length_gene_conversion": {"result": [50.66598496699589], "stats": [{"ci_99": [-Infinity, Infinity], "q_25": 50.66598496699589, "q_75": 50.66598496699589, "min": 50.66598496699589, "max": 50.66598496699589, "mean": 50.66598496699589, "std": 0.0, "repeat": 1, "number": 1}]}, "benchmarks.Hudson.time_many_replicates": {"result": [31.05825043801451], "stats": [{"ci_99": [-Infinity, Infinity], "q_25": 31.05825043801451, "q_75": 31.05825043801451, "min": 31.05825043801451, "max": 31.05825043801451, "mean": 31.05825043801451, "std": 0.0, "repeat": 1, "number": 1}]}}, "params": {"arch": "x86_64", "cpu": "Intel(R) Core(TM) i5-3317U CPU @ 1.70GHz", "machine": "poplar", "num_cpu": "4", "os": "Linux 3.13.0-24-generic", "ram": "3931396", "python": "3.8", "stdpopsim": ""}, "requirements": {"stdpopsim": ""}, "commit_hash": "58c2585bd0fbc08e9fe5d527bbc91143aecffccd", "date": 1587140233000, "env_name": "virtualenv-py3.8-stdpopsim", "python": "3.8", "profiles": {}, "started_at": {"benchmarks.DTWF.peakmem_human_chr22": 1602084828889, "benchmarks.DTWF.peakmem_large_population_size": 1602084869473, "benchmarks.DTWF.peakmem_long_sequence_length": 1602084882050, "benchmarks.DTWF.peakmem_many_replicates": 1602084895272, "benchmarks.DTWF.time_human_chr22": 1602084947200, "benchmarks.DTWF.time_large_population_size": 1602084985981, "benchmarks.DTWF.time_long_sequence_length": 1602084998509, "benchmarks.DTWF.time_many_replicates": 1602085011981, "benchmarks.Hudson.peakmem_human_chr22": 1602085063659, "benchmarks.Hudson.peakmem_large_sample_size": 1602085096425, "benchmarks.Hudson.peakmem_long_sequence_length": 1602085152028, "benchmarks.Hudson.peakmem_long_sequence_length_gene_conversion": 1602085201277, "benchmarks.Hudson.peakmem_many_replicates": 1602085252130, "benchmarks.Hudson.time_human_chr22": 1602085283528, "benchmarks.Hudson.time_large_sample_size": 1602085316445, "benchmarks.Hudson.time_long_sequence_length": 1602085372348, "benchmarks.Hudson.time_long_sequence_length_gene_conversion": 1602085421648, "benchmarks.Hudson.time_many_replicates": 1602085472451}, "ended_at": {"benchmarks.DTWF.peakmem_human_chr22": 1602084869473, "benchmarks.DTWF.peakmem_large_population_size": 1602084882050, "benchmarks.DTWF.peakmem_long_sequence_length": 1602084895272, "benchmarks.DTWF.peakmem_many_replicates": 1602084947200, "benchmarks.DTWF.time_human_chr22": 1602084985980, "benchmarks.DTWF.time_large_population_size": 1602084998508, "benchmarks.DTWF.time_long_sequence_length": 1602085011980, "benchmarks.DTWF.time_many_replicates": 1602085063658, "benchmarks.Hudson.peakmem_human_chr22": 1602085096425, "benchmarks.Hudson.peakmem_large_sample_size": 1602085152028, "benchmarks.Hudson.peakmem_long_sequence_length": 1602085201277, "benchmarks.Hudson.peakmem_long_sequence_length_gene_conversion": 1602085252130, "benchmarks.Hudson.peakmem_many_replicates": 1602085283528, "benchmarks.Hudson.time_human_chr22": 1602085316445, "benchmarks.Hudson.time_large_sample_size": 1602085372348, "benchmarks.Hudson.time_long_sequence_length": 1602085421647, "benchmarks.Hudson.time_long_sequence_length_gene_conversion": 1602085472451, "benchmarks.Hudson.time_many_replicates": 1602085503599}, "benchmark_version": {"benchmarks.DTWF.peakmem_human_chr22": "f848688127844489b5870c5598d06fc61bdb8c1a31b2c71741fb842ce4869124", "benchmarks.DTWF.peakmem_large_population_size": "1c54016f27b74e5d827e0cf71dee2587b99237d50e0c3aa5bfb1e9a54bedf712", "benchmarks.DTWF.peakmem_long_sequence_length": "72b4498a433ac926a303683be39aa07c206b25c22caa613088af6cbe51544ce9", "benchmarks.DTWF.peakmem_many_replicates": "8d591fe1a84bfd039f312aef953605c494b28ed3e3b28bd41773b5a6bbab8e13", "benchmarks.DTWF.time_human_chr22": "d016729b716d45e5a6cc8608ae18480b4f3d6192cc29f39ad8e06222786408c6", "benchmarks.DTWF.time_large_population_size": "5393d907eb6d9700c18c23789395c3a6a8aecf236b49983e2d955dccc6f793a3", "benchmarks.DTWF.time_long_sequence_length": "89860f21a2ad81e267314c086383279e852e4560e27f425d127937bd62fb83f9", "benchmarks.DTWF.time_many_replicates": "8f8fa44794e1a510a8052653f41596e3e11adbcdc838d7ca59f99bdb491be41b", "benchmarks.Hudson.peakmem_human_chr22": "20ef616d263e941e12a3089b8e8dbfee94d982362fe475e40174ebc3506b102a", "benchmarks.Hudson.peakmem_large_sample_size": "0b75d04c5ff9994c35ae62a490034e021485c38567b2699884e524931587881a", "benchmarks.Hudson.peakmem_long_sequence_length": "edd9dee8418f69b81347803203f176ff269220225a8939dc1c4bc1ab32289f94", "benchmarks.Hudson.peakmem_long_sequence_length_gene_conversion": "2236f20c5a4cc1e037abd099ce1f70d0dd2045a14914c96dcc48d0507f45e1da", "benchmarks.Hudson.peakmem_many_replicates": "b93569a722fa5396ed6631750fbdd02c7b47148d63973610f802eb69db85679e", "benchmarks.Hudson.time_human_chr22": "e648432b5c065478e09802f16a5658d37b625c204e147517826817bd6b04acb1", "benchmarks.Hudson.time_large_sample_size": "7bc273fa1975809170f8f4dd7776de03dd9993132a83866c1c135afe37e4d541", "benchmarks.Hudson.time_long_sequence_length": "0b6c7c537bd986f4e9c36c5549b8e939955cbd49901f29827e3ce763790fb3b7", "benchmarks.Hudson.time_long_sequence_length_gene_conversion": "19005a2b4b33b284a84cc0ad033e2d2c646f2d264fd59a5a55e3c2246a05851b", "benchmarks.Hudson.time_many_replicates": "c0f9f49074ade65f919a2db206a10f03ba6f5b53fa86dce2a6a32e96dd8a5067"}, "version": 1}