{"results": {"benchmarks.DTWF.peakmem_human_chr22": 111775744, "benchmarks.DTWF.peakmem_large_population_size": 55115776, "benchmarks.DTWF.peakmem_long_sequence_length": 47243264, "benchmarks.DTWF.peakmem_many_replicates": 47300608, "benchmarks.DTWF.time_human_chr22": {"result": [30.166754334999496], "stats": [{"ci_99": [-Infinity, Infinity], "q_25": 30.166754334999496, "q_75": 30.166754334999496, "min": 30.166754334999496, "max": 30.166754334999496, "mean": 30.166754334999496, "std": 0.0, "repeat": 1, "number": 1}]}, "benchmarks.DTWF.time_large_population_size": {"result": [10.869106977999763], "stats": [{"ci_99": [-Infinity, Infinity], "q_25": 10.869106977999763, "q_75": 10.869106977999763, "min": 10.869106977999763, "max": 10.869106977999763, "mean": 10.869106977999763, "std": 0.0, "repeat": 1, "number": 1}]}, "benchmarks.DTWF.time_long_sequence_length": {"result": [0.11199469599978329], "stats": [{"ci_99": [-Infinity, Infinity], "q_25": 0.11199469599978329, "q_75": 0.11199469599978329, "min": 0.11199469599978329, "max": 0.11199469599978329, "mean": 0.11199469599978329, "std": 0.0, "repeat": 1, "number": 1}]}, "benchmarks.DTWF.time_many_replicates": {"result": [47.02641250800025], "stats": [{"ci_99": [-Infinity, Infinity], "q_25": 47.02641250800025, "q_75": 47.02641250800025, "min": 47.02641250800025, "max": 47.02641250800025, "mean": 47.02641250800025, "std": 0.0, "repeat": 1, "number": 1}]}, "benchmarks.Hudson.peakmem_human_chr22": 148713472, "benchmarks.Hudson.peakmem_large_sample_size": 851046400, "benchmarks.Hudson.peakmem_long_sequence_length": 172978176, "benchmarks.Hudson.peakmem_many_replicates": 46514176, "benchmarks.Hudson.time_human_chr22": {"result": [54.69627012000001], "stats": [{"ci_99": [-Infinity, Infinity], "q_25": 54.69627012000001, "q_75": 54.69627012000001, "min": 54.69627012000001, "max": 54.69627012000001, "mean": 54.69627012000001, "std": 0.0, "repeat": 1, "number": 1}]}, "benchmarks.Hudson.time_large_sample_size": {"result": [71.04664438399959], "stats": [{"ci_99": [-Infinity, Infinity], "q_25": 71.04664438399959, "q_75": 71.04664438399959, "min": 71.04664438399959, "max": 71.04664438399959, "mean": 71.04664438399959, "std": 0.0, "repeat": 1, "number": 1}]}, "benchmarks.Hudson.time_long_sequence_length": {"result": [50.09571935599979], "stats": [{"ci_99": [-Infinity, Infinity], "q_25": 50.09571935599979, "q_75": 50.09571935599979, "min": 50.09571935599979, "max": 50.09571935599979, "mean": 50.09571935599979, "std": 0.0, "repeat": 1, "number": 1}]}, "benchmarks.Hudson.time_many_replicates": {"result": [28.254521742999714], "stats": [{"ci_99": [-Infinity, Infinity], "q_25": 28.254521742999714, "q_75": 28.254521742999714, "min": 28.254521742999714, "max": 28.254521742999714, "mean": 28.254521742999714, "std": 0.0, "repeat": 1, "number": 1}]}, "benchmarks.Hudson.peakmem_long_sequence_length_gene_conversion": 172179456, "benchmarks.Hudson.time_long_sequence_length_gene_conversion": {"result": [52.152169690001756], "stats": [{"ci_99": [-Infinity, Infinity], "q_25": 52.152169690001756, "q_75": 52.152169690001756, "min": 52.152169690001756, "max": 52.152169690001756, "mean": 52.152169690001756, "std": 0.0, "repeat": 1, "number": 1}]}}, "params": {"arch": "x86_64", "cpu": "Intel(R) Core(TM) i5-3317U CPU @ 1.70GHz", "machine": "poplar", "num_cpu": "4", "os": "Linux 3.13.0-24-generic", "ram": "3931396", "python": "3.8", "stdpopsim": ""}, "requirements": {"stdpopsim": ""}, "commit_hash": "591c6004298ff60daa2a098bbf92e073bc640164", "date": 1601307114000, "env_name": "virtualenv-py3.8-stdpopsim", "python": "3.8", "profiles": {}, "started_at": {"benchmarks.DTWF.peakmem_human_chr22": 1601464031129, "benchmarks.DTWF.peakmem_large_population_size": 1601464063397, "benchmarks.DTWF.peakmem_long_sequence_length": 1601464074823, "benchmarks.DTWF.peakmem_many_replicates": 1601464075526, "benchmarks.DTWF.time_human_chr22": 1601464122849, "benchmarks.DTWF.time_large_population_size": 1601464153614, "benchmarks.DTWF.time_long_sequence_length": 1601464165040, "benchmarks.DTWF.time_many_replicates": 1601464165744, "benchmarks.Hudson.peakmem_human_chr22": 1601464213367, "benchmarks.Hudson.peakmem_large_sample_size": 1601464269579, "benchmarks.Hudson.peakmem_long_sequence_length": 1601464341310, "benchmarks.Hudson.peakmem_many_replicates": 1601464391811, "benchmarks.Hudson.time_human_chr22": 1601464420506, "benchmarks.Hudson.time_large_sample_size": 1601464475768, "benchmarks.Hudson.time_long_sequence_length": 1601464547399, "benchmarks.Hudson.time_many_replicates": 1601464598101, "benchmarks.Hudson.peakmem_long_sequence_length_gene_conversion": 1601473687153, "benchmarks.Hudson.time_long_sequence_length_gene_conversion": 1601473738407}, "ended_at": {"benchmarks.DTWF.peakmem_human_chr22": 1601464063396, "benchmarks.DTWF.peakmem_large_population_size": 1601464074822, "benchmarks.DTWF.peakmem_long_sequence_length": 1601464075526, "benchmarks.DTWF.peakmem_many_replicates": 1601464122848, "benchmarks.DTWF.time_human_chr22": 1601464153613, "benchmarks.DTWF.time_large_population_size": 1601464165039, "benchmarks.DTWF.time_long_sequence_length": 1601464165743, "benchmarks.DTWF.time_many_replicates": 1601464213366, "benchmarks.Hudson.peakmem_human_chr22": 1601464269579, "benchmarks.Hudson.peakmem_large_sample_size": 1601464341309, "benchmarks.Hudson.peakmem_long_sequence_length": 1601464391811, "benchmarks.Hudson.peakmem_many_replicates": 1601464420506, "benchmarks.Hudson.time_human_chr22": 1601464475768, "benchmarks.Hudson.time_large_sample_size": 1601464547399, "benchmarks.Hudson.time_long_sequence_length": 1601464598101, "benchmarks.Hudson.time_many_replicates": 1601464626946, "benchmarks.Hudson.peakmem_long_sequence_length_gene_conversion": 1601473738406, "benchmarks.Hudson.time_long_sequence_length_gene_conversion": 1601473791162}, "benchmark_version": {"benchmarks.DTWF.peakmem_human_chr22": "f848688127844489b5870c5598d06fc61bdb8c1a31b2c71741fb842ce4869124", "benchmarks.DTWF.peakmem_large_population_size": "1c54016f27b74e5d827e0cf71dee2587b99237d50e0c3aa5bfb1e9a54bedf712", "benchmarks.DTWF.peakmem_long_sequence_length": "72b4498a433ac926a303683be39aa07c206b25c22caa613088af6cbe51544ce9", "benchmarks.DTWF.peakmem_many_replicates": "8d591fe1a84bfd039f312aef953605c494b28ed3e3b28bd41773b5a6bbab8e13", "benchmarks.DTWF.time_human_chr22": "d016729b716d45e5a6cc8608ae18480b4f3d6192cc29f39ad8e06222786408c6", "benchmarks.DTWF.time_large_population_size": "5393d907eb6d9700c18c23789395c3a6a8aecf236b49983e2d955dccc6f793a3", "benchmarks.DTWF.time_long_sequence_length": "89860f21a2ad81e267314c086383279e852e4560e27f425d127937bd62fb83f9", "benchmarks.DTWF.time_many_replicates": "8f8fa44794e1a510a8052653f41596e3e11adbcdc838d7ca59f99bdb491be41b", "benchmarks.Hudson.peakmem_human_chr22": "20ef616d263e941e12a3089b8e8dbfee94d982362fe475e40174ebc3506b102a", "benchmarks.Hudson.peakmem_large_sample_size": "0b75d04c5ff9994c35ae62a490034e021485c38567b2699884e524931587881a", "benchmarks.Hudson.peakmem_long_sequence_length": "edd9dee8418f69b81347803203f176ff269220225a8939dc1c4bc1ab32289f94", "benchmarks.Hudson.peakmem_many_replicates": "b93569a722fa5396ed6631750fbdd02c7b47148d63973610f802eb69db85679e", "benchmarks.Hudson.time_human_chr22": "e648432b5c065478e09802f16a5658d37b625c204e147517826817bd6b04acb1", "benchmarks.Hudson.time_large_sample_size": "7bc273fa1975809170f8f4dd7776de03dd9993132a83866c1c135afe37e4d541", "benchmarks.Hudson.time_long_sequence_length": "0b6c7c537bd986f4e9c36c5549b8e939955cbd49901f29827e3ce763790fb3b7", "benchmarks.Hudson.time_many_replicates": "c0f9f49074ade65f919a2db206a10f03ba6f5b53fa86dce2a6a32e96dd8a5067", "benchmarks.Hudson.peakmem_long_sequence_length_gene_conversion": "2236f20c5a4cc1e037abd099ce1f70d0dd2045a14914c96dcc48d0507f45e1da", "benchmarks.Hudson.time_long_sequence_length_gene_conversion": "19005a2b4b33b284a84cc0ad033e2d2c646f2d264fd59a5a55e3c2246a05851b"}, "version": 1}