{"results": {"benchmarks.DTWF.peakmem_human_chr22": 110067712, "benchmarks.DTWF.peakmem_large_population_size": 53227520, "benchmarks.DTWF.peakmem_long_sequence_length": 56987648, "benchmarks.DTWF.peakmem_many_replicates": 46313472, "benchmarks.DTWF.time_human_chr22": {"result": [28.487590359000023], "stats": [{"ci_99": [-Infinity, Infinity], "q_25": 28.487590359000023, "q_75": 28.487590359000023, "min": 28.487590359000023, "max": 28.487590359000023, "mean": 28.487590359000023, "std": 0.0, "repeat": 1, "number": 1}]}, "benchmarks.DTWF.time_large_population_size": {"result": [11.241756903997157], "stats": [{"ci_99": [-Infinity, Infinity], "q_25": 11.241756903997157, "q_75": 11.241756903997157, "min": 11.241756903997157, "max": 11.241756903997157, "mean": 11.241756903997157, "std": 0.0, "repeat": 1, "number": 1}]}, "benchmarks.DTWF.time_long_sequence_length": {"result": [11.937132815015502], "stats": [{"ci_99": [-Infinity, Infinity], "q_25": 11.937132815015502, "q_75": 11.937132815015502, "min": 11.937132815015502, "max": 11.937132815015502, "mean": 11.937132815015502, "std": 0.0, "repeat": 1, "number": 1}]}, "benchmarks.DTWF.time_many_replicates": {"result": [52.898753705987474], "stats": [{"ci_99": [-Infinity, Infinity], "q_25": 52.898753705987474, "q_75": 52.898753705987474, "min": 52.898753705987474, "max": 52.898753705987474, "mean": 52.898753705987474, "std": 0.0, "repeat": 1, "number": 1}]}, "benchmarks.Hudson.peakmem_human_chr22": 146264064, "benchmarks.Hudson.peakmem_large_sample_size": 826507264, "benchmarks.Hudson.peakmem_long_sequence_length": 170655744, "benchmarks.Hudson.peakmem_long_sequence_length_gene_conversion": 174010368, "benchmarks.Hudson.peakmem_many_replicates": 46505984, "benchmarks.Hudson.time_human_chr22": {"result": [54.282692117994884], "stats": [{"ci_99": [-Infinity, Infinity], "q_25": 54.282692117994884, "q_75": 54.282692117994884, "min": 54.282692117994884, "max": 54.282692117994884, "mean": 54.282692117994884, "std": 0.0, "repeat": 1, "number": 1}]}, "benchmarks.Hudson.time_large_sample_size": {"result": [54.62889399199048], "stats": [{"ci_99": [-Infinity, Infinity], "q_25": 54.62889399199048, "q_75": 54.62889399199048, "min": 54.62889399199048, "max": 54.62889399199048, "mean": 54.62889399199048, "std": 0.0, "repeat": 1, "number": 1}]}, "benchmarks.Hudson.time_long_sequence_length": {"result": [48.71783135901205], "stats": [{"ci_99": [-Infinity, Infinity], "q_25": 48.71783135901205, "q_75": 48.71783135901205, "min": 48.71783135901205, "max": 48.71783135901205, "mean": 48.71783135901205, "std": 0.0, "repeat": 1, "number": 1}]}, "benchmarks.Hudson.time_long_sequence_length_gene_conversion": {"result": [50.567769966000924], "stats": [{"ci_99": [-Infinity, Infinity], "q_25": 50.567769966000924, "q_75": 50.567769966000924, "min": 50.567769966000924, "max": 50.567769966000924, "mean": 50.567769966000924, "std": 0.0, "repeat": 1, "number": 1}]}, "benchmarks.Hudson.time_many_replicates": {"result": [33.62223536599777], "stats": [{"ci_99": [-Infinity, Infinity], "q_25": 33.62223536599777, "q_75": 33.62223536599777, "min": 33.62223536599777, "max": 33.62223536599777, "mean": 33.62223536599777, "std": 0.0, "repeat": 1, "number": 1}]}}, "params": {"arch": "x86_64", "cpu": "Intel(R) Core(TM) i5-3317U CPU @ 1.70GHz", "machine": "poplar", "num_cpu": "4", "os": "Linux 3.13.0-24-generic", "ram": "3931396", "python": "3.8", "stdpopsim": ""}, "requirements": {"stdpopsim": ""}, "commit_hash": "598291dee4db9caf6f1289de43ae5506b7e7f250", "date": 1599581870000, "env_name": "virtualenv-py3.8-stdpopsim", "python": "3.8", "profiles": {}, "started_at": {"benchmarks.DTWF.peakmem_human_chr22": 1602003510008, "benchmarks.DTWF.peakmem_large_population_size": 1602003540672, "benchmarks.DTWF.peakmem_long_sequence_length": 1602003552047, "benchmarks.DTWF.peakmem_many_replicates": 1602003564267, "benchmarks.DTWF.time_human_chr22": 1602003617196, "benchmarks.DTWF.time_large_population_size": 1602003645806, "benchmarks.DTWF.time_long_sequence_length": 1602003657182, "benchmarks.DTWF.time_many_replicates": 1602003669252, "benchmarks.Hudson.peakmem_human_chr22": 1602003722281, "benchmarks.Hudson.peakmem_large_sample_size": 1602003775837, "benchmarks.Hudson.peakmem_long_sequence_length": 1602003829138, "benchmarks.Hudson.peakmem_long_sequence_length_gene_conversion": 1602003878034, "benchmarks.Hudson.peakmem_many_replicates": 1602003928836, "benchmarks.Hudson.time_human_chr22": 1602003962587, "benchmarks.Hudson.time_large_sample_size": 1602004016996, "benchmarks.Hudson.time_long_sequence_length": 1602004071741, "benchmarks.Hudson.time_long_sequence_length_gene_conversion": 1602004120581, "benchmarks.Hudson.time_many_replicates": 1602004171282}, "ended_at": {"benchmarks.DTWF.peakmem_human_chr22": 1602003540671, "benchmarks.DTWF.peakmem_large_population_size": 1602003552047, "benchmarks.DTWF.peakmem_long_sequence_length": 1602003564267, "benchmarks.DTWF.peakmem_many_replicates": 1602003617196, "benchmarks.DTWF.time_human_chr22": 1602003645806, "benchmarks.DTWF.time_large_population_size": 1602003657182, "benchmarks.DTWF.time_long_sequence_length": 1602003669252, "benchmarks.DTWF.time_many_replicates": 1602003722281, "benchmarks.Hudson.peakmem_human_chr22": 1602003775837, "benchmarks.Hudson.peakmem_large_sample_size": 1602003829137, "benchmarks.Hudson.peakmem_long_sequence_length": 1602003878034, "benchmarks.Hudson.peakmem_long_sequence_length_gene_conversion": 1602003928836, "benchmarks.Hudson.peakmem_many_replicates": 1602003962587, "benchmarks.Hudson.time_human_chr22": 1602004016995, "benchmarks.Hudson.time_large_sample_size": 1602004071741, "benchmarks.Hudson.time_long_sequence_length": 1602004120581, "benchmarks.Hudson.time_long_sequence_length_gene_conversion": 1602004171282, "benchmarks.Hudson.time_many_replicates": 1602004205033}, "benchmark_version": {"benchmarks.DTWF.peakmem_human_chr22": "f848688127844489b5870c5598d06fc61bdb8c1a31b2c71741fb842ce4869124", "benchmarks.DTWF.peakmem_large_population_size": "1c54016f27b74e5d827e0cf71dee2587b99237d50e0c3aa5bfb1e9a54bedf712", "benchmarks.DTWF.peakmem_long_sequence_length": "72b4498a433ac926a303683be39aa07c206b25c22caa613088af6cbe51544ce9", "benchmarks.DTWF.peakmem_many_replicates": "8d591fe1a84bfd039f312aef953605c494b28ed3e3b28bd41773b5a6bbab8e13", "benchmarks.DTWF.time_human_chr22": "d016729b716d45e5a6cc8608ae18480b4f3d6192cc29f39ad8e06222786408c6", "benchmarks.DTWF.time_large_population_size": "5393d907eb6d9700c18c23789395c3a6a8aecf236b49983e2d955dccc6f793a3", "benchmarks.DTWF.time_long_sequence_length": "89860f21a2ad81e267314c086383279e852e4560e27f425d127937bd62fb83f9", "benchmarks.DTWF.time_many_replicates": "8f8fa44794e1a510a8052653f41596e3e11adbcdc838d7ca59f99bdb491be41b", "benchmarks.Hudson.peakmem_human_chr22": "20ef616d263e941e12a3089b8e8dbfee94d982362fe475e40174ebc3506b102a", "benchmarks.Hudson.peakmem_large_sample_size": "0b75d04c5ff9994c35ae62a490034e021485c38567b2699884e524931587881a", "benchmarks.Hudson.peakmem_long_sequence_length": "edd9dee8418f69b81347803203f176ff269220225a8939dc1c4bc1ab32289f94", "benchmarks.Hudson.peakmem_long_sequence_length_gene_conversion": "2236f20c5a4cc1e037abd099ce1f70d0dd2045a14914c96dcc48d0507f45e1da", "benchmarks.Hudson.peakmem_many_replicates": "b93569a722fa5396ed6631750fbdd02c7b47148d63973610f802eb69db85679e", "benchmarks.Hudson.time_human_chr22": "e648432b5c065478e09802f16a5658d37b625c204e147517826817bd6b04acb1", "benchmarks.Hudson.time_large_sample_size": "7bc273fa1975809170f8f4dd7776de03dd9993132a83866c1c135afe37e4d541", "benchmarks.Hudson.time_long_sequence_length": "0b6c7c537bd986f4e9c36c5549b8e939955cbd49901f29827e3ce763790fb3b7", "benchmarks.Hudson.time_long_sequence_length_gene_conversion": "19005a2b4b33b284a84cc0ad033e2d2c646f2d264fd59a5a55e3c2246a05851b", "benchmarks.Hudson.time_many_replicates": "c0f9f49074ade65f919a2db206a10f03ba6f5b53fa86dce2a6a32e96dd8a5067"}, "version": 1}