{"results": {"benchmarks.DTWF.peakmem_human_chr22": 103137280, "benchmarks.DTWF.peakmem_large_population_size": null, "benchmarks.DTWF.peakmem_long_sequence_length": 55844864, "benchmarks.DTWF.peakmem_many_replicates": null, "benchmarks.DTWF.time_human_chr22": {"result": [90.04860317701241], "stats": [{"ci_99": [-Infinity, Infinity], "q_25": 90.04860317701241, "q_75": 90.04860317701241, "min": 90.04860317701241, "max": 90.04860317701241, "mean": 90.04860317701241, "std": 0.0, "repeat": 1, "number": 1}]}, "benchmarks.DTWF.time_large_population_size": null, "benchmarks.DTWF.time_long_sequence_length": {"result": [97.33502629201394], "stats": [{"ci_99": [-Infinity, Infinity], "q_25": 97.33502629201394, "q_75": 97.33502629201394, "min": 97.33502629201394, "max": 97.33502629201394, "mean": 97.33502629201394, "std": 0.0, "repeat": 1, "number": 1}]}, "benchmarks.DTWF.time_many_replicates": null, "benchmarks.Hudson.peakmem_human_chr22": 134860800, "benchmarks.Hudson.peakmem_large_sample_size": 835870720, "benchmarks.Hudson.peakmem_long_sequence_length": 166752256, "benchmarks.Hudson.peakmem_long_sequence_length_gene_conversion": 166752256, "benchmarks.Hudson.peakmem_many_replicates": 43610112, "benchmarks.Hudson.time_human_chr22": {"result": [31.894698283984326], "stats": [{"ci_99": [-Infinity, Infinity], "q_25": 31.894698283984326, "q_75": 31.894698283984326, "min": 31.894698283984326, "max": 31.894698283984326, "mean": 31.894698283984326, "std": 0.0, "repeat": 1, "number": 1}]}, "benchmarks.Hudson.time_large_sample_size": {"result": [54.48270427400712], "stats": [{"ci_99": [-Infinity, Infinity], "q_25": 54.48270427400712, "q_75": 54.48270427400712, "min": 54.48270427400712, "max": 54.48270427400712, "mean": 54.48270427400712, "std": 0.0, "repeat": 1, "number": 1}]}, "benchmarks.Hudson.time_long_sequence_length": {"result": [48.6673533609719], "stats": [{"ci_99": [-Infinity, Infinity], "q_25": 48.6673533609719, "q_75": 48.6673533609719, "min": 48.6673533609719, "max": 48.6673533609719, "mean": 48.6673533609719, "std": 0.0, "repeat": 1, "number": 1}]}, "benchmarks.Hudson.time_long_sequence_length_gene_conversion": {"result": [50.33047695399728], "stats": [{"ci_99": [-Infinity, Infinity], "q_25": 50.33047695399728, "q_75": 50.33047695399728, "min": 50.33047695399728, "max": 50.33047695399728, "mean": 50.33047695399728, "std": 0.0, "repeat": 1, "number": 1}]}, "benchmarks.Hudson.time_many_replicates": {"result": [30.38451065303525], "stats": [{"ci_99": [-Infinity, Infinity], "q_25": 30.38451065303525, "q_75": 30.38451065303525, "min": 30.38451065303525, "max": 30.38451065303525, "mean": 30.38451065303525, "std": 0.0, "repeat": 1, "number": 1}]}}, "params": {"arch": "x86_64", "cpu": "Intel(R) Core(TM) i5-3317U CPU @ 1.70GHz", "machine": "poplar", "num_cpu": "4", "os": "Linux 3.13.0-24-generic", "ram": "3931396", "python": "3.8", "stdpopsim": ""}, "requirements": {"stdpopsim": ""}, "commit_hash": "5cd9e27538f196b23eaf9f90925f5c79d6d9335f", "date": 1581939932000, "env_name": "virtualenv-py3.8-stdpopsim", "python": "3.8", "profiles": {}, "started_at": {"benchmarks.DTWF.peakmem_human_chr22": 1602128641616, "benchmarks.DTWF.peakmem_large_population_size": 1602128735308, "benchmarks.DTWF.peakmem_long_sequence_length": 1602128855370, "benchmarks.DTWF.peakmem_many_replicates": 1602128952613, "benchmarks.DTWF.time_human_chr22": 1602129072689, "benchmarks.DTWF.time_large_population_size": 1602129162824, "benchmarks.DTWF.time_long_sequence_length": 1602129282886, "benchmarks.DTWF.time_many_replicates": 1602129380329, "benchmarks.Hudson.peakmem_human_chr22": 1602129500406, "benchmarks.Hudson.peakmem_large_sample_size": 1602129532673, "benchmarks.Hudson.peakmem_long_sequence_length": 1602129587127, "benchmarks.Hudson.peakmem_long_sequence_length_gene_conversion": 1602129638631, "benchmarks.Hudson.peakmem_many_replicates": 1602129688783, "benchmarks.Hudson.time_human_chr22": 1602129719130, "benchmarks.Hudson.time_large_sample_size": 1602129751146, "benchmarks.Hudson.time_long_sequence_length": 1602129805751, "benchmarks.Hudson.time_long_sequence_length_gene_conversion": 1602129854550, "benchmarks.Hudson.time_many_replicates": 1602129905001}, "ended_at": {"benchmarks.DTWF.peakmem_human_chr22": 1602128735308, "benchmarks.DTWF.peakmem_large_population_size": 1602128855370, "benchmarks.DTWF.peakmem_long_sequence_length": 1602128952613, "benchmarks.DTWF.peakmem_many_replicates": 1602129072689, "benchmarks.DTWF.time_human_chr22": 1602129162823, "benchmarks.DTWF.time_large_population_size": 1602129282886, "benchmarks.DTWF.time_long_sequence_length": 1602129380329, "benchmarks.DTWF.time_many_replicates": 1602129500406, "benchmarks.Hudson.peakmem_human_chr22": 1602129532672, "benchmarks.Hudson.peakmem_large_sample_size": 1602129587127, "benchmarks.Hudson.peakmem_long_sequence_length": 1602129638631, "benchmarks.Hudson.peakmem_long_sequence_length_gene_conversion": 1602129688783, "benchmarks.Hudson.peakmem_many_replicates": 1602129719130, "benchmarks.Hudson.time_human_chr22": 1602129751146, "benchmarks.Hudson.time_large_sample_size": 1602129805751, "benchmarks.Hudson.time_long_sequence_length": 1602129854549, "benchmarks.Hudson.time_long_sequence_length_gene_conversion": 1602129905001, "benchmarks.Hudson.time_many_replicates": 1602129935498}, "benchmark_version": {"benchmarks.DTWF.peakmem_human_chr22": "f848688127844489b5870c5598d06fc61bdb8c1a31b2c71741fb842ce4869124", "benchmarks.DTWF.peakmem_large_population_size": "1c54016f27b74e5d827e0cf71dee2587b99237d50e0c3aa5bfb1e9a54bedf712", "benchmarks.DTWF.peakmem_long_sequence_length": "72b4498a433ac926a303683be39aa07c206b25c22caa613088af6cbe51544ce9", "benchmarks.DTWF.peakmem_many_replicates": "8d591fe1a84bfd039f312aef953605c494b28ed3e3b28bd41773b5a6bbab8e13", "benchmarks.DTWF.time_human_chr22": "d016729b716d45e5a6cc8608ae18480b4f3d6192cc29f39ad8e06222786408c6", "benchmarks.DTWF.time_large_population_size": "5393d907eb6d9700c18c23789395c3a6a8aecf236b49983e2d955dccc6f793a3", "benchmarks.DTWF.time_long_sequence_length": "89860f21a2ad81e267314c086383279e852e4560e27f425d127937bd62fb83f9", "benchmarks.DTWF.time_many_replicates": "8f8fa44794e1a510a8052653f41596e3e11adbcdc838d7ca59f99bdb491be41b", "benchmarks.Hudson.peakmem_human_chr22": "20ef616d263e941e12a3089b8e8dbfee94d982362fe475e40174ebc3506b102a", "benchmarks.Hudson.peakmem_large_sample_size": "0b75d04c5ff9994c35ae62a490034e021485c38567b2699884e524931587881a", "benchmarks.Hudson.peakmem_long_sequence_length": "edd9dee8418f69b81347803203f176ff269220225a8939dc1c4bc1ab32289f94", "benchmarks.Hudson.peakmem_long_sequence_length_gene_conversion": "2236f20c5a4cc1e037abd099ce1f70d0dd2045a14914c96dcc48d0507f45e1da", "benchmarks.Hudson.peakmem_many_replicates": "b93569a722fa5396ed6631750fbdd02c7b47148d63973610f802eb69db85679e", "benchmarks.Hudson.time_human_chr22": "e648432b5c065478e09802f16a5658d37b625c204e147517826817bd6b04acb1", "benchmarks.Hudson.time_large_sample_size": "7bc273fa1975809170f8f4dd7776de03dd9993132a83866c1c135afe37e4d541", "benchmarks.Hudson.time_long_sequence_length": "0b6c7c537bd986f4e9c36c5549b8e939955cbd49901f29827e3ce763790fb3b7", "benchmarks.Hudson.time_long_sequence_length_gene_conversion": "19005a2b4b33b284a84cc0ad033e2d2c646f2d264fd59a5a55e3c2246a05851b", "benchmarks.Hudson.time_many_replicates": "c0f9f49074ade65f919a2db206a10f03ba6f5b53fa86dce2a6a32e96dd8a5067"}, "version": 1}