{"results": {"benchmarks.DTWF.peakmem_human_chr22": 109694976, "benchmarks.DTWF.peakmem_large_population_size": 52097024, "benchmarks.DTWF.peakmem_long_sequence_length": 54325248, "benchmarks.DTWF.peakmem_many_replicates": 47448064, "benchmarks.DTWF.time_human_chr22": {"result": [37.2965255290037], "stats": [{"ci_99": [-Infinity, Infinity], "q_25": 37.2965255290037, "q_75": 37.2965255290037, "min": 37.2965255290037, "max": 37.2965255290037, "mean": 37.2965255290037, "std": 0.0, "repeat": 1, "number": 1}]}, "benchmarks.DTWF.time_large_population_size": {"result": [12.406646379997255], "stats": [{"ci_99": [-Infinity, Infinity], "q_25": 12.406646379997255, "q_75": 12.406646379997255, "min": 12.406646379997255, "max": 12.406646379997255, "mean": 12.406646379997255, "std": 0.0, "repeat": 1, "number": 1}]}, "benchmarks.DTWF.time_long_sequence_length": {"result": [13.01868095502141], "stats": [{"ci_99": [-Infinity, Infinity], "q_25": 13.01868095502141, "q_75": 13.01868095502141, "min": 13.01868095502141, "max": 13.01868095502141, "mean": 13.01868095502141, "std": 0.0, "repeat": 1, "number": 1}]}, "benchmarks.DTWF.time_many_replicates": {"result": [52.11976722901454], "stats": [{"ci_99": [-Infinity, Infinity], "q_25": 52.11976722901454, "q_75": 52.11976722901454, "min": 52.11976722901454, "max": 52.11976722901454, "mean": 52.11976722901454, "std": 0.0, "repeat": 1, "number": 1}]}, "benchmarks.Hudson.peakmem_human_chr22": 142127104, "benchmarks.Hudson.peakmem_large_sample_size": 836284416, "benchmarks.Hudson.peakmem_long_sequence_length": 166383616, "benchmarks.Hudson.peakmem_long_sequence_length_gene_conversion": 166383616, "benchmarks.Hudson.peakmem_many_replicates": 43974656, "benchmarks.Hudson.time_human_chr22": {"result": [30.832368887000484], "stats": [{"ci_99": [-Infinity, Infinity], "q_25": 30.832368887000484, "q_75": 30.832368887000484, "min": 30.832368887000484, "max": 30.832368887000484, "mean": 30.832368887000484, "std": 0.0, "repeat": 1, "number": 1}]}, "benchmarks.Hudson.time_large_sample_size": {"result": [63.66974793301779], "stats": [{"ci_99": [-Infinity, Infinity], "q_25": 63.66974793301779, "q_75": 63.66974793301779, "min": 63.66974793301779, "max": 63.66974793301779, "mean": 63.66974793301779, "std": 0.0, "repeat": 1, "number": 1}]}, "benchmarks.Hudson.time_long_sequence_length": {"result": [49.23936421898543], "stats": [{"ci_99": [-Infinity, Infinity], "q_25": 49.23936421898543, "q_75": 49.23936421898543, "min": 49.23936421898543, "max": 49.23936421898543, "mean": 49.23936421898543, "std": 0.0, "repeat": 1, "number": 1}]}, "benchmarks.Hudson.time_long_sequence_length_gene_conversion": {"result": [49.99552407200099], "stats": [{"ci_99": [-Infinity, Infinity], "q_25": 49.99552407200099, "q_75": 49.99552407200099, "min": 49.99552407200099, "max": 49.99552407200099, "mean": 49.99552407200099, "std": 0.0, "repeat": 1, "number": 1}]}, "benchmarks.Hudson.time_many_replicates": {"result": [31.56537252801354], "stats": [{"ci_99": [-Infinity, Infinity], "q_25": 31.56537252801354, "q_75": 31.56537252801354, "min": 31.56537252801354, "max": 31.56537252801354, "mean": 31.56537252801354, "std": 0.0, "repeat": 1, "number": 1}]}}, "params": {"arch": "x86_64", "cpu": "Intel(R) Core(TM) i5-3317U CPU @ 1.70GHz", "machine": "poplar", "num_cpu": "4", "os": "Linux 3.13.0-24-generic", "ram": "3931396", "python": "3.8", "stdpopsim": ""}, "requirements": {"stdpopsim": ""}, "commit_hash": "5d49ce73b5b86a493f529a7215cca9f23a6a8658", "date": 1588762778000, "env_name": "virtualenv-py3.8-stdpopsim", "python": "3.8", "profiles": {}, "started_at": {"benchmarks.DTWF.peakmem_human_chr22": 1602066828120, "benchmarks.DTWF.peakmem_large_population_size": 1602066866149, "benchmarks.DTWF.peakmem_long_sequence_length": 1602066878677, "benchmarks.DTWF.peakmem_many_replicates": 1602066892099, "benchmarks.DTWF.time_human_chr22": 1602066944327, "benchmarks.DTWF.time_large_population_size": 1602066981755, "benchmarks.DTWF.time_long_sequence_length": 1602066994283, "benchmarks.DTWF.time_many_replicates": 1602067007404, "benchmarks.Hudson.peakmem_human_chr22": 1602067059633, "benchmarks.Hudson.peakmem_large_sample_size": 1602067090747, "benchmarks.Hudson.peakmem_long_sequence_length": 1602067147046, "benchmarks.Hudson.peakmem_long_sequence_length_gene_conversion": 1602067196187, "benchmarks.Hudson.peakmem_many_replicates": 1602067246031, "benchmarks.Hudson.time_human_chr22": 1602067277679, "benchmarks.Hudson.time_large_sample_size": 1602067308642, "benchmarks.Hudson.time_long_sequence_length": 1602067372409, "benchmarks.Hudson.time_long_sequence_length_gene_conversion": 1602067421759, "benchmarks.Hudson.time_many_replicates": 1602067471859}, "ended_at": {"benchmarks.DTWF.peakmem_human_chr22": 1602066866149, "benchmarks.DTWF.peakmem_large_population_size": 1602066878677, "benchmarks.DTWF.peakmem_long_sequence_length": 1602066892099, "benchmarks.DTWF.peakmem_many_replicates": 1602066944327, "benchmarks.DTWF.time_human_chr22": 1602066981755, "benchmarks.DTWF.time_large_population_size": 1602066994283, "benchmarks.DTWF.time_long_sequence_length": 1602067007404, "benchmarks.DTWF.time_many_replicates": 1602067059633, "benchmarks.Hudson.peakmem_human_chr22": 1602067090746, "benchmarks.Hudson.peakmem_large_sample_size": 1602067147045, "benchmarks.Hudson.peakmem_long_sequence_length": 1602067196187, "benchmarks.Hudson.peakmem_long_sequence_length_gene_conversion": 1602067246031, "benchmarks.Hudson.peakmem_many_replicates": 1602067277679, "benchmarks.Hudson.time_human_chr22": 1602067308642, "benchmarks.Hudson.time_large_sample_size": 1602067372409, "benchmarks.Hudson.time_long_sequence_length": 1602067421758, "benchmarks.Hudson.time_long_sequence_length_gene_conversion": 1602067471859, "benchmarks.Hudson.time_many_replicates": 1602067503557}, "benchmark_version": {"benchmarks.DTWF.peakmem_human_chr22": "f848688127844489b5870c5598d06fc61bdb8c1a31b2c71741fb842ce4869124", "benchmarks.DTWF.peakmem_large_population_size": "1c54016f27b74e5d827e0cf71dee2587b99237d50e0c3aa5bfb1e9a54bedf712", "benchmarks.DTWF.peakmem_long_sequence_length": "72b4498a433ac926a303683be39aa07c206b25c22caa613088af6cbe51544ce9", "benchmarks.DTWF.peakmem_many_replicates": "8d591fe1a84bfd039f312aef953605c494b28ed3e3b28bd41773b5a6bbab8e13", "benchmarks.DTWF.time_human_chr22": "d016729b716d45e5a6cc8608ae18480b4f3d6192cc29f39ad8e06222786408c6", "benchmarks.DTWF.time_large_population_size": "5393d907eb6d9700c18c23789395c3a6a8aecf236b49983e2d955dccc6f793a3", "benchmarks.DTWF.time_long_sequence_length": "89860f21a2ad81e267314c086383279e852e4560e27f425d127937bd62fb83f9", "benchmarks.DTWF.time_many_replicates": "8f8fa44794e1a510a8052653f41596e3e11adbcdc838d7ca59f99bdb491be41b", "benchmarks.Hudson.peakmem_human_chr22": "20ef616d263e941e12a3089b8e8dbfee94d982362fe475e40174ebc3506b102a", "benchmarks.Hudson.peakmem_large_sample_size": "0b75d04c5ff9994c35ae62a490034e021485c38567b2699884e524931587881a", "benchmarks.Hudson.peakmem_long_sequence_length": "edd9dee8418f69b81347803203f176ff269220225a8939dc1c4bc1ab32289f94", "benchmarks.Hudson.peakmem_long_sequence_length_gene_conversion": "2236f20c5a4cc1e037abd099ce1f70d0dd2045a14914c96dcc48d0507f45e1da", "benchmarks.Hudson.peakmem_many_replicates": "b93569a722fa5396ed6631750fbdd02c7b47148d63973610f802eb69db85679e", "benchmarks.Hudson.time_human_chr22": "e648432b5c065478e09802f16a5658d37b625c204e147517826817bd6b04acb1", "benchmarks.Hudson.time_large_sample_size": "7bc273fa1975809170f8f4dd7776de03dd9993132a83866c1c135afe37e4d541", "benchmarks.Hudson.time_long_sequence_length": "0b6c7c537bd986f4e9c36c5549b8e939955cbd49901f29827e3ce763790fb3b7", "benchmarks.Hudson.time_long_sequence_length_gene_conversion": "19005a2b4b33b284a84cc0ad033e2d2c646f2d264fd59a5a55e3c2246a05851b", "benchmarks.Hudson.time_many_replicates": "c0f9f49074ade65f919a2db206a10f03ba6f5b53fa86dce2a6a32e96dd8a5067"}, "version": 1}