{"results": {"benchmarks.DTWF.peakmem_human_chr22": 98488320, "benchmarks.DTWF.peakmem_large_population_size": null, "benchmarks.DTWF.peakmem_long_sequence_length": 52994048, "benchmarks.DTWF.peakmem_many_replicates": null, "benchmarks.DTWF.time_human_chr22": {"result": [95.67621095600771], "stats": [{"ci_99": [-Infinity, Infinity], "q_25": 95.67621095600771, "q_75": 95.67621095600771, "min": 95.67621095600771, "max": 95.67621095600771, "mean": 95.67621095600771, "std": 0.0, "repeat": 1, "number": 1}]}, "benchmarks.DTWF.time_large_population_size": null, "benchmarks.DTWF.time_long_sequence_length": {"result": [95.19613097200636], "stats": [{"ci_99": [-Infinity, Infinity], "q_25": 95.19613097200636, "q_75": 95.19613097200636, "min": 95.19613097200636, "max": 95.19613097200636, "mean": 95.19613097200636, "std": 0.0, "repeat": 1, "number": 1}]}, "benchmarks.DTWF.time_many_replicates": null, "benchmarks.Hudson.peakmem_human_chr22": 132288512, "benchmarks.Hudson.peakmem_large_sample_size": 792879104, "benchmarks.Hudson.peakmem_long_sequence_length": 161816576, "benchmarks.Hudson.peakmem_long_sequence_length_gene_conversion": 161816576, "benchmarks.Hudson.peakmem_many_replicates": 42151936, "benchmarks.Hudson.time_human_chr22": {"result": [57.75168564502383], "stats": [{"ci_99": [-Infinity, Infinity], "q_25": 57.75168564502383, "q_75": 57.75168564502383, "min": 57.75168564502383, "max": 57.75168564502383, "mean": 57.75168564502383, "std": 0.0, "repeat": 1, "number": 1}]}, "benchmarks.Hudson.time_large_sample_size": {"result": [59.826281135960016], "stats": [{"ci_99": [-Infinity, Infinity], "q_25": 59.826281135960016, "q_75": 59.826281135960016, "min": 59.826281135960016, "max": 59.826281135960016, "mean": 59.826281135960016, "std": 0.0, "repeat": 1, "number": 1}]}, "benchmarks.Hudson.time_long_sequence_length": {"result": [43.91245646297466], "stats": [{"ci_99": [-Infinity, Infinity], "q_25": 43.91245646297466, "q_75": 43.91245646297466, "min": 43.91245646297466, "max": 43.91245646297466, "mean": 43.91245646297466, "std": 0.0, "repeat": 1, "number": 1}]}, "benchmarks.Hudson.time_long_sequence_length_gene_conversion": {"result": [48.131208922946826], "stats": [{"ci_99": [-Infinity, Infinity], "q_25": 48.131208922946826, "q_75": 48.131208922946826, "min": 48.131208922946826, "max": 48.131208922946826, "mean": 48.131208922946826, "std": 0.0, "repeat": 1, "number": 1}]}, "benchmarks.Hudson.time_many_replicates": {"result": [30.165791637962684], "stats": [{"ci_99": [-Infinity, Infinity], "q_25": 30.165791637962684, "q_75": 30.165791637962684, "min": 30.165791637962684, "max": 30.165791637962684, "mean": 30.165791637962684, "std": 0.0, "repeat": 1, "number": 1}]}}, "params": {"arch": "x86_64", "cpu": "Intel(R) Core(TM) i5-3317U CPU @ 1.70GHz", "machine": "poplar", "num_cpu": "4", "os": "Linux 3.13.0-24-generic", "ram": "3931396", "python": "3.8", "stdpopsim": ""}, "requirements": {"stdpopsim": ""}, "commit_hash": "60df3718917ff44026fe67f935f020f6775eaaa0", "date": 1563114352000, "env_name": "virtualenv-py3.8-stdpopsim", "python": "3.8", "profiles": {}, "started_at": {"benchmarks.DTWF.peakmem_human_chr22": 1602192149612, "benchmarks.DTWF.peakmem_large_population_size": 1602192246907, "benchmarks.DTWF.peakmem_long_sequence_length": 1602192366968, "benchmarks.DTWF.peakmem_many_replicates": 1602192467316, "benchmarks.DTWF.time_human_chr22": 1602192587392, "benchmarks.DTWF.time_large_population_size": 1602192683184, "benchmarks.DTWF.time_long_sequence_length": 1602192803246, "benchmarks.DTWF.time_many_replicates": 1602192898537, "benchmarks.Hudson.peakmem_human_chr22": 1602193018613, "benchmarks.Hudson.peakmem_large_sample_size": 1602193077379, "benchmarks.Hudson.peakmem_long_sequence_length": 1602193131430, "benchmarks.Hudson.peakmem_long_sequence_length_gene_conversion": 1602193176270, "benchmarks.Hudson.peakmem_many_replicates": 1602193224617, "benchmarks.Hudson.time_human_chr22": 1602193254963, "benchmarks.Hudson.time_large_sample_size": 1602193312828, "benchmarks.Hudson.time_long_sequence_length": 1602193372788, "benchmarks.Hudson.time_long_sequence_length_gene_conversion": 1602193416827, "benchmarks.Hudson.time_many_replicates": 1602193465074}, "ended_at": {"benchmarks.DTWF.peakmem_human_chr22": 1602192246907, "benchmarks.DTWF.peakmem_large_population_size": 1602192366968, "benchmarks.DTWF.peakmem_long_sequence_length": 1602192467315, "benchmarks.DTWF.peakmem_many_replicates": 1602192587392, "benchmarks.DTWF.time_human_chr22": 1602192683184, "benchmarks.DTWF.time_large_population_size": 1602192803246, "benchmarks.DTWF.time_long_sequence_length": 1602192898537, "benchmarks.DTWF.time_many_replicates": 1602193018613, "benchmarks.Hudson.peakmem_human_chr22": 1602193077379, "benchmarks.Hudson.peakmem_large_sample_size": 1602193131429, "benchmarks.Hudson.peakmem_long_sequence_length": 1602193176269, "benchmarks.Hudson.peakmem_long_sequence_length_gene_conversion": 1602193224617, "benchmarks.Hudson.peakmem_many_replicates": 1602193254963, "benchmarks.Hudson.time_human_chr22": 1602193312828, "benchmarks.Hudson.time_large_sample_size": 1602193372788, "benchmarks.Hudson.time_long_sequence_length": 1602193416826, "benchmarks.Hudson.time_long_sequence_length_gene_conversion": 1602193465074, "benchmarks.Hudson.time_many_replicates": 1602193495370}, "benchmark_version": {"benchmarks.DTWF.peakmem_human_chr22": "f848688127844489b5870c5598d06fc61bdb8c1a31b2c71741fb842ce4869124", "benchmarks.DTWF.peakmem_large_population_size": "1c54016f27b74e5d827e0cf71dee2587b99237d50e0c3aa5bfb1e9a54bedf712", "benchmarks.DTWF.peakmem_long_sequence_length": "72b4498a433ac926a303683be39aa07c206b25c22caa613088af6cbe51544ce9", "benchmarks.DTWF.peakmem_many_replicates": "8d591fe1a84bfd039f312aef953605c494b28ed3e3b28bd41773b5a6bbab8e13", "benchmarks.DTWF.time_human_chr22": "d016729b716d45e5a6cc8608ae18480b4f3d6192cc29f39ad8e06222786408c6", "benchmarks.DTWF.time_large_population_size": "5393d907eb6d9700c18c23789395c3a6a8aecf236b49983e2d955dccc6f793a3", "benchmarks.DTWF.time_long_sequence_length": "89860f21a2ad81e267314c086383279e852e4560e27f425d127937bd62fb83f9", "benchmarks.DTWF.time_many_replicates": "8f8fa44794e1a510a8052653f41596e3e11adbcdc838d7ca59f99bdb491be41b", "benchmarks.Hudson.peakmem_human_chr22": "20ef616d263e941e12a3089b8e8dbfee94d982362fe475e40174ebc3506b102a", "benchmarks.Hudson.peakmem_large_sample_size": "0b75d04c5ff9994c35ae62a490034e021485c38567b2699884e524931587881a", "benchmarks.Hudson.peakmem_long_sequence_length": "edd9dee8418f69b81347803203f176ff269220225a8939dc1c4bc1ab32289f94", "benchmarks.Hudson.peakmem_long_sequence_length_gene_conversion": "2236f20c5a4cc1e037abd099ce1f70d0dd2045a14914c96dcc48d0507f45e1da", "benchmarks.Hudson.peakmem_many_replicates": "b93569a722fa5396ed6631750fbdd02c7b47148d63973610f802eb69db85679e", "benchmarks.Hudson.time_human_chr22": "e648432b5c065478e09802f16a5658d37b625c204e147517826817bd6b04acb1", "benchmarks.Hudson.time_large_sample_size": "7bc273fa1975809170f8f4dd7776de03dd9993132a83866c1c135afe37e4d541", "benchmarks.Hudson.time_long_sequence_length": "0b6c7c537bd986f4e9c36c5549b8e939955cbd49901f29827e3ce763790fb3b7", "benchmarks.Hudson.time_long_sequence_length_gene_conversion": "19005a2b4b33b284a84cc0ad033e2d2c646f2d264fd59a5a55e3c2246a05851b", "benchmarks.Hudson.time_many_replicates": "c0f9f49074ade65f919a2db206a10f03ba6f5b53fa86dce2a6a32e96dd8a5067"}, "version": 1}