{"results": {"benchmarks.DTWF.peakmem_human_chr22": 111931392, "benchmarks.DTWF.peakmem_large_population_size": 54243328, "benchmarks.DTWF.peakmem_long_sequence_length": 46288896, "benchmarks.DTWF.peakmem_many_replicates": 47603712, "benchmarks.DTWF.time_human_chr22": {"result": [32.63333829900148], "stats": [{"ci_99": [-Infinity, Infinity], "q_25": 32.63333829900148, "q_75": 32.63333829900148, "min": 32.63333829900148, "max": 32.63333829900148, "mean": 32.63333829900148, "std": 0.0, "repeat": 1, "number": 1}]}, "benchmarks.DTWF.time_large_population_size": {"result": [11.680411194000044], "stats": [{"ci_99": [-Infinity, Infinity], "q_25": 11.680411194000044, "q_75": 11.680411194000044, "min": 11.680411194000044, "max": 11.680411194000044, "mean": 11.680411194000044, "std": 0.0, "repeat": 1, "number": 1}]}, "benchmarks.DTWF.time_long_sequence_length": {"result": [0.1185547699988092], "stats": [{"ci_99": [-Infinity, Infinity], "q_25": 0.1185547699988092, "q_75": 0.1185547699988092, "min": 0.1185547699988092, "max": 0.1185547699988092, "mean": 0.1185547699988092, "std": 0.0, "repeat": 1, "number": 1}]}, "benchmarks.DTWF.time_many_replicates": {"result": [48.00156616200002], "stats": [{"ci_99": [-Infinity, Infinity], "q_25": 48.00156616200002, "q_75": 48.00156616200002, "min": 48.00156616200002, "max": 48.00156616200002, "mean": 48.00156616200002, "std": 0.0, "repeat": 1, "number": 1}]}, "benchmarks.Hudson.peakmem_human_chr22": 146165760, "benchmarks.Hudson.peakmem_large_sample_size": 854683648, "benchmarks.Hudson.peakmem_long_sequence_length": 173375488, "benchmarks.Hudson.peakmem_many_replicates": 47595520, "benchmarks.Hudson.time_human_chr22": {"result": [57.09900077800012], "stats": [{"ci_99": [-Infinity, Infinity], "q_25": 57.09900077800012, "q_75": 57.09900077800012, "min": 57.09900077800012, "max": 57.09900077800012, "mean": 57.09900077800012, "std": 0.0, "repeat": 1, "number": 1}]}, "benchmarks.Hudson.time_large_sample_size": {"result": [67.23475782199966], "stats": [{"ci_99": [-Infinity, Infinity], "q_25": 67.23475782199966, "q_75": 67.23475782199966, "min": 67.23475782199966, "max": 67.23475782199966, "mean": 67.23475782199966, "std": 0.0, "repeat": 1, "number": 1}]}, "benchmarks.Hudson.time_long_sequence_length": {"result": [50.08618144799948], "stats": [{"ci_99": [-Infinity, Infinity], "q_25": 50.08618144799948, "q_75": 50.08618144799948, "min": 50.08618144799948, "max": 50.08618144799948, "mean": 50.08618144799948, "std": 0.0, "repeat": 1, "number": 1}]}, "benchmarks.Hudson.time_many_replicates": {"result": [28.394002150000233], "stats": [{"ci_99": [-Infinity, Infinity], "q_25": 28.394002150000233, "q_75": 28.394002150000233, "min": 28.394002150000233, "max": 28.394002150000233, "mean": 28.394002150000233, "std": 0.0, "repeat": 1, "number": 1}]}, "benchmarks.Hudson.peakmem_long_sequence_length_gene_conversion": 174354432, "benchmarks.Hudson.time_long_sequence_length_gene_conversion": {"result": [52.21979585400186], "stats": [{"ci_99": [-Infinity, Infinity], "q_25": 52.21979585400186, "q_75": 52.21979585400186, "min": 52.21979585400186, "max": 52.21979585400186, "mean": 52.21979585400186, "std": 0.0, "repeat": 1, "number": 1}]}}, "params": {"arch": "x86_64", "cpu": "Intel(R) Core(TM) i5-3317U CPU @ 1.70GHz", "machine": "poplar", "num_cpu": "4", "os": "Linux 3.13.0-24-generic", "ram": "3931396", "python": "3.8", "stdpopsim": ""}, "requirements": {"stdpopsim": ""}, "commit_hash": "62da430ff14dd2bd30ad6ab33668c6a0ec695087", "date": 1601033201000, "env_name": "virtualenv-py3.8-stdpopsim", "python": "3.8", "profiles": {}, "started_at": {"benchmarks.DTWF.peakmem_human_chr22": 1601469507240, "benchmarks.DTWF.peakmem_large_population_size": 1601469538601, "benchmarks.DTWF.peakmem_long_sequence_length": 1601469550878, "benchmarks.DTWF.peakmem_many_replicates": 1601469551582, "benchmarks.DTWF.time_human_chr22": 1601469600256, "benchmarks.DTWF.time_large_population_size": 1601469633475, "benchmarks.DTWF.time_long_sequence_length": 1601469645752, "benchmarks.DTWF.time_many_replicates": 1601469646456, "benchmarks.Hudson.peakmem_human_chr22": 1601469695030, "benchmarks.Hudson.peakmem_large_sample_size": 1601469753146, "benchmarks.Hudson.peakmem_long_sequence_length": 1601469822568, "benchmarks.Hudson.peakmem_many_replicates": 1601469876626, "benchmarks.Hudson.time_human_chr22": 1601469905621, "benchmarks.Hudson.time_large_sample_size": 1601469963286, "benchmarks.Hudson.time_long_sequence_length": 1601470031106, "benchmarks.Hudson.time_many_replicates": 1601470081757, "benchmarks.Hudson.peakmem_long_sequence_length_gene_conversion": 1601474405064, "benchmarks.Hudson.time_long_sequence_length_gene_conversion": 1601474456567}, "ended_at": {"benchmarks.DTWF.peakmem_human_chr22": 1601469538600, "benchmarks.DTWF.peakmem_large_population_size": 1601469550878, "benchmarks.DTWF.peakmem_long_sequence_length": 1601469551582, "benchmarks.DTWF.peakmem_many_replicates": 1601469600256, "benchmarks.DTWF.time_human_chr22": 1601469633474, "benchmarks.DTWF.time_large_population_size": 1601469645752, "benchmarks.DTWF.time_long_sequence_length": 1601469646455, "benchmarks.DTWF.time_many_replicates": 1601469695029, "benchmarks.Hudson.peakmem_human_chr22": 1601469753145, "benchmarks.Hudson.peakmem_large_sample_size": 1601469822567, "benchmarks.Hudson.peakmem_long_sequence_length": 1601469876626, "benchmarks.Hudson.peakmem_many_replicates": 1601469905621, "benchmarks.Hudson.time_human_chr22": 1601469963286, "benchmarks.Hudson.time_large_sample_size": 1601470031106, "benchmarks.Hudson.time_long_sequence_length": 1601470081757, "benchmarks.Hudson.time_many_replicates": 1601470110752, "benchmarks.Hudson.peakmem_long_sequence_length_gene_conversion": 1601474456567, "benchmarks.Hudson.time_long_sequence_length_gene_conversion": 1601474509373}, "benchmark_version": {"benchmarks.DTWF.peakmem_human_chr22": "f848688127844489b5870c5598d06fc61bdb8c1a31b2c71741fb842ce4869124", "benchmarks.DTWF.peakmem_large_population_size": "1c54016f27b74e5d827e0cf71dee2587b99237d50e0c3aa5bfb1e9a54bedf712", "benchmarks.DTWF.peakmem_long_sequence_length": "72b4498a433ac926a303683be39aa07c206b25c22caa613088af6cbe51544ce9", "benchmarks.DTWF.peakmem_many_replicates": "8d591fe1a84bfd039f312aef953605c494b28ed3e3b28bd41773b5a6bbab8e13", "benchmarks.DTWF.time_human_chr22": "d016729b716d45e5a6cc8608ae18480b4f3d6192cc29f39ad8e06222786408c6", "benchmarks.DTWF.time_large_population_size": "5393d907eb6d9700c18c23789395c3a6a8aecf236b49983e2d955dccc6f793a3", "benchmarks.DTWF.time_long_sequence_length": "89860f21a2ad81e267314c086383279e852e4560e27f425d127937bd62fb83f9", "benchmarks.DTWF.time_many_replicates": "8f8fa44794e1a510a8052653f41596e3e11adbcdc838d7ca59f99bdb491be41b", "benchmarks.Hudson.peakmem_human_chr22": "20ef616d263e941e12a3089b8e8dbfee94d982362fe475e40174ebc3506b102a", "benchmarks.Hudson.peakmem_large_sample_size": "0b75d04c5ff9994c35ae62a490034e021485c38567b2699884e524931587881a", "benchmarks.Hudson.peakmem_long_sequence_length": "edd9dee8418f69b81347803203f176ff269220225a8939dc1c4bc1ab32289f94", "benchmarks.Hudson.peakmem_many_replicates": "b93569a722fa5396ed6631750fbdd02c7b47148d63973610f802eb69db85679e", "benchmarks.Hudson.time_human_chr22": "e648432b5c065478e09802f16a5658d37b625c204e147517826817bd6b04acb1", "benchmarks.Hudson.time_large_sample_size": "7bc273fa1975809170f8f4dd7776de03dd9993132a83866c1c135afe37e4d541", "benchmarks.Hudson.time_long_sequence_length": "0b6c7c537bd986f4e9c36c5549b8e939955cbd49901f29827e3ce763790fb3b7", "benchmarks.Hudson.time_many_replicates": "c0f9f49074ade65f919a2db206a10f03ba6f5b53fa86dce2a6a32e96dd8a5067", "benchmarks.Hudson.peakmem_long_sequence_length_gene_conversion": "2236f20c5a4cc1e037abd099ce1f70d0dd2045a14914c96dcc48d0507f45e1da", "benchmarks.Hudson.time_long_sequence_length_gene_conversion": "19005a2b4b33b284a84cc0ad033e2d2c646f2d264fd59a5a55e3c2246a05851b"}, "version": 1}