{"results": {"benchmarks.DTWF.peakmem_human_chr22": 112271360, "benchmarks.DTWF.peakmem_large_population_size": 54546432, "benchmarks.DTWF.peakmem_long_sequence_length": 57675776, "benchmarks.DTWF.peakmem_many_replicates": 47271936, "benchmarks.DTWF.time_human_chr22": {"result": [41.30242518699379], "stats": [{"ci_99": [-Infinity, Infinity], "q_25": 41.30242518699379, "q_75": 41.30242518699379, "min": 41.30242518699379, "max": 41.30242518699379, "mean": 41.30242518699379, "std": 0.0, "repeat": 1, "number": 1}]}, "benchmarks.DTWF.time_large_population_size": {"result": [11.260713355004555], "stats": [{"ci_99": [-Infinity, Infinity], "q_25": 11.260713355004555, "q_75": 11.260713355004555, "min": 11.260713355004555, "max": 11.260713355004555, "mean": 11.260713355004555, "std": 0.0, "repeat": 1, "number": 1}]}, "benchmarks.DTWF.time_long_sequence_length": {"result": [12.393127599993022], "stats": [{"ci_99": [-Infinity, Infinity], "q_25": 12.393127599993022, "q_75": 12.393127599993022, "min": 12.393127599993022, "max": 12.393127599993022, "mean": 12.393127599993022, "std": 0.0, "repeat": 1, "number": 1}]}, "benchmarks.DTWF.time_many_replicates": {"result": [52.13606701500248], "stats": [{"ci_99": [-Infinity, Infinity], "q_25": 52.13606701500248, "q_75": 52.13606701500248, "min": 52.13606701500248, "max": 52.13606701500248, "mean": 52.13606701500248, "std": 0.0, "repeat": 1, "number": 1}]}, "benchmarks.Hudson.peakmem_human_chr22": 145444864, "benchmarks.Hudson.peakmem_large_sample_size": null, "benchmarks.Hudson.peakmem_long_sequence_length": 167632896, "benchmarks.Hudson.peakmem_long_sequence_length_gene_conversion": 168243200, "benchmarks.Hudson.peakmem_many_replicates": 46362624, "benchmarks.Hudson.time_human_chr22": {"result": [33.86023378997925], "stats": [{"ci_99": [-Infinity, Infinity], "q_25": 33.86023378997925, "q_75": 33.86023378997925, "min": 33.86023378997925, "max": 33.86023378997925, "mean": 33.86023378997925, "std": 0.0, "repeat": 1, "number": 1}]}, "benchmarks.Hudson.time_large_sample_size": null, "benchmarks.Hudson.time_long_sequence_length": {"result": [50.31992457099841], "stats": [{"ci_99": [-Infinity, Infinity], "q_25": 50.31992457099841, "q_75": 50.31992457099841, "min": 50.31992457099841, "max": 50.31992457099841, "mean": 50.31992457099841, "std": 0.0, "repeat": 1, "number": 1}]}, "benchmarks.Hudson.time_long_sequence_length_gene_conversion": {"result": [51.147310567990644], "stats": [{"ci_99": [-Infinity, Infinity], "q_25": 51.147310567990644, "q_75": 51.147310567990644, "min": 51.147310567990644, "max": 51.147310567990644, "mean": 51.147310567990644, "std": 0.0, "repeat": 1, "number": 1}]}, "benchmarks.Hudson.time_many_replicates": {"result": [32.80061194501468], "stats": [{"ci_99": [-Infinity, Infinity], "q_25": 32.80061194501468, "q_75": 32.80061194501468, "min": 32.80061194501468, "max": 32.80061194501468, "mean": 32.80061194501468, "std": 0.0, "repeat": 1, "number": 1}]}}, "params": {"arch": "x86_64", "cpu": "Intel(R) Core(TM) i5-3317U CPU @ 1.70GHz", "machine": "poplar", "num_cpu": "4", "os": "Linux 3.13.0-24-generic", "ram": "3931396", "python": "3.8", "stdpopsim": ""}, "requirements": {"stdpopsim": ""}, "commit_hash": "62ffa4e4f57c436e75956f6389d8b150079312f7", "date": 1598192377000, "env_name": "virtualenv-py3.8-stdpopsim", "python": "3.8", "profiles": {}, "started_at": {"benchmarks.DTWF.peakmem_human_chr22": 1602014599427, "benchmarks.DTWF.peakmem_large_population_size": 1602014639158, "benchmarks.DTWF.peakmem_long_sequence_length": 1602014650534, "benchmarks.DTWF.peakmem_many_replicates": 1602014662954, "benchmarks.DTWF.time_human_chr22": 1602014715333, "benchmarks.DTWF.time_large_population_size": 1602014756768, "benchmarks.DTWF.time_long_sequence_length": 1602014768144, "benchmarks.DTWF.time_many_replicates": 1602014780664, "benchmarks.Hudson.peakmem_human_chr22": 1602014832893, "benchmarks.Hudson.peakmem_large_sample_size": 1602014867213, "benchmarks.Hudson.peakmem_long_sequence_length": 1602014987311, "benchmarks.Hudson.peakmem_long_sequence_length_gene_conversion": 1602015039115, "benchmarks.Hudson.peakmem_many_replicates": 1602015090316, "benchmarks.Hudson.time_human_chr22": 1602015123367, "benchmarks.Hudson.time_large_sample_size": 1602015157335, "benchmarks.Hudson.time_long_sequence_length": 1602015277433, "benchmarks.Hudson.time_long_sequence_length_gene_conversion": 1602015327884, "benchmarks.Hudson.time_many_replicates": 1602015379137}, "ended_at": {"benchmarks.DTWF.peakmem_human_chr22": 1602014639158, "benchmarks.DTWF.peakmem_large_population_size": 1602014650534, "benchmarks.DTWF.peakmem_long_sequence_length": 1602014662954, "benchmarks.DTWF.peakmem_many_replicates": 1602014715333, "benchmarks.DTWF.time_human_chr22": 1602014756768, "benchmarks.DTWF.time_large_population_size": 1602014768144, "benchmarks.DTWF.time_long_sequence_length": 1602014780664, "benchmarks.DTWF.time_many_replicates": 1602014832893, "benchmarks.Hudson.peakmem_human_chr22": 1602014867213, "benchmarks.Hudson.peakmem_large_sample_size": 1602014987310, "benchmarks.Hudson.peakmem_long_sequence_length": 1602015039114, "benchmarks.Hudson.peakmem_long_sequence_length_gene_conversion": 1602015090316, "benchmarks.Hudson.peakmem_many_replicates": 1602015123367, "benchmarks.Hudson.time_human_chr22": 1602015157335, "benchmarks.Hudson.time_large_sample_size": 1602015277433, "benchmarks.Hudson.time_long_sequence_length": 1602015327884, "benchmarks.Hudson.time_long_sequence_length_gene_conversion": 1602015379137, "benchmarks.Hudson.time_many_replicates": 1602015412037}, "benchmark_version": {"benchmarks.DTWF.peakmem_human_chr22": "f848688127844489b5870c5598d06fc61bdb8c1a31b2c71741fb842ce4869124", "benchmarks.DTWF.peakmem_large_population_size": "1c54016f27b74e5d827e0cf71dee2587b99237d50e0c3aa5bfb1e9a54bedf712", "benchmarks.DTWF.peakmem_long_sequence_length": "72b4498a433ac926a303683be39aa07c206b25c22caa613088af6cbe51544ce9", "benchmarks.DTWF.peakmem_many_replicates": "8d591fe1a84bfd039f312aef953605c494b28ed3e3b28bd41773b5a6bbab8e13", "benchmarks.DTWF.time_human_chr22": "d016729b716d45e5a6cc8608ae18480b4f3d6192cc29f39ad8e06222786408c6", "benchmarks.DTWF.time_large_population_size": "5393d907eb6d9700c18c23789395c3a6a8aecf236b49983e2d955dccc6f793a3", "benchmarks.DTWF.time_long_sequence_length": "89860f21a2ad81e267314c086383279e852e4560e27f425d127937bd62fb83f9", "benchmarks.DTWF.time_many_replicates": "8f8fa44794e1a510a8052653f41596e3e11adbcdc838d7ca59f99bdb491be41b", "benchmarks.Hudson.peakmem_human_chr22": "20ef616d263e941e12a3089b8e8dbfee94d982362fe475e40174ebc3506b102a", "benchmarks.Hudson.peakmem_large_sample_size": "0b75d04c5ff9994c35ae62a490034e021485c38567b2699884e524931587881a", "benchmarks.Hudson.peakmem_long_sequence_length": "edd9dee8418f69b81347803203f176ff269220225a8939dc1c4bc1ab32289f94", "benchmarks.Hudson.peakmem_long_sequence_length_gene_conversion": "2236f20c5a4cc1e037abd099ce1f70d0dd2045a14914c96dcc48d0507f45e1da", "benchmarks.Hudson.peakmem_many_replicates": "b93569a722fa5396ed6631750fbdd02c7b47148d63973610f802eb69db85679e", "benchmarks.Hudson.time_human_chr22": "e648432b5c065478e09802f16a5658d37b625c204e147517826817bd6b04acb1", "benchmarks.Hudson.time_large_sample_size": "7bc273fa1975809170f8f4dd7776de03dd9993132a83866c1c135afe37e4d541", "benchmarks.Hudson.time_long_sequence_length": "0b6c7c537bd986f4e9c36c5549b8e939955cbd49901f29827e3ce763790fb3b7", "benchmarks.Hudson.time_long_sequence_length_gene_conversion": "19005a2b4b33b284a84cc0ad033e2d2c646f2d264fd59a5a55e3c2246a05851b", "benchmarks.Hudson.time_many_replicates": "c0f9f49074ade65f919a2db206a10f03ba6f5b53fa86dce2a6a32e96dd8a5067"}, "version": 1}