{"results": {"benchmarks.DTWF.peakmem_human_chr22": 107499520, "benchmarks.DTWF.peakmem_large_population_size": 53186560, "benchmarks.DTWF.peakmem_long_sequence_length": 55529472, "benchmarks.DTWF.peakmem_many_replicates": 44486656, "benchmarks.DTWF.time_human_chr22": {"result": [39.011970236024354], "stats": [{"ci_99": [-Infinity, Infinity], "q_25": 39.011970236024354, "q_75": 39.011970236024354, "min": 39.011970236024354, "max": 39.011970236024354, "mean": 39.011970236024354, "std": 0.0, "repeat": 1, "number": 1}]}, "benchmarks.DTWF.time_large_population_size": {"result": [11.266479027981404], "stats": [{"ci_99": [-Infinity, Infinity], "q_25": 11.266479027981404, "q_75": 11.266479027981404, "min": 11.266479027981404, "max": 11.266479027981404, "mean": 11.266479027981404, "std": 0.0, "repeat": 1, "number": 1}]}, "benchmarks.DTWF.time_long_sequence_length": {"result": [12.39909537899075], "stats": [{"ci_99": [-Infinity, Infinity], "q_25": 12.39909537899075, "q_75": 12.39909537899075, "min": 12.39909537899075, "max": 12.39909537899075, "mean": 12.39909537899075, "std": 0.0, "repeat": 1, "number": 1}]}, "benchmarks.DTWF.time_many_replicates": {"result": [51.57836115200189], "stats": [{"ci_99": [-Infinity, Infinity], "q_25": 51.57836115200189, "q_75": 51.57836115200189, "min": 51.57836115200189, "max": 51.57836115200189, "mean": 51.57836115200189, "std": 0.0, "repeat": 1, "number": 1}]}, "benchmarks.Hudson.peakmem_human_chr22": 144969728, "benchmarks.Hudson.peakmem_large_sample_size": 842596352, "benchmarks.Hudson.peakmem_long_sequence_length": 166907904, "benchmarks.Hudson.peakmem_long_sequence_length_gene_conversion": 170573824, "benchmarks.Hudson.peakmem_many_replicates": 44621824, "benchmarks.Hudson.time_human_chr22": {"result": [33.585309895977844], "stats": [{"ci_99": [-Infinity, Infinity], "q_25": 33.585309895977844, "q_75": 33.585309895977844, "min": 33.585309895977844, "max": 33.585309895977844, "mean": 33.585309895977844, "std": 0.0, "repeat": 1, "number": 1}]}, "benchmarks.Hudson.time_large_sample_size": {"result": [56.44474000198534], "stats": [{"ci_99": [-Infinity, Infinity], "q_25": 56.44474000198534, "q_75": 56.44474000198534, "min": 56.44474000198534, "max": 56.44474000198534, "mean": 56.44474000198534, "std": 0.0, "repeat": 1, "number": 1}]}, "benchmarks.Hudson.time_long_sequence_length": {"result": [49.793650150008034], "stats": [{"ci_99": [-Infinity, Infinity], "q_25": 49.793650150008034, "q_75": 49.793650150008034, "min": 49.793650150008034, "max": 49.793650150008034, "mean": 49.793650150008034, "std": 0.0, "repeat": 1, "number": 1}]}, "benchmarks.Hudson.time_long_sequence_length_gene_conversion": {"result": [52.177073847997235], "stats": [{"ci_99": [-Infinity, Infinity], "q_25": 52.177073847997235, "q_75": 52.177073847997235, "min": 52.177073847997235, "max": 52.177073847997235, "mean": 52.177073847997235, "std": 0.0, "repeat": 1, "number": 1}]}, "benchmarks.Hudson.time_many_replicates": {"result": [31.632889858010458], "stats": [{"ci_99": [-Infinity, Infinity], "q_25": 31.632889858010458, "q_75": 31.632889858010458, "min": 31.632889858010458, "max": 31.632889858010458, "mean": 31.632889858010458, "std": 0.0, "repeat": 1, "number": 1}]}}, "params": {"arch": "x86_64", "cpu": "Intel(R) Core(TM) i5-3317U CPU @ 1.70GHz", "machine": "poplar", "num_cpu": "4", "os": "Linux 3.13.0-24-generic", "ram": "3931396", "python": "3.8", "stdpopsim": ""}, "requirements": {"stdpopsim": ""}, "commit_hash": "63a4b4fa34c1affa39d1844acb543caa9f318c2d", "date": 1595602155000, "env_name": "virtualenv-py3.8-stdpopsim", "python": "3.8", "profiles": {}, "started_at": {"benchmarks.DTWF.peakmem_human_chr22": 1602030148721, "benchmarks.DTWF.peakmem_large_population_size": 1602030187502, "benchmarks.DTWF.peakmem_long_sequence_length": 1602030198878, "benchmarks.DTWF.peakmem_many_replicates": 1602030211599, "benchmarks.DTWF.time_human_chr22": 1602030263376, "benchmarks.DTWF.time_large_population_size": 1602030302507, "benchmarks.DTWF.time_long_sequence_length": 1602030313883, "benchmarks.DTWF.time_many_replicates": 1602030326403, "benchmarks.Hudson.peakmem_human_chr22": 1602030378081, "benchmarks.Hudson.peakmem_large_sample_size": 1602030411448, "benchmarks.Hudson.peakmem_long_sequence_length": 1602030467151, "benchmarks.Hudson.peakmem_long_sequence_length_gene_conversion": 1602030516549, "benchmarks.Hudson.peakmem_many_replicates": 1602030567501, "benchmarks.Hudson.time_human_chr22": 1602030599650, "benchmarks.Hudson.time_large_sample_size": 1602030633368, "benchmarks.Hudson.time_long_sequence_length": 1602030689922, "benchmarks.Hudson.time_long_sequence_length_gene_conversion": 1602030739821, "benchmarks.Hudson.time_many_replicates": 1602030792126}, "ended_at": {"benchmarks.DTWF.peakmem_human_chr22": 1602030187502, "benchmarks.DTWF.peakmem_large_population_size": 1602030198878, "benchmarks.DTWF.peakmem_long_sequence_length": 1602030211598, "benchmarks.DTWF.peakmem_many_replicates": 1602030263376, "benchmarks.DTWF.time_human_chr22": 1602030302507, "benchmarks.DTWF.time_large_population_size": 1602030313882, "benchmarks.DTWF.time_long_sequence_length": 1602030326403, "benchmarks.DTWF.time_many_replicates": 1602030378080, "benchmarks.Hudson.peakmem_human_chr22": 1602030411448, "benchmarks.Hudson.peakmem_large_sample_size": 1602030467151, "benchmarks.Hudson.peakmem_long_sequence_length": 1602030516549, "benchmarks.Hudson.peakmem_long_sequence_length_gene_conversion": 1602030567501, "benchmarks.Hudson.peakmem_many_replicates": 1602030599650, "benchmarks.Hudson.time_human_chr22": 1602030633368, "benchmarks.Hudson.time_large_sample_size": 1602030689922, "benchmarks.Hudson.time_long_sequence_length": 1602030739821, "benchmarks.Hudson.time_long_sequence_length_gene_conversion": 1602030792126, "benchmarks.Hudson.time_many_replicates": 1602030823875}, "benchmark_version": {"benchmarks.DTWF.peakmem_human_chr22": "f848688127844489b5870c5598d06fc61bdb8c1a31b2c71741fb842ce4869124", "benchmarks.DTWF.peakmem_large_population_size": "1c54016f27b74e5d827e0cf71dee2587b99237d50e0c3aa5bfb1e9a54bedf712", "benchmarks.DTWF.peakmem_long_sequence_length": "72b4498a433ac926a303683be39aa07c206b25c22caa613088af6cbe51544ce9", "benchmarks.DTWF.peakmem_many_replicates": "8d591fe1a84bfd039f312aef953605c494b28ed3e3b28bd41773b5a6bbab8e13", "benchmarks.DTWF.time_human_chr22": "d016729b716d45e5a6cc8608ae18480b4f3d6192cc29f39ad8e06222786408c6", "benchmarks.DTWF.time_large_population_size": "5393d907eb6d9700c18c23789395c3a6a8aecf236b49983e2d955dccc6f793a3", "benchmarks.DTWF.time_long_sequence_length": "89860f21a2ad81e267314c086383279e852e4560e27f425d127937bd62fb83f9", "benchmarks.DTWF.time_many_replicates": "8f8fa44794e1a510a8052653f41596e3e11adbcdc838d7ca59f99bdb491be41b", "benchmarks.Hudson.peakmem_human_chr22": "20ef616d263e941e12a3089b8e8dbfee94d982362fe475e40174ebc3506b102a", "benchmarks.Hudson.peakmem_large_sample_size": "0b75d04c5ff9994c35ae62a490034e021485c38567b2699884e524931587881a", "benchmarks.Hudson.peakmem_long_sequence_length": "edd9dee8418f69b81347803203f176ff269220225a8939dc1c4bc1ab32289f94", "benchmarks.Hudson.peakmem_long_sequence_length_gene_conversion": "2236f20c5a4cc1e037abd099ce1f70d0dd2045a14914c96dcc48d0507f45e1da", "benchmarks.Hudson.peakmem_many_replicates": "b93569a722fa5396ed6631750fbdd02c7b47148d63973610f802eb69db85679e", "benchmarks.Hudson.time_human_chr22": "e648432b5c065478e09802f16a5658d37b625c204e147517826817bd6b04acb1", "benchmarks.Hudson.time_large_sample_size": "7bc273fa1975809170f8f4dd7776de03dd9993132a83866c1c135afe37e4d541", "benchmarks.Hudson.time_long_sequence_length": "0b6c7c537bd986f4e9c36c5549b8e939955cbd49901f29827e3ce763790fb3b7", "benchmarks.Hudson.time_long_sequence_length_gene_conversion": "19005a2b4b33b284a84cc0ad033e2d2c646f2d264fd59a5a55e3c2246a05851b", "benchmarks.Hudson.time_many_replicates": "c0f9f49074ade65f919a2db206a10f03ba6f5b53fa86dce2a6a32e96dd8a5067"}, "version": 1}