{"results": {"benchmarks.DTWF.peakmem_human_chr22": 108044288, "benchmarks.DTWF.peakmem_large_population_size": 52215808, "benchmarks.DTWF.peakmem_long_sequence_length": 55562240, "benchmarks.DTWF.peakmem_many_replicates": 44056576, "benchmarks.DTWF.time_human_chr22": {"result": [38.1512406449765], "stats": [{"ci_99": [-Infinity, Infinity], "q_25": 38.1512406449765, "q_75": 38.1512406449765, "min": 38.1512406449765, "max": 38.1512406449765, "mean": 38.1512406449765, "std": 0.0, "repeat": 1, "number": 1}]}, "benchmarks.DTWF.time_large_population_size": {"result": [11.675757593999151], "stats": [{"ci_99": [-Infinity, Infinity], "q_25": 11.675757593999151, "q_75": 11.675757593999151, "min": 11.675757593999151, "max": 11.675757593999151, "mean": 11.675757593999151, "std": 0.0, "repeat": 1, "number": 1}]}, "benchmarks.DTWF.time_long_sequence_length": {"result": [13.079631425003754], "stats": [{"ci_99": [-Infinity, Infinity], "q_25": 13.079631425003754, "q_75": 13.079631425003754, "min": 13.079631425003754, "max": 13.079631425003754, "mean": 13.079631425003754, "std": 0.0, "repeat": 1, "number": 1}]}, "benchmarks.DTWF.time_many_replicates": {"result": [51.466256553976564], "stats": [{"ci_99": [-Infinity, Infinity], "q_25": 51.466256553976564, "q_75": 51.466256553976564, "min": 51.466256553976564, "max": 51.466256553976564, "mean": 51.466256553976564, "std": 0.0, "repeat": 1, "number": 1}]}, "benchmarks.Hudson.peakmem_human_chr22": 141185024, "benchmarks.Hudson.peakmem_large_sample_size": 852455424, "benchmarks.Hudson.peakmem_long_sequence_length": 167006208, "benchmarks.Hudson.peakmem_long_sequence_length_gene_conversion": 167006208, "benchmarks.Hudson.peakmem_many_replicates": 43753472, "benchmarks.Hudson.time_human_chr22": {"result": [31.99041301998659], "stats": [{"ci_99": [-Infinity, Infinity], "q_25": 31.99041301998659, "q_75": 31.99041301998659, "min": 31.99041301998659, "max": 31.99041301998659, "mean": 31.99041301998659, "std": 0.0, "repeat": 1, "number": 1}]}, "benchmarks.Hudson.time_large_sample_size": {"result": [55.11761533599929], "stats": [{"ci_99": [-Infinity, Infinity], "q_25": 55.11761533599929, "q_75": 55.11761533599929, "min": 55.11761533599929, "max": 55.11761533599929, "mean": 55.11761533599929, "std": 0.0, "repeat": 1, "number": 1}]}, "benchmarks.Hudson.time_long_sequence_length": {"result": [49.269039139006054], "stats": [{"ci_99": [-Infinity, Infinity], "q_25": 49.269039139006054, "q_75": 49.269039139006054, "min": 49.269039139006054, "max": 49.269039139006054, "mean": 49.269039139006054, "std": 0.0, "repeat": 1, "number": 1}]}, "benchmarks.Hudson.time_long_sequence_length_gene_conversion": {"result": [50.97960044001229], "stats": [{"ci_99": [-Infinity, Infinity], "q_25": 50.97960044001229, "q_75": 50.97960044001229, "min": 50.97960044001229, "max": 50.97960044001229, "mean": 50.97960044001229, "std": 0.0, "repeat": 1, "number": 1}]}, "benchmarks.Hudson.time_many_replicates": {"result": [31.72614417600562], "stats": [{"ci_99": [-Infinity, Infinity], "q_25": 31.72614417600562, "q_75": 31.72614417600562, "min": 31.72614417600562, "max": 31.72614417600562, "mean": 31.72614417600562, "std": 0.0, "repeat": 1, "number": 1}]}}, "params": {"arch": "x86_64", "cpu": "Intel(R) Core(TM) i5-3317U CPU @ 1.70GHz", "machine": "poplar", "num_cpu": "4", "os": "Linux 3.13.0-24-generic", "ram": "3931396", "python": "3.8", "stdpopsim": ""}, "requirements": {"stdpopsim": ""}, "commit_hash": "6718266c48706f964364ced485d34c399a94c0c9", "date": 1591037734000, "env_name": "virtualenv-py3.8-stdpopsim", "python": "3.8", "profiles": {}, "started_at": {"benchmarks.DTWF.peakmem_human_chr22": 1602053800763, "benchmarks.DTWF.peakmem_large_population_size": 1602053842249, "benchmarks.DTWF.peakmem_long_sequence_length": 1602053854025, "benchmarks.DTWF.peakmem_many_replicates": 1602053866795, "benchmarks.DTWF.time_human_chr22": 1602053918323, "benchmarks.DTWF.time_large_population_size": 1602053956602, "benchmarks.DTWF.time_long_sequence_length": 1602053968378, "benchmarks.DTWF.time_many_replicates": 1602053981550, "benchmarks.Hudson.peakmem_human_chr22": 1602054033127, "benchmarks.Hudson.peakmem_large_sample_size": 1602054066395, "benchmarks.Hudson.peakmem_long_sequence_length": 1602054121348, "benchmarks.Hudson.peakmem_long_sequence_length_gene_conversion": 1602054170647, "benchmarks.Hudson.peakmem_many_replicates": 1602054221448, "benchmarks.Hudson.time_human_chr22": 1602054252943, "benchmarks.Hudson.time_large_sample_size": 1602054285054, "benchmarks.Hudson.time_long_sequence_length": 1602054340299, "benchmarks.Hudson.time_long_sequence_length_gene_conversion": 1602054389692, "benchmarks.Hudson.time_many_replicates": 1602054440795}, "ended_at": {"benchmarks.DTWF.peakmem_human_chr22": 1602053842248, "benchmarks.DTWF.peakmem_large_population_size": 1602053854024, "benchmarks.DTWF.peakmem_long_sequence_length": 1602053866795, "benchmarks.DTWF.peakmem_many_replicates": 1602053918323, "benchmarks.DTWF.time_human_chr22": 1602053956602, "benchmarks.DTWF.time_large_population_size": 1602053968378, "benchmarks.DTWF.time_long_sequence_length": 1602053981549, "benchmarks.DTWF.time_many_replicates": 1602054033127, "benchmarks.Hudson.peakmem_human_chr22": 1602054066395, "benchmarks.Hudson.peakmem_large_sample_size": 1602054121348, "benchmarks.Hudson.peakmem_long_sequence_length": 1602054170647, "benchmarks.Hudson.peakmem_long_sequence_length_gene_conversion": 1602054221447, "benchmarks.Hudson.peakmem_many_replicates": 1602054252942, "benchmarks.Hudson.time_human_chr22": 1602054285054, "benchmarks.Hudson.time_large_sample_size": 1602054340298, "benchmarks.Hudson.time_long_sequence_length": 1602054389692, "benchmarks.Hudson.time_long_sequence_length_gene_conversion": 1602054440795, "benchmarks.Hudson.time_many_replicates": 1602054472644}, "benchmark_version": {"benchmarks.DTWF.peakmem_human_chr22": "f848688127844489b5870c5598d06fc61bdb8c1a31b2c71741fb842ce4869124", "benchmarks.DTWF.peakmem_large_population_size": "1c54016f27b74e5d827e0cf71dee2587b99237d50e0c3aa5bfb1e9a54bedf712", "benchmarks.DTWF.peakmem_long_sequence_length": "72b4498a433ac926a303683be39aa07c206b25c22caa613088af6cbe51544ce9", "benchmarks.DTWF.peakmem_many_replicates": "8d591fe1a84bfd039f312aef953605c494b28ed3e3b28bd41773b5a6bbab8e13", "benchmarks.DTWF.time_human_chr22": "d016729b716d45e5a6cc8608ae18480b4f3d6192cc29f39ad8e06222786408c6", "benchmarks.DTWF.time_large_population_size": "5393d907eb6d9700c18c23789395c3a6a8aecf236b49983e2d955dccc6f793a3", "benchmarks.DTWF.time_long_sequence_length": "89860f21a2ad81e267314c086383279e852e4560e27f425d127937bd62fb83f9", "benchmarks.DTWF.time_many_replicates": "8f8fa44794e1a510a8052653f41596e3e11adbcdc838d7ca59f99bdb491be41b", "benchmarks.Hudson.peakmem_human_chr22": "20ef616d263e941e12a3089b8e8dbfee94d982362fe475e40174ebc3506b102a", "benchmarks.Hudson.peakmem_large_sample_size": "0b75d04c5ff9994c35ae62a490034e021485c38567b2699884e524931587881a", "benchmarks.Hudson.peakmem_long_sequence_length": "edd9dee8418f69b81347803203f176ff269220225a8939dc1c4bc1ab32289f94", "benchmarks.Hudson.peakmem_long_sequence_length_gene_conversion": "2236f20c5a4cc1e037abd099ce1f70d0dd2045a14914c96dcc48d0507f45e1da", "benchmarks.Hudson.peakmem_many_replicates": "b93569a722fa5396ed6631750fbdd02c7b47148d63973610f802eb69db85679e", "benchmarks.Hudson.time_human_chr22": "e648432b5c065478e09802f16a5658d37b625c204e147517826817bd6b04acb1", "benchmarks.Hudson.time_large_sample_size": "7bc273fa1975809170f8f4dd7776de03dd9993132a83866c1c135afe37e4d541", "benchmarks.Hudson.time_long_sequence_length": "0b6c7c537bd986f4e9c36c5549b8e939955cbd49901f29827e3ce763790fb3b7", "benchmarks.Hudson.time_long_sequence_length_gene_conversion": "19005a2b4b33b284a84cc0ad033e2d2c646f2d264fd59a5a55e3c2246a05851b", "benchmarks.Hudson.time_many_replicates": "c0f9f49074ade65f919a2db206a10f03ba6f5b53fa86dce2a6a32e96dd8a5067"}, "version": 1}