{"results": {"benchmarks.DTWF.peakmem_human_chr22": 107761664, "benchmarks.DTWF.peakmem_large_population_size": 53125120, "benchmarks.DTWF.peakmem_long_sequence_length": 55779328, "benchmarks.DTWF.peakmem_many_replicates": 44285952, "benchmarks.DTWF.time_human_chr22": {"result": [40.57065344200237], "stats": [{"ci_99": [-Infinity, Infinity], "q_25": 40.57065344200237, "q_75": 40.57065344200237, "min": 40.57065344200237, "max": 40.57065344200237, "mean": 40.57065344200237, "std": 0.0, "repeat": 1, "number": 1}]}, "benchmarks.DTWF.time_large_population_size": {"result": [12.409929938003188], "stats": [{"ci_99": [-Infinity, Infinity], "q_25": 12.409929938003188, "q_75": 12.409929938003188, "min": 12.409929938003188, "max": 12.409929938003188, "mean": 12.409929938003188, "std": 0.0, "repeat": 1, "number": 1}]}, "benchmarks.DTWF.time_long_sequence_length": {"result": [13.223726458003512], "stats": [{"ci_99": [-Infinity, Infinity], "q_25": 13.223726458003512, "q_75": 13.223726458003512, "min": 13.223726458003512, "max": 13.223726458003512, "mean": 13.223726458003512, "std": 0.0, "repeat": 1, "number": 1}]}, "benchmarks.DTWF.time_many_replicates": {"result": [51.83017698000185], "stats": [{"ci_99": [-Infinity, Infinity], "q_25": 51.83017698000185, "q_75": 51.83017698000185, "min": 51.83017698000185, "max": 51.83017698000185, "mean": 51.83017698000185, "std": 0.0, "repeat": 1, "number": 1}]}, "benchmarks.Hudson.peakmem_human_chr22": 142114816, "benchmarks.Hudson.peakmem_large_sample_size": 852602880, "benchmarks.Hudson.peakmem_long_sequence_length": 168112128, "benchmarks.Hudson.peakmem_long_sequence_length_gene_conversion": 169684992, "benchmarks.Hudson.peakmem_many_replicates": 44408832, "benchmarks.Hudson.time_human_chr22": {"result": [32.3010325350042], "stats": [{"ci_99": [-Infinity, Infinity], "q_25": 32.3010325350042, "q_75": 32.3010325350042, "min": 32.3010325350042, "max": 32.3010325350042, "mean": 32.3010325350042, "std": 0.0, "repeat": 1, "number": 1}]}, "benchmarks.Hudson.time_large_sample_size": {"result": [56.995405932015274], "stats": [{"ci_99": [-Infinity, Infinity], "q_25": 56.995405932015274, "q_75": 56.995405932015274, "min": 56.995405932015274, "max": 56.995405932015274, "mean": 56.995405932015274, "std": 0.0, "repeat": 1, "number": 1}]}, "benchmarks.Hudson.time_long_sequence_length": {"result": [49.91295276299934], "stats": [{"ci_99": [-Infinity, Infinity], "q_25": 49.91295276299934, "q_75": 49.91295276299934, "min": 49.91295276299934, "max": 49.91295276299934, "mean": 49.91295276299934, "std": 0.0, "repeat": 1, "number": 1}]}, "benchmarks.Hudson.time_long_sequence_length_gene_conversion": {"result": [51.72268320800504], "stats": [{"ci_99": [-Infinity, Infinity], "q_25": 51.72268320800504, "q_75": 51.72268320800504, "min": 51.72268320800504, "max": 51.72268320800504, "mean": 51.72268320800504, "std": 0.0, "repeat": 1, "number": 1}]}, "benchmarks.Hudson.time_many_replicates": {"result": [31.43730823401711], "stats": [{"ci_99": [-Infinity, Infinity], "q_25": 31.43730823401711, "q_75": 31.43730823401711, "min": 31.43730823401711, "max": 31.43730823401711, "mean": 31.43730823401711, "std": 0.0, "repeat": 1, "number": 1}]}}, "params": {"arch": "x86_64", "cpu": "Intel(R) Core(TM) i5-3317U CPU @ 1.70GHz", "machine": "poplar", "num_cpu": "4", "os": "Linux 3.13.0-24-generic", "ram": "3931396", "python": "3.8", "stdpopsim": ""}, "requirements": {"stdpopsim": ""}, "commit_hash": "70961b716b0a6c379296c8cdf335f4252f1ab5ed", "date": 1589218706000, "env_name": "virtualenv-py3.8-stdpopsim", "python": "3.8", "profiles": {}, "started_at": {"benchmarks.DTWF.peakmem_human_chr22": 1602063227491, "benchmarks.DTWF.peakmem_large_population_size": 1602063266772, "benchmarks.DTWF.peakmem_long_sequence_length": 1602063279300, "benchmarks.DTWF.peakmem_many_replicates": 1602063292622, "benchmarks.DTWF.time_human_chr22": 1602063344900, "benchmarks.DTWF.time_large_population_size": 1602063385584, "benchmarks.DTWF.time_long_sequence_length": 1602063398112, "benchmarks.DTWF.time_many_replicates": 1602063411434, "benchmarks.Hudson.peakmem_human_chr22": 1602063463362, "benchmarks.Hudson.peakmem_large_sample_size": 1602063495427, "benchmarks.Hudson.peakmem_long_sequence_length": 1602063551430, "benchmarks.Hudson.peakmem_long_sequence_length_gene_conversion": 1602063601380, "benchmarks.Hudson.peakmem_many_replicates": 1602063653535, "benchmarks.Hudson.time_human_chr22": 1602063685083, "benchmarks.Hudson.time_large_sample_size": 1602063717500, "benchmarks.Hudson.time_long_sequence_length": 1602063774605, "benchmarks.Hudson.time_long_sequence_length_gene_conversion": 1602063824656, "benchmarks.Hudson.time_many_replicates": 1602063876511}, "ended_at": {"benchmarks.DTWF.peakmem_human_chr22": 1602063266772, "benchmarks.DTWF.peakmem_large_population_size": 1602063279300, "benchmarks.DTWF.peakmem_long_sequence_length": 1602063292622, "benchmarks.DTWF.peakmem_many_replicates": 1602063344900, "benchmarks.DTWF.time_human_chr22": 1602063385584, "benchmarks.DTWF.time_large_population_size": 1602063398112, "benchmarks.DTWF.time_long_sequence_length": 1602063411434, "benchmarks.DTWF.time_many_replicates": 1602063463361, "benchmarks.Hudson.peakmem_human_chr22": 1602063495427, "benchmarks.Hudson.peakmem_large_sample_size": 1602063551430, "benchmarks.Hudson.peakmem_long_sequence_length": 1602063601380, "benchmarks.Hudson.peakmem_long_sequence_length_gene_conversion": 1602063653535, "benchmarks.Hudson.peakmem_many_replicates": 1602063685083, "benchmarks.Hudson.time_human_chr22": 1602063717500, "benchmarks.Hudson.time_large_sample_size": 1602063774605, "benchmarks.Hudson.time_long_sequence_length": 1602063824656, "benchmarks.Hudson.time_long_sequence_length_gene_conversion": 1602063876510, "benchmarks.Hudson.time_many_replicates": 1602063908059}, "benchmark_version": {"benchmarks.DTWF.peakmem_human_chr22": "f848688127844489b5870c5598d06fc61bdb8c1a31b2c71741fb842ce4869124", "benchmarks.DTWF.peakmem_large_population_size": "1c54016f27b74e5d827e0cf71dee2587b99237d50e0c3aa5bfb1e9a54bedf712", "benchmarks.DTWF.peakmem_long_sequence_length": "72b4498a433ac926a303683be39aa07c206b25c22caa613088af6cbe51544ce9", "benchmarks.DTWF.peakmem_many_replicates": "8d591fe1a84bfd039f312aef953605c494b28ed3e3b28bd41773b5a6bbab8e13", "benchmarks.DTWF.time_human_chr22": "d016729b716d45e5a6cc8608ae18480b4f3d6192cc29f39ad8e06222786408c6", "benchmarks.DTWF.time_large_population_size": "5393d907eb6d9700c18c23789395c3a6a8aecf236b49983e2d955dccc6f793a3", "benchmarks.DTWF.time_long_sequence_length": "89860f21a2ad81e267314c086383279e852e4560e27f425d127937bd62fb83f9", "benchmarks.DTWF.time_many_replicates": "8f8fa44794e1a510a8052653f41596e3e11adbcdc838d7ca59f99bdb491be41b", "benchmarks.Hudson.peakmem_human_chr22": "20ef616d263e941e12a3089b8e8dbfee94d982362fe475e40174ebc3506b102a", "benchmarks.Hudson.peakmem_large_sample_size": "0b75d04c5ff9994c35ae62a490034e021485c38567b2699884e524931587881a", "benchmarks.Hudson.peakmem_long_sequence_length": "edd9dee8418f69b81347803203f176ff269220225a8939dc1c4bc1ab32289f94", "benchmarks.Hudson.peakmem_long_sequence_length_gene_conversion": "2236f20c5a4cc1e037abd099ce1f70d0dd2045a14914c96dcc48d0507f45e1da", "benchmarks.Hudson.peakmem_many_replicates": "b93569a722fa5396ed6631750fbdd02c7b47148d63973610f802eb69db85679e", "benchmarks.Hudson.time_human_chr22": "e648432b5c065478e09802f16a5658d37b625c204e147517826817bd6b04acb1", "benchmarks.Hudson.time_large_sample_size": "7bc273fa1975809170f8f4dd7776de03dd9993132a83866c1c135afe37e4d541", "benchmarks.Hudson.time_long_sequence_length": "0b6c7c537bd986f4e9c36c5549b8e939955cbd49901f29827e3ce763790fb3b7", "benchmarks.Hudson.time_long_sequence_length_gene_conversion": "19005a2b4b33b284a84cc0ad033e2d2c646f2d264fd59a5a55e3c2246a05851b", "benchmarks.Hudson.time_many_replicates": "c0f9f49074ade65f919a2db206a10f03ba6f5b53fa86dce2a6a32e96dd8a5067"}, "version": 1}