{"results": {"benchmarks.DTWF.peakmem_human_chr22": 109871104, "benchmarks.DTWF.peakmem_large_population_size": 54456320, "benchmarks.DTWF.peakmem_long_sequence_length": 57221120, "benchmarks.DTWF.peakmem_many_replicates": 46473216, "benchmarks.DTWF.time_human_chr22": {"result": [38.54687858800753], "stats": [{"ci_99": [-Infinity, Infinity], "q_25": 38.54687858800753, "q_75": 38.54687858800753, "min": 38.54687858800753, "max": 38.54687858800753, "mean": 38.54687858800753, "std": 0.0, "repeat": 1, "number": 1}]}, "benchmarks.DTWF.time_large_population_size": {"result": [11.231631008995464], "stats": [{"ci_99": [-Infinity, Infinity], "q_25": 11.231631008995464, "q_75": 11.231631008995464, "min": 11.231631008995464, "max": 11.231631008995464, "mean": 11.231631008995464, "std": 0.0, "repeat": 1, "number": 1}]}, "benchmarks.DTWF.time_long_sequence_length": {"result": [12.094033127010334], "stats": [{"ci_99": [-Infinity, Infinity], "q_25": 12.094033127010334, "q_75": 12.094033127010334, "min": 12.094033127010334, "max": 12.094033127010334, "mean": 12.094033127010334, "std": 0.0, "repeat": 1, "number": 1}]}, "benchmarks.DTWF.time_many_replicates": {"result": [52.20435502901091], "stats": [{"ci_99": [-Infinity, Infinity], "q_25": 52.20435502901091, "q_75": 52.20435502901091, "min": 52.20435502901091, "max": 52.20435502901091, "mean": 52.20435502901091, "std": 0.0, "repeat": 1, "number": 1}]}, "benchmarks.Hudson.peakmem_human_chr22": 143339520, "benchmarks.Hudson.peakmem_large_sample_size": null, "benchmarks.Hudson.peakmem_long_sequence_length": 167501824, "benchmarks.Hudson.peakmem_long_sequence_length_gene_conversion": 168435712, "benchmarks.Hudson.peakmem_many_replicates": 46534656, "benchmarks.Hudson.time_human_chr22": {"result": [34.19516464098706], "stats": [{"ci_99": [-Infinity, Infinity], "q_25": 34.19516464098706, "q_75": 34.19516464098706, "min": 34.19516464098706, "max": 34.19516464098706, "mean": 34.19516464098706, "std": 0.0, "repeat": 1, "number": 1}]}, "benchmarks.Hudson.time_large_sample_size": null, "benchmarks.Hudson.time_long_sequence_length": {"result": [49.530413772008615], "stats": [{"ci_99": [-Infinity, Infinity], "q_25": 49.530413772008615, "q_75": 49.530413772008615, "min": 49.530413772008615, "max": 49.530413772008615, "mean": 49.530413772008615, "std": 0.0, "repeat": 1, "number": 1}]}, "benchmarks.Hudson.time_long_sequence_length_gene_conversion": {"result": [51.655848004011204], "stats": [{"ci_99": [-Infinity, Infinity], "q_25": 51.655848004011204, "q_75": 51.655848004011204, "min": 51.655848004011204, "max": 51.655848004011204, "mean": 51.655848004011204, "std": 0.0, "repeat": 1, "number": 1}]}, "benchmarks.Hudson.time_many_replicates": {"result": [32.774294601986185], "stats": [{"ci_99": [-Infinity, Infinity], "q_25": 32.774294601986185, "q_75": 32.774294601986185, "min": 32.774294601986185, "max": 32.774294601986185, "mean": 32.774294601986185, "std": 0.0, "repeat": 1, "number": 1}]}}, "params": {"arch": "x86_64", "cpu": "Intel(R) Core(TM) i5-3317U CPU @ 1.70GHz", "machine": "poplar", "num_cpu": "4", "os": "Linux 3.13.0-24-generic", "ram": "3931396", "python": "3.8", "stdpopsim": ""}, "requirements": {"stdpopsim": ""}, "commit_hash": "7566b9a15b2db43ae094169bf537c5c3f54ce869", "date": 1598272353000, "env_name": "virtualenv-py3.8-stdpopsim", "python": "3.8", "profiles": {}, "started_at": {"benchmarks.DTWF.peakmem_human_chr22": 1602012961493, "benchmarks.DTWF.peakmem_large_population_size": 1602013000323, "benchmarks.DTWF.peakmem_long_sequence_length": 1602013011699, "benchmarks.DTWF.peakmem_many_replicates": 1602013024069, "benchmarks.DTWF.time_human_chr22": 1602013076348, "benchmarks.DTWF.time_large_population_size": 1602013115028, "benchmarks.DTWF.time_long_sequence_length": 1602013126353, "benchmarks.DTWF.time_many_replicates": 1602013138573, "benchmarks.Hudson.peakmem_human_chr22": 1602013190902, "benchmarks.Hudson.peakmem_large_sample_size": 1602013225372, "benchmarks.Hudson.peakmem_long_sequence_length": 1602013345470, "benchmarks.Hudson.peakmem_long_sequence_length_gene_conversion": 1602013395771, "benchmarks.Hudson.peakmem_many_replicates": 1602013447474, "benchmarks.Hudson.time_human_chr22": 1602013480274, "benchmarks.Hudson.time_large_sample_size": 1602013514593, "benchmarks.Hudson.time_long_sequence_length": 1602013634696, "benchmarks.Hudson.time_long_sequence_length_gene_conversion": 1602013684344, "benchmarks.Hudson.time_many_replicates": 1602013736098}, "ended_at": {"benchmarks.DTWF.peakmem_human_chr22": 1602013000323, "benchmarks.DTWF.peakmem_large_population_size": 1602013011699, "benchmarks.DTWF.peakmem_long_sequence_length": 1602013024069, "benchmarks.DTWF.peakmem_many_replicates": 1602013076347, "benchmarks.DTWF.time_human_chr22": 1602013115027, "benchmarks.DTWF.time_large_population_size": 1602013126353, "benchmarks.DTWF.time_long_sequence_length": 1602013138573, "benchmarks.DTWF.time_many_replicates": 1602013190902, "benchmarks.Hudson.peakmem_human_chr22": 1602013225372, "benchmarks.Hudson.peakmem_large_sample_size": 1602013345470, "benchmarks.Hudson.peakmem_long_sequence_length": 1602013395771, "benchmarks.Hudson.peakmem_long_sequence_length_gene_conversion": 1602013447474, "benchmarks.Hudson.peakmem_many_replicates": 1602013480274, "benchmarks.Hudson.time_human_chr22": 1602013514593, "benchmarks.Hudson.time_large_sample_size": 1602013634695, "benchmarks.Hudson.time_long_sequence_length": 1602013684344, "benchmarks.Hudson.time_long_sequence_length_gene_conversion": 1602013736098, "benchmarks.Hudson.time_many_replicates": 1602013768998}, "benchmark_version": {"benchmarks.DTWF.peakmem_human_chr22": "f848688127844489b5870c5598d06fc61bdb8c1a31b2c71741fb842ce4869124", "benchmarks.DTWF.peakmem_large_population_size": "1c54016f27b74e5d827e0cf71dee2587b99237d50e0c3aa5bfb1e9a54bedf712", "benchmarks.DTWF.peakmem_long_sequence_length": "72b4498a433ac926a303683be39aa07c206b25c22caa613088af6cbe51544ce9", "benchmarks.DTWF.peakmem_many_replicates": "8d591fe1a84bfd039f312aef953605c494b28ed3e3b28bd41773b5a6bbab8e13", "benchmarks.DTWF.time_human_chr22": "d016729b716d45e5a6cc8608ae18480b4f3d6192cc29f39ad8e06222786408c6", "benchmarks.DTWF.time_large_population_size": "5393d907eb6d9700c18c23789395c3a6a8aecf236b49983e2d955dccc6f793a3", "benchmarks.DTWF.time_long_sequence_length": "89860f21a2ad81e267314c086383279e852e4560e27f425d127937bd62fb83f9", "benchmarks.DTWF.time_many_replicates": "8f8fa44794e1a510a8052653f41596e3e11adbcdc838d7ca59f99bdb491be41b", "benchmarks.Hudson.peakmem_human_chr22": "20ef616d263e941e12a3089b8e8dbfee94d982362fe475e40174ebc3506b102a", "benchmarks.Hudson.peakmem_large_sample_size": "0b75d04c5ff9994c35ae62a490034e021485c38567b2699884e524931587881a", "benchmarks.Hudson.peakmem_long_sequence_length": "edd9dee8418f69b81347803203f176ff269220225a8939dc1c4bc1ab32289f94", "benchmarks.Hudson.peakmem_long_sequence_length_gene_conversion": "2236f20c5a4cc1e037abd099ce1f70d0dd2045a14914c96dcc48d0507f45e1da", "benchmarks.Hudson.peakmem_many_replicates": "b93569a722fa5396ed6631750fbdd02c7b47148d63973610f802eb69db85679e", "benchmarks.Hudson.time_human_chr22": "e648432b5c065478e09802f16a5658d37b625c204e147517826817bd6b04acb1", "benchmarks.Hudson.time_large_sample_size": "7bc273fa1975809170f8f4dd7776de03dd9993132a83866c1c135afe37e4d541", "benchmarks.Hudson.time_long_sequence_length": "0b6c7c537bd986f4e9c36c5549b8e939955cbd49901f29827e3ce763790fb3b7", "benchmarks.Hudson.time_long_sequence_length_gene_conversion": "19005a2b4b33b284a84cc0ad033e2d2c646f2d264fd59a5a55e3c2246a05851b", "benchmarks.Hudson.time_many_replicates": "c0f9f49074ade65f919a2db206a10f03ba6f5b53fa86dce2a6a32e96dd8a5067"}, "version": 1}