{"results": {"benchmarks.DTWF.peakmem_human_chr22": 101318656, "benchmarks.DTWF.peakmem_large_population_size": null, "benchmarks.DTWF.peakmem_long_sequence_length": 53968896, "benchmarks.DTWF.peakmem_many_replicates": null, "benchmarks.DTWF.time_human_chr22": {"result": [97.78198872599751], "stats": [{"ci_99": [-Infinity, Infinity], "q_25": 97.78198872599751, "q_75": 97.78198872599751, "min": 97.78198872599751, "max": 97.78198872599751, "mean": 97.78198872599751, "std": 0.0, "repeat": 1, "number": 1}]}, "benchmarks.DTWF.time_large_population_size": null, "benchmarks.DTWF.time_long_sequence_length": {"result": [95.78984400600893], "stats": [{"ci_99": [-Infinity, Infinity], "q_25": 95.78984400600893, "q_75": 95.78984400600893, "min": 95.78984400600893, "max": 95.78984400600893, "mean": 95.78984400600893, "std": 0.0, "repeat": 1, "number": 1}]}, "benchmarks.DTWF.time_many_replicates": null, "benchmarks.Hudson.peakmem_human_chr22": 133713920, "benchmarks.Hudson.peakmem_large_sample_size": 793272320, "benchmarks.Hudson.peakmem_long_sequence_length": 162009088, "benchmarks.Hudson.peakmem_long_sequence_length_gene_conversion": 162009088, "benchmarks.Hudson.peakmem_many_replicates": 42905600, "benchmarks.Hudson.time_human_chr22": {"result": [58.33286817697808], "stats": [{"ci_99": [-Infinity, Infinity], "q_25": 58.33286817697808, "q_75": 58.33286817697808, "min": 58.33286817697808, "max": 58.33286817697808, "mean": 58.33286817697808, "std": 0.0, "repeat": 1, "number": 1}]}, "benchmarks.Hudson.time_large_sample_size": {"result": [53.5116883009905], "stats": [{"ci_99": [-Infinity, Infinity], "q_25": 53.5116883009905, "q_75": 53.5116883009905, "min": 53.5116883009905, "max": 53.5116883009905, "mean": 53.5116883009905, "std": 0.0, "repeat": 1, "number": 1}]}, "benchmarks.Hudson.time_long_sequence_length": {"result": [44.56570812698919], "stats": [{"ci_99": [-Infinity, Infinity], "q_25": 44.56570812698919, "q_75": 44.56570812698919, "min": 44.56570812698919, "max": 44.56570812698919, "mean": 44.56570812698919, "std": 0.0, "repeat": 1, "number": 1}]}, "benchmarks.Hudson.time_long_sequence_length_gene_conversion": {"result": [47.43690711102681], "stats": [{"ci_99": [-Infinity, Infinity], "q_25": 47.43690711102681, "q_75": 47.43690711102681, "min": 47.43690711102681, "max": 47.43690711102681, "mean": 47.43690711102681, "std": 0.0, "repeat": 1, "number": 1}]}, "benchmarks.Hudson.time_many_replicates": {"result": [30.82101515994873], "stats": [{"ci_99": [-Infinity, Infinity], "q_25": 30.82101515994873, "q_75": 30.82101515994873, "min": 30.82101515994873, "max": 30.82101515994873, "mean": 30.82101515994873, "std": 0.0, "repeat": 1, "number": 1}]}}, "params": {"arch": "x86_64", "cpu": "Intel(R) Core(TM) i5-3317U CPU @ 1.70GHz", "machine": "poplar", "num_cpu": "4", "os": "Linux 3.13.0-24-generic", "ram": "3931396", "python": "3.8", "stdpopsim": ""}, "requirements": {"stdpopsim": ""}, "commit_hash": "78d88d67de9cc8f517c67ab5a22936022abf6f2d", "date": 1578910905000, "env_name": "virtualenv-py3.8-stdpopsim", "python": "3.8", "profiles": {}, "started_at": {"benchmarks.DTWF.peakmem_human_chr22": 1602150414472, "benchmarks.DTWF.peakmem_large_population_size": 1602150513067, "benchmarks.DTWF.peakmem_long_sequence_length": 1602150633134, "benchmarks.DTWF.peakmem_many_replicates": 1602150729325, "benchmarks.DTWF.time_human_chr22": 1602150849401, "benchmarks.DTWF.time_large_population_size": 1602150947297, "benchmarks.DTWF.time_long_sequence_length": 1602151067367, "benchmarks.DTWF.time_many_replicates": 1602151163258, "benchmarks.Hudson.peakmem_human_chr22": 1602151283334, "benchmarks.Hudson.peakmem_large_sample_size": 1602151340296, "benchmarks.Hudson.peakmem_long_sequence_length": 1602151399405, "benchmarks.Hudson.peakmem_long_sequence_length_gene_conversion": 1602151444893, "benchmarks.Hudson.peakmem_many_replicates": 1602151493683, "benchmarks.Hudson.time_human_chr22": 1602151524627, "benchmarks.Hudson.time_large_sample_size": 1602151583083, "benchmarks.Hudson.time_long_sequence_length": 1602151636680, "benchmarks.Hudson.time_long_sequence_length_gene_conversion": 1602151681370, "benchmarks.Hudson.time_many_replicates": 1602151728915}, "ended_at": {"benchmarks.DTWF.peakmem_human_chr22": 1602150513066, "benchmarks.DTWF.peakmem_large_population_size": 1602150633133, "benchmarks.DTWF.peakmem_long_sequence_length": 1602150729325, "benchmarks.DTWF.peakmem_many_replicates": 1602150849401, "benchmarks.DTWF.time_human_chr22": 1602150947296, "benchmarks.DTWF.time_large_population_size": 1602151067367, "benchmarks.DTWF.time_long_sequence_length": 1602151163258, "benchmarks.DTWF.time_many_replicates": 1602151283333, "benchmarks.Hudson.peakmem_human_chr22": 1602151340296, "benchmarks.Hudson.peakmem_large_sample_size": 1602151399405, "benchmarks.Hudson.peakmem_long_sequence_length": 1602151444893, "benchmarks.Hudson.peakmem_long_sequence_length_gene_conversion": 1602151493683, "benchmarks.Hudson.peakmem_many_replicates": 1602151524627, "benchmarks.Hudson.time_human_chr22": 1602151583082, "benchmarks.Hudson.time_large_sample_size": 1602151636680, "benchmarks.Hudson.time_long_sequence_length": 1602151681370, "benchmarks.Hudson.time_long_sequence_length_gene_conversion": 1602151728915, "benchmarks.Hudson.time_many_replicates": 1602151759862}, "benchmark_version": {"benchmarks.DTWF.peakmem_human_chr22": "f848688127844489b5870c5598d06fc61bdb8c1a31b2c71741fb842ce4869124", "benchmarks.DTWF.peakmem_large_population_size": "1c54016f27b74e5d827e0cf71dee2587b99237d50e0c3aa5bfb1e9a54bedf712", "benchmarks.DTWF.peakmem_long_sequence_length": "72b4498a433ac926a303683be39aa07c206b25c22caa613088af6cbe51544ce9", "benchmarks.DTWF.peakmem_many_replicates": "8d591fe1a84bfd039f312aef953605c494b28ed3e3b28bd41773b5a6bbab8e13", "benchmarks.DTWF.time_human_chr22": "d016729b716d45e5a6cc8608ae18480b4f3d6192cc29f39ad8e06222786408c6", "benchmarks.DTWF.time_large_population_size": "5393d907eb6d9700c18c23789395c3a6a8aecf236b49983e2d955dccc6f793a3", "benchmarks.DTWF.time_long_sequence_length": "89860f21a2ad81e267314c086383279e852e4560e27f425d127937bd62fb83f9", "benchmarks.DTWF.time_many_replicates": "8f8fa44794e1a510a8052653f41596e3e11adbcdc838d7ca59f99bdb491be41b", "benchmarks.Hudson.peakmem_human_chr22": "20ef616d263e941e12a3089b8e8dbfee94d982362fe475e40174ebc3506b102a", "benchmarks.Hudson.peakmem_large_sample_size": "0b75d04c5ff9994c35ae62a490034e021485c38567b2699884e524931587881a", "benchmarks.Hudson.peakmem_long_sequence_length": "edd9dee8418f69b81347803203f176ff269220225a8939dc1c4bc1ab32289f94", "benchmarks.Hudson.peakmem_long_sequence_length_gene_conversion": "2236f20c5a4cc1e037abd099ce1f70d0dd2045a14914c96dcc48d0507f45e1da", "benchmarks.Hudson.peakmem_many_replicates": "b93569a722fa5396ed6631750fbdd02c7b47148d63973610f802eb69db85679e", "benchmarks.Hudson.time_human_chr22": "e648432b5c065478e09802f16a5658d37b625c204e147517826817bd6b04acb1", "benchmarks.Hudson.time_large_sample_size": "7bc273fa1975809170f8f4dd7776de03dd9993132a83866c1c135afe37e4d541", "benchmarks.Hudson.time_long_sequence_length": "0b6c7c537bd986f4e9c36c5549b8e939955cbd49901f29827e3ce763790fb3b7", "benchmarks.Hudson.time_long_sequence_length_gene_conversion": "19005a2b4b33b284a84cc0ad033e2d2c646f2d264fd59a5a55e3c2246a05851b", "benchmarks.Hudson.time_many_replicates": "c0f9f49074ade65f919a2db206a10f03ba6f5b53fa86dce2a6a32e96dd8a5067"}, "version": 1}