{"results": {"benchmarks.DTWF.peakmem_human_chr22": 109772800, "benchmarks.DTWF.peakmem_large_population_size": 54587392, "benchmarks.DTWF.peakmem_long_sequence_length": 56320000, "benchmarks.DTWF.peakmem_many_replicates": 47214592, "benchmarks.DTWF.time_human_chr22": {"result": [39.22356582299108], "stats": [{"ci_99": [-Infinity, Infinity], "q_25": 39.22356582299108, "q_75": 39.22356582299108, "min": 39.22356582299108, "max": 39.22356582299108, "mean": 39.22356582299108, "std": 0.0, "repeat": 1, "number": 1}]}, "benchmarks.DTWF.time_large_population_size": {"result": [11.619882815983146], "stats": [{"ci_99": [-Infinity, Infinity], "q_25": 11.619882815983146, "q_75": 11.619882815983146, "min": 11.619882815983146, "max": 11.619882815983146, "mean": 11.619882815983146, "std": 0.0, "repeat": 1, "number": 1}]}, "benchmarks.DTWF.time_long_sequence_length": {"result": [12.384784062975086], "stats": [{"ci_99": [-Infinity, Infinity], "q_25": 12.384784062975086, "q_75": 12.384784062975086, "min": 12.384784062975086, "max": 12.384784062975086, "mean": 12.384784062975086, "std": 0.0, "repeat": 1, "number": 1}]}, "benchmarks.DTWF.time_many_replicates": {"result": [52.775976259988965], "stats": [{"ci_99": [-Infinity, Infinity], "q_25": 52.775976259988965, "q_75": 52.775976259988965, "min": 52.775976259988965, "max": 52.775976259988965, "mean": 52.775976259988965, "std": 0.0, "repeat": 1, "number": 1}]}, "benchmarks.Hudson.peakmem_human_chr22": 143273984, "benchmarks.Hudson.peakmem_large_sample_size": null, "benchmarks.Hudson.peakmem_long_sequence_length": 167534592, "benchmarks.Hudson.peakmem_long_sequence_length_gene_conversion": 169009152, "benchmarks.Hudson.peakmem_many_replicates": 47337472, "benchmarks.Hudson.time_human_chr22": {"result": [34.31641505600419], "stats": [{"ci_99": [-Infinity, Infinity], "q_25": 34.31641505600419, "q_75": 34.31641505600419, "min": 34.31641505600419, "max": 34.31641505600419, "mean": 34.31641505600419, "std": 0.0, "repeat": 1, "number": 1}]}, "benchmarks.Hudson.time_large_sample_size": null, "benchmarks.Hudson.time_long_sequence_length": {"result": [49.80964957398828], "stats": [{"ci_99": [-Infinity, Infinity], "q_25": 49.80964957398828, "q_75": 49.80964957398828, "min": 49.80964957398828, "max": 49.80964957398828, "mean": 49.80964957398828, "std": 0.0, "repeat": 1, "number": 1}]}, "benchmarks.Hudson.time_long_sequence_length_gene_conversion": {"result": [51.28253709999262], "stats": [{"ci_99": [-Infinity, Infinity], "q_25": 51.28253709999262, "q_75": 51.28253709999262, "min": 51.28253709999262, "max": 51.28253709999262, "mean": 51.28253709999262, "std": 0.0, "repeat": 1, "number": 1}]}, "benchmarks.Hudson.time_many_replicates": {"result": [32.922074359987164], "stats": [{"ci_99": [-Infinity, Infinity], "q_25": 32.922074359987164, "q_75": 32.922074359987164, "min": 32.922074359987164, "max": 32.922074359987164, "mean": 32.922074359987164, "std": 0.0, "repeat": 1, "number": 1}]}}, "params": {"arch": "x86_64", "cpu": "Intel(R) Core(TM) i5-3317U CPU @ 1.70GHz", "machine": "poplar", "num_cpu": "4", "os": "Linux 3.13.0-24-generic", "ram": "3931396", "python": "3.8", "stdpopsim": ""}, "requirements": {"stdpopsim": ""}, "commit_hash": "790f7dc67e1949ca5e04bd81d443f7c2ed2fd794", "date": 1598461135000, "env_name": "virtualenv-py3.8-stdpopsim", "python": "3.8", "profiles": {}, "started_at": {"benchmarks.DTWF.peakmem_human_chr22": 1602010186899, "benchmarks.DTWF.peakmem_large_population_size": 1602010224727, "benchmarks.DTWF.peakmem_long_sequence_length": 1602010236453, "benchmarks.DTWF.peakmem_many_replicates": 1602010249224, "benchmarks.DTWF.time_human_chr22": 1602010302003, "benchmarks.DTWF.time_large_population_size": 1602010341334, "benchmarks.DTWF.time_long_sequence_length": 1602010353060, "benchmarks.DTWF.time_many_replicates": 1602010365581, "benchmarks.Hudson.peakmem_human_chr22": 1602010418460, "benchmarks.Hudson.peakmem_large_sample_size": 1602010452228, "benchmarks.Hudson.peakmem_long_sequence_length": 1602010572327, "benchmarks.Hudson.peakmem_long_sequence_length_gene_conversion": 1602010622528, "benchmarks.Hudson.peakmem_many_replicates": 1602010673979, "benchmarks.Hudson.time_human_chr22": 1602010706829, "benchmarks.Hudson.time_large_sample_size": 1602010741248, "benchmarks.Hudson.time_long_sequence_length": 1602010861350, "benchmarks.Hudson.time_long_sequence_length_gene_conversion": 1602010911299, "benchmarks.Hudson.time_many_replicates": 1602010962701}, "ended_at": {"benchmarks.DTWF.peakmem_human_chr22": 1602010224727, "benchmarks.DTWF.peakmem_large_population_size": 1602010236453, "benchmarks.DTWF.peakmem_long_sequence_length": 1602010249224, "benchmarks.DTWF.peakmem_many_replicates": 1602010302003, "benchmarks.DTWF.time_human_chr22": 1602010341334, "benchmarks.DTWF.time_large_population_size": 1602010353060, "benchmarks.DTWF.time_long_sequence_length": 1602010365581, "benchmarks.DTWF.time_many_replicates": 1602010418460, "benchmarks.Hudson.peakmem_human_chr22": 1602010452228, "benchmarks.Hudson.peakmem_large_sample_size": 1602010572326, "benchmarks.Hudson.peakmem_long_sequence_length": 1602010622527, "benchmarks.Hudson.peakmem_long_sequence_length_gene_conversion": 1602010673979, "benchmarks.Hudson.peakmem_many_replicates": 1602010706829, "benchmarks.Hudson.time_human_chr22": 1602010741248, "benchmarks.Hudson.time_large_sample_size": 1602010861350, "benchmarks.Hudson.time_long_sequence_length": 1602010911299, "benchmarks.Hudson.time_long_sequence_length_gene_conversion": 1602010962701, "benchmarks.Hudson.time_many_replicates": 1602010995751}, "benchmark_version": {"benchmarks.DTWF.peakmem_human_chr22": "f848688127844489b5870c5598d06fc61bdb8c1a31b2c71741fb842ce4869124", "benchmarks.DTWF.peakmem_large_population_size": "1c54016f27b74e5d827e0cf71dee2587b99237d50e0c3aa5bfb1e9a54bedf712", "benchmarks.DTWF.peakmem_long_sequence_length": "72b4498a433ac926a303683be39aa07c206b25c22caa613088af6cbe51544ce9", "benchmarks.DTWF.peakmem_many_replicates": "8d591fe1a84bfd039f312aef953605c494b28ed3e3b28bd41773b5a6bbab8e13", "benchmarks.DTWF.time_human_chr22": "d016729b716d45e5a6cc8608ae18480b4f3d6192cc29f39ad8e06222786408c6", "benchmarks.DTWF.time_large_population_size": "5393d907eb6d9700c18c23789395c3a6a8aecf236b49983e2d955dccc6f793a3", "benchmarks.DTWF.time_long_sequence_length": "89860f21a2ad81e267314c086383279e852e4560e27f425d127937bd62fb83f9", "benchmarks.DTWF.time_many_replicates": "8f8fa44794e1a510a8052653f41596e3e11adbcdc838d7ca59f99bdb491be41b", "benchmarks.Hudson.peakmem_human_chr22": "20ef616d263e941e12a3089b8e8dbfee94d982362fe475e40174ebc3506b102a", "benchmarks.Hudson.peakmem_large_sample_size": "0b75d04c5ff9994c35ae62a490034e021485c38567b2699884e524931587881a", "benchmarks.Hudson.peakmem_long_sequence_length": "edd9dee8418f69b81347803203f176ff269220225a8939dc1c4bc1ab32289f94", "benchmarks.Hudson.peakmem_long_sequence_length_gene_conversion": "2236f20c5a4cc1e037abd099ce1f70d0dd2045a14914c96dcc48d0507f45e1da", "benchmarks.Hudson.peakmem_many_replicates": "b93569a722fa5396ed6631750fbdd02c7b47148d63973610f802eb69db85679e", "benchmarks.Hudson.time_human_chr22": "e648432b5c065478e09802f16a5658d37b625c204e147517826817bd6b04acb1", "benchmarks.Hudson.time_large_sample_size": "7bc273fa1975809170f8f4dd7776de03dd9993132a83866c1c135afe37e4d541", "benchmarks.Hudson.time_long_sequence_length": "0b6c7c537bd986f4e9c36c5549b8e939955cbd49901f29827e3ce763790fb3b7", "benchmarks.Hudson.time_long_sequence_length_gene_conversion": "19005a2b4b33b284a84cc0ad033e2d2c646f2d264fd59a5a55e3c2246a05851b", "benchmarks.Hudson.time_many_replicates": "c0f9f49074ade65f919a2db206a10f03ba6f5b53fa86dce2a6a32e96dd8a5067"}, "version": 1}