{"results": {"benchmarks.DTWF.peakmem_human_chr22": 110178304, "benchmarks.DTWF.peakmem_large_population_size": 52441088, "benchmarks.DTWF.peakmem_long_sequence_length": 56512512, "benchmarks.DTWF.peakmem_many_replicates": 45252608, "benchmarks.DTWF.time_human_chr22": {"result": [37.12149546600995], "stats": [{"ci_99": [-Infinity, Infinity], "q_25": 37.12149546600995, "q_75": 37.12149546600995, "min": 37.12149546600995, "max": 37.12149546600995, "mean": 37.12149546600995, "std": 0.0, "repeat": 1, "number": 1}]}, "benchmarks.DTWF.time_large_population_size": {"result": [11.256254532985622], "stats": [{"ci_99": [-Infinity, Infinity], "q_25": 11.256254532985622, "q_75": 11.256254532985622, "min": 11.256254532985622, "max": 11.256254532985622, "mean": 11.256254532985622, "std": 0.0, "repeat": 1, "number": 1}]}, "benchmarks.DTWF.time_long_sequence_length": {"result": [12.415331029973458], "stats": [{"ci_99": [-Infinity, Infinity], "q_25": 12.415331029973458, "q_75": 12.415331029973458, "min": 12.415331029973458, "max": 12.415331029973458, "mean": 12.415331029973458, "std": 0.0, "repeat": 1, "number": 1}]}, "benchmarks.DTWF.time_many_replicates": {"result": [51.39203826099401], "stats": [{"ci_99": [-Infinity, Infinity], "q_25": 51.39203826099401, "q_75": 51.39203826099401, "min": 51.39203826099401, "max": 51.39203826099401, "mean": 51.39203826099401, "std": 0.0, "repeat": 1, "number": 1}]}, "benchmarks.Hudson.peakmem_human_chr22": 144048128, "benchmarks.Hudson.peakmem_large_sample_size": 844689408, "benchmarks.Hudson.peakmem_long_sequence_length": 165654528, "benchmarks.Hudson.peakmem_long_sequence_length_gene_conversion": 168390656, "benchmarks.Hudson.peakmem_many_replicates": 45043712, "benchmarks.Hudson.time_human_chr22": {"result": [32.93288099701749], "stats": [{"ci_99": [-Infinity, Infinity], "q_25": 32.93288099701749, "q_75": 32.93288099701749, "min": 32.93288099701749, "max": 32.93288099701749, "mean": 32.93288099701749, "std": 0.0, "repeat": 1, "number": 1}]}, "benchmarks.Hudson.time_large_sample_size": {"result": [55.43442461700761], "stats": [{"ci_99": [-Infinity, Infinity], "q_25": 55.43442461700761, "q_75": 55.43442461700761, "min": 55.43442461700761, "max": 55.43442461700761, "mean": 55.43442461700761, "std": 0.0, "repeat": 1, "number": 1}]}, "benchmarks.Hudson.time_long_sequence_length": {"result": [51.5507334919821], "stats": [{"ci_99": [-Infinity, Infinity], "q_25": 51.5507334919821, "q_75": 51.5507334919821, "min": 51.5507334919821, "max": 51.5507334919821, "mean": 51.5507334919821, "std": 0.0, "repeat": 1, "number": 1}]}, "benchmarks.Hudson.time_long_sequence_length_gene_conversion": {"result": [52.07356501900358], "stats": [{"ci_99": [-Infinity, Infinity], "q_25": 52.07356501900358, "q_75": 52.07356501900358, "min": 52.07356501900358, "max": 52.07356501900358, "mean": 52.07356501900358, "std": 0.0, "repeat": 1, "number": 1}]}, "benchmarks.Hudson.time_many_replicates": {"result": [31.841371315997094], "stats": [{"ci_99": [-Infinity, Infinity], "q_25": 31.841371315997094, "q_75": 31.841371315997094, "min": 31.841371315997094, "max": 31.841371315997094, "mean": 31.841371315997094, "std": 0.0, "repeat": 1, "number": 1}]}}, "params": {"arch": "x86_64", "cpu": "Intel(R) Core(TM) i5-3317U CPU @ 1.70GHz", "machine": "poplar", "num_cpu": "4", "os": "Linux 3.13.0-24-generic", "ram": "3931396", "python": "3.8", "stdpopsim": ""}, "requirements": {"stdpopsim": ""}, "commit_hash": "7aa947e9119b7e2b78cae31b1a76186fb8dceaa2", "date": 1593676617000, "env_name": "virtualenv-py3.8-stdpopsim", "python": "3.8", "profiles": {}, "started_at": {"benchmarks.DTWF.peakmem_human_chr22": 1602035131205, "benchmarks.DTWF.peakmem_large_population_size": 1602035168583, "benchmarks.DTWF.peakmem_long_sequence_length": 1602035180009, "benchmarks.DTWF.peakmem_many_replicates": 1602035192630, "benchmarks.DTWF.time_human_chr22": 1602035244407, "benchmarks.DTWF.time_large_population_size": 1602035281634, "benchmarks.DTWF.time_long_sequence_length": 1602035293010, "benchmarks.DTWF.time_many_replicates": 1602035305530, "benchmarks.Hudson.peakmem_human_chr22": 1602035357057, "benchmarks.Hudson.peakmem_large_sample_size": 1602035390075, "benchmarks.Hudson.peakmem_long_sequence_length": 1602035444424, "benchmarks.Hudson.peakmem_long_sequence_length_gene_conversion": 1602035493873, "benchmarks.Hudson.peakmem_many_replicates": 1602035545877, "benchmarks.Hudson.time_human_chr22": 1602035578076, "benchmarks.Hudson.time_large_sample_size": 1602035611144, "benchmarks.Hudson.time_long_sequence_length": 1602035666696, "benchmarks.Hudson.time_long_sequence_length_gene_conversion": 1602035718349, "benchmarks.Hudson.time_many_replicates": 1602035770555}, "ended_at": {"benchmarks.DTWF.peakmem_human_chr22": 1602035168583, "benchmarks.DTWF.peakmem_large_population_size": 1602035180009, "benchmarks.DTWF.peakmem_long_sequence_length": 1602035192629, "benchmarks.DTWF.peakmem_many_replicates": 1602035244407, "benchmarks.DTWF.time_human_chr22": 1602035281634, "benchmarks.DTWF.time_large_population_size": 1602035293010, "benchmarks.DTWF.time_long_sequence_length": 1602035305530, "benchmarks.DTWF.time_many_replicates": 1602035357057, "benchmarks.Hudson.peakmem_human_chr22": 1602035390075, "benchmarks.Hudson.peakmem_large_sample_size": 1602035444424, "benchmarks.Hudson.peakmem_long_sequence_length": 1602035493873, "benchmarks.Hudson.peakmem_long_sequence_length_gene_conversion": 1602035545877, "benchmarks.Hudson.peakmem_many_replicates": 1602035578076, "benchmarks.Hudson.time_human_chr22": 1602035611143, "benchmarks.Hudson.time_large_sample_size": 1602035666696, "benchmarks.Hudson.time_long_sequence_length": 1602035718349, "benchmarks.Hudson.time_long_sequence_length_gene_conversion": 1602035770554, "benchmarks.Hudson.time_many_replicates": 1602035802503}, "benchmark_version": {"benchmarks.DTWF.peakmem_human_chr22": "f848688127844489b5870c5598d06fc61bdb8c1a31b2c71741fb842ce4869124", "benchmarks.DTWF.peakmem_large_population_size": "1c54016f27b74e5d827e0cf71dee2587b99237d50e0c3aa5bfb1e9a54bedf712", "benchmarks.DTWF.peakmem_long_sequence_length": "72b4498a433ac926a303683be39aa07c206b25c22caa613088af6cbe51544ce9", "benchmarks.DTWF.peakmem_many_replicates": "8d591fe1a84bfd039f312aef953605c494b28ed3e3b28bd41773b5a6bbab8e13", "benchmarks.DTWF.time_human_chr22": "d016729b716d45e5a6cc8608ae18480b4f3d6192cc29f39ad8e06222786408c6", "benchmarks.DTWF.time_large_population_size": "5393d907eb6d9700c18c23789395c3a6a8aecf236b49983e2d955dccc6f793a3", "benchmarks.DTWF.time_long_sequence_length": "89860f21a2ad81e267314c086383279e852e4560e27f425d127937bd62fb83f9", "benchmarks.DTWF.time_many_replicates": "8f8fa44794e1a510a8052653f41596e3e11adbcdc838d7ca59f99bdb491be41b", "benchmarks.Hudson.peakmem_human_chr22": "20ef616d263e941e12a3089b8e8dbfee94d982362fe475e40174ebc3506b102a", "benchmarks.Hudson.peakmem_large_sample_size": "0b75d04c5ff9994c35ae62a490034e021485c38567b2699884e524931587881a", "benchmarks.Hudson.peakmem_long_sequence_length": "edd9dee8418f69b81347803203f176ff269220225a8939dc1c4bc1ab32289f94", "benchmarks.Hudson.peakmem_long_sequence_length_gene_conversion": "2236f20c5a4cc1e037abd099ce1f70d0dd2045a14914c96dcc48d0507f45e1da", "benchmarks.Hudson.peakmem_many_replicates": "b93569a722fa5396ed6631750fbdd02c7b47148d63973610f802eb69db85679e", "benchmarks.Hudson.time_human_chr22": "e648432b5c065478e09802f16a5658d37b625c204e147517826817bd6b04acb1", "benchmarks.Hudson.time_large_sample_size": "7bc273fa1975809170f8f4dd7776de03dd9993132a83866c1c135afe37e4d541", "benchmarks.Hudson.time_long_sequence_length": "0b6c7c537bd986f4e9c36c5549b8e939955cbd49901f29827e3ce763790fb3b7", "benchmarks.Hudson.time_long_sequence_length_gene_conversion": "19005a2b4b33b284a84cc0ad033e2d2c646f2d264fd59a5a55e3c2246a05851b", "benchmarks.Hudson.time_many_replicates": "c0f9f49074ade65f919a2db206a10f03ba6f5b53fa86dce2a6a32e96dd8a5067"}, "version": 1}