{"results": {"benchmarks.DTWF.peakmem_human_chr22": 112263168, "benchmarks.DTWF.peakmem_large_population_size": 54636544, "benchmarks.DTWF.peakmem_long_sequence_length": 57946112, "benchmarks.DTWF.peakmem_many_replicates": 47570944, "benchmarks.DTWF.time_human_chr22": {"result": [37.32629717802047], "stats": [{"ci_99": [-Infinity, Infinity], "q_25": 37.32629717802047, "q_75": 37.32629717802047, "min": 37.32629717802047, "max": 37.32629717802047, "mean": 37.32629717802047, "std": 0.0, "repeat": 1, "number": 1}]}, "benchmarks.DTWF.time_large_population_size": {"result": [11.236184253997635], "stats": [{"ci_99": [-Infinity, Infinity], "q_25": 11.236184253997635, "q_75": 11.236184253997635, "min": 11.236184253997635, "max": 11.236184253997635, "mean": 11.236184253997635, "std": 0.0, "repeat": 1, "number": 1}]}, "benchmarks.DTWF.time_long_sequence_length": {"result": [12.179487091983901], "stats": [{"ci_99": [-Infinity, Infinity], "q_25": 12.179487091983901, "q_75": 12.179487091983901, "min": 12.179487091983901, "max": 12.179487091983901, "mean": 12.179487091983901, "std": 0.0, "repeat": 1, "number": 1}]}, "benchmarks.DTWF.time_many_replicates": {"result": [51.7030005120032], "stats": [{"ci_99": [-Infinity, Infinity], "q_25": 51.7030005120032, "q_75": 51.7030005120032, "min": 51.7030005120032, "max": 51.7030005120032, "mean": 51.7030005120032, "std": 0.0, "repeat": 1, "number": 1}]}, "benchmarks.Hudson.peakmem_human_chr22": 144961536, "benchmarks.Hudson.peakmem_large_sample_size": null, "benchmarks.Hudson.peakmem_long_sequence_length": 169345024, "benchmarks.Hudson.peakmem_long_sequence_length_gene_conversion": 169791488, "benchmarks.Hudson.peakmem_many_replicates": 47640576, "benchmarks.Hudson.time_human_chr22": {"result": [33.94460635600262], "stats": [{"ci_99": [-Infinity, Infinity], "q_25": 33.94460635600262, "q_75": 33.94460635600262, "min": 33.94460635600262, "max": 33.94460635600262, "mean": 33.94460635600262, "std": 0.0, "repeat": 1, "number": 1}]}, "benchmarks.Hudson.time_large_sample_size": null, "benchmarks.Hudson.time_long_sequence_length": {"result": [49.866239911003504], "stats": [{"ci_99": [-Infinity, Infinity], "q_25": 49.866239911003504, "q_75": 49.866239911003504, "min": 49.866239911003504, "max": 49.866239911003504, "mean": 49.866239911003504, "std": 0.0, "repeat": 1, "number": 1}]}, "benchmarks.Hudson.time_long_sequence_length_gene_conversion": {"result": [51.77970443898812], "stats": [{"ci_99": [-Infinity, Infinity], "q_25": 51.77970443898812, "q_75": 51.77970443898812, "min": 51.77970443898812, "max": 51.77970443898812, "mean": 51.77970443898812, "std": 0.0, "repeat": 1, "number": 1}]}, "benchmarks.Hudson.time_many_replicates": {"result": [32.291581691999454], "stats": [{"ci_99": [-Infinity, Infinity], "q_25": 32.291581691999454, "q_75": 32.291581691999454, "min": 32.291581691999454, "max": 32.291581691999454, "mean": 32.291581691999454, "std": 0.0, "repeat": 1, "number": 1}]}}, "params": {"arch": "x86_64", "cpu": "Intel(R) Core(TM) i5-3317U CPU @ 1.70GHz", "machine": "poplar", "num_cpu": "4", "os": "Linux 3.13.0-24-generic", "ram": "3931396", "python": "3.8", "stdpopsim": ""}, "requirements": {"stdpopsim": ""}, "commit_hash": "7c41c9a1cdd2c772709cae5ffaded4a6c7410773", "date": 1598271877000, "env_name": "virtualenv-py3.8-stdpopsim", "python": "3.8", "profiles": {}, "started_at": {"benchmarks.DTWF.peakmem_human_chr22": 1602013782005, "benchmarks.DTWF.peakmem_large_population_size": 1602013819733, "benchmarks.DTWF.peakmem_long_sequence_length": 1602013831058, "benchmarks.DTWF.peakmem_many_replicates": 1602013843479, "benchmarks.DTWF.time_human_chr22": 1602013895306, "benchmarks.DTWF.time_large_population_size": 1602013932734, "benchmarks.DTWF.time_long_sequence_length": 1602013944109, "benchmarks.DTWF.time_many_replicates": 1602013956379, "benchmarks.Hudson.peakmem_human_chr22": 1602014008207, "benchmarks.Hudson.peakmem_large_sample_size": 1602014042427, "benchmarks.Hudson.peakmem_long_sequence_length": 1602014162525, "benchmarks.Hudson.peakmem_long_sequence_length_gene_conversion": 1602014213226, "benchmarks.Hudson.peakmem_many_replicates": 1602014265730, "benchmarks.Hudson.time_human_chr22": 1602014298179, "benchmarks.Hudson.time_large_sample_size": 1602014332249, "benchmarks.Hudson.time_long_sequence_length": 1602014452350, "benchmarks.Hudson.time_long_sequence_length_gene_conversion": 1602014502349, "benchmarks.Hudson.time_many_replicates": 1602014554253}, "ended_at": {"benchmarks.DTWF.peakmem_human_chr22": 1602013819733, "benchmarks.DTWF.peakmem_large_population_size": 1602013831058, "benchmarks.DTWF.peakmem_long_sequence_length": 1602013843478, "benchmarks.DTWF.peakmem_many_replicates": 1602013895306, "benchmarks.DTWF.time_human_chr22": 1602013932734, "benchmarks.DTWF.time_large_population_size": 1602013944109, "benchmarks.DTWF.time_long_sequence_length": 1602013956379, "benchmarks.DTWF.time_many_replicates": 1602014008207, "benchmarks.Hudson.peakmem_human_chr22": 1602014042426, "benchmarks.Hudson.peakmem_large_sample_size": 1602014162525, "benchmarks.Hudson.peakmem_long_sequence_length": 1602014213226, "benchmarks.Hudson.peakmem_long_sequence_length_gene_conversion": 1602014265730, "benchmarks.Hudson.peakmem_many_replicates": 1602014298179, "benchmarks.Hudson.time_human_chr22": 1602014332249, "benchmarks.Hudson.time_large_sample_size": 1602014452349, "benchmarks.Hudson.time_long_sequence_length": 1602014502349, "benchmarks.Hudson.time_long_sequence_length_gene_conversion": 1602014554253, "benchmarks.Hudson.time_many_replicates": 1602014586652}, "benchmark_version": {"benchmarks.DTWF.peakmem_human_chr22": "f848688127844489b5870c5598d06fc61bdb8c1a31b2c71741fb842ce4869124", "benchmarks.DTWF.peakmem_large_population_size": "1c54016f27b74e5d827e0cf71dee2587b99237d50e0c3aa5bfb1e9a54bedf712", "benchmarks.DTWF.peakmem_long_sequence_length": "72b4498a433ac926a303683be39aa07c206b25c22caa613088af6cbe51544ce9", "benchmarks.DTWF.peakmem_many_replicates": "8d591fe1a84bfd039f312aef953605c494b28ed3e3b28bd41773b5a6bbab8e13", "benchmarks.DTWF.time_human_chr22": "d016729b716d45e5a6cc8608ae18480b4f3d6192cc29f39ad8e06222786408c6", "benchmarks.DTWF.time_large_population_size": "5393d907eb6d9700c18c23789395c3a6a8aecf236b49983e2d955dccc6f793a3", "benchmarks.DTWF.time_long_sequence_length": "89860f21a2ad81e267314c086383279e852e4560e27f425d127937bd62fb83f9", "benchmarks.DTWF.time_many_replicates": "8f8fa44794e1a510a8052653f41596e3e11adbcdc838d7ca59f99bdb491be41b", "benchmarks.Hudson.peakmem_human_chr22": "20ef616d263e941e12a3089b8e8dbfee94d982362fe475e40174ebc3506b102a", "benchmarks.Hudson.peakmem_large_sample_size": "0b75d04c5ff9994c35ae62a490034e021485c38567b2699884e524931587881a", "benchmarks.Hudson.peakmem_long_sequence_length": "edd9dee8418f69b81347803203f176ff269220225a8939dc1c4bc1ab32289f94", "benchmarks.Hudson.peakmem_long_sequence_length_gene_conversion": "2236f20c5a4cc1e037abd099ce1f70d0dd2045a14914c96dcc48d0507f45e1da", "benchmarks.Hudson.peakmem_many_replicates": "b93569a722fa5396ed6631750fbdd02c7b47148d63973610f802eb69db85679e", "benchmarks.Hudson.time_human_chr22": "e648432b5c065478e09802f16a5658d37b625c204e147517826817bd6b04acb1", "benchmarks.Hudson.time_large_sample_size": "7bc273fa1975809170f8f4dd7776de03dd9993132a83866c1c135afe37e4d541", "benchmarks.Hudson.time_long_sequence_length": "0b6c7c537bd986f4e9c36c5549b8e939955cbd49901f29827e3ce763790fb3b7", "benchmarks.Hudson.time_long_sequence_length_gene_conversion": "19005a2b4b33b284a84cc0ad033e2d2c646f2d264fd59a5a55e3c2246a05851b", "benchmarks.Hudson.time_many_replicates": "c0f9f49074ade65f919a2db206a10f03ba6f5b53fa86dce2a6a32e96dd8a5067"}, "version": 1}