{"results": {"benchmarks.DTWF.peakmem_human_chr22": 110268416, "benchmarks.DTWF.peakmem_large_population_size": 52457472, "benchmarks.DTWF.peakmem_long_sequence_length": 54747136, "benchmarks.DTWF.peakmem_many_replicates": 44716032, "benchmarks.DTWF.time_human_chr22": {"result": [41.40285066200886], "stats": [{"ci_99": [-Infinity, Infinity], "q_25": 41.40285066200886, "q_75": 41.40285066200886, "min": 41.40285066200886, "max": 41.40285066200886, "mean": 41.40285066200886, "std": 0.0, "repeat": 1, "number": 1}]}, "benchmarks.DTWF.time_large_population_size": {"result": [11.633682070008945], "stats": [{"ci_99": [-Infinity, Infinity], "q_25": 11.633682070008945, "q_75": 11.633682070008945, "min": 11.633682070008945, "max": 11.633682070008945, "mean": 11.633682070008945, "std": 0.0, "repeat": 1, "number": 1}]}, "benchmarks.DTWF.time_long_sequence_length": {"result": [12.726608011987992], "stats": [{"ci_99": [-Infinity, Infinity], "q_25": 12.726608011987992, "q_75": 12.726608011987992, "min": 12.726608011987992, "max": 12.726608011987992, "mean": 12.726608011987992, "std": 0.0, "repeat": 1, "number": 1}]}, "benchmarks.DTWF.time_many_replicates": {"result": [51.583801538014086], "stats": [{"ci_99": [-Infinity, Infinity], "q_25": 51.583801538014086, "q_75": 51.583801538014086, "min": 51.583801538014086, "max": 51.583801538014086, "mean": 51.583801538014086, "std": 0.0, "repeat": 1, "number": 1}]}, "benchmarks.Hudson.peakmem_human_chr22": 143155200, "benchmarks.Hudson.peakmem_large_sample_size": 852856832, "benchmarks.Hudson.peakmem_long_sequence_length": 165675008, "benchmarks.Hudson.peakmem_long_sequence_length_gene_conversion": 168411136, "benchmarks.Hudson.peakmem_many_replicates": 44969984, "benchmarks.Hudson.time_human_chr22": {"result": [32.84355869202409], "stats": [{"ci_99": [-Infinity, Infinity], "q_25": 32.84355869202409, "q_75": 32.84355869202409, "min": 32.84355869202409, "max": 32.84355869202409, "mean": 32.84355869202409, "std": 0.0, "repeat": 1, "number": 1}]}, "benchmarks.Hudson.time_large_sample_size": {"result": [56.2478381349938], "stats": [{"ci_99": [-Infinity, Infinity], "q_25": 56.2478381349938, "q_75": 56.2478381349938, "min": 56.2478381349938, "max": 56.2478381349938, "mean": 56.2478381349938, "std": 0.0, "repeat": 1, "number": 1}]}, "benchmarks.Hudson.time_long_sequence_length": {"result": [49.636943421995966], "stats": [{"ci_99": [-Infinity, Infinity], "q_25": 49.636943421995966, "q_75": 49.636943421995966, "min": 49.636943421995966, "max": 49.636943421995966, "mean": 49.636943421995966, "std": 0.0, "repeat": 1, "number": 1}]}, "benchmarks.Hudson.time_long_sequence_length_gene_conversion": {"result": [50.97922509498312], "stats": [{"ci_99": [-Infinity, Infinity], "q_25": 50.97922509498312, "q_75": 50.97922509498312, "min": 50.97922509498312, "max": 50.97922509498312, "mean": 50.97922509498312, "std": 0.0, "repeat": 1, "number": 1}]}, "benchmarks.Hudson.time_many_replicates": {"result": [31.518474623007933], "stats": [{"ci_99": [-Infinity, Infinity], "q_25": 31.518474623007933, "q_75": 31.518474623007933, "min": 31.518474623007933, "max": 31.518474623007933, "mean": 31.518474623007933, "std": 0.0, "repeat": 1, "number": 1}]}}, "params": {"arch": "x86_64", "cpu": "Intel(R) Core(TM) i5-3317U CPU @ 1.70GHz", "machine": "poplar", "num_cpu": "4", "os": "Linux 3.13.0-24-generic", "ram": "3931396", "python": "3.8", "stdpopsim": ""}, "requirements": {"stdpopsim": ""}, "commit_hash": "7d4bc53b3587672af46161721eeb9cfadd088cbd", "date": 1591808468000, "env_name": "virtualenv-py3.8-stdpopsim", "python": "3.8", "profiles": {}, "started_at": {"benchmarks.DTWF.peakmem_human_chr22": 1602045923480, "benchmarks.DTWF.peakmem_large_population_size": 1602045961102, "benchmarks.DTWF.peakmem_long_sequence_length": 1602045972826, "benchmarks.DTWF.peakmem_many_replicates": 1602045985845, "benchmarks.DTWF.time_human_chr22": 1602046037467, "benchmarks.DTWF.time_large_population_size": 1602046078997, "benchmarks.DTWF.time_long_sequence_length": 1602046090721, "benchmarks.DTWF.time_many_replicates": 1602046103540, "benchmarks.Hudson.peakmem_human_chr22": 1602046155212, "benchmarks.Hudson.peakmem_large_sample_size": 1602046187474, "benchmarks.Hudson.peakmem_long_sequence_length": 1602046240964, "benchmarks.Hudson.peakmem_long_sequence_length_gene_conversion": 1602046290405, "benchmarks.Hudson.peakmem_many_replicates": 1602046341951, "benchmarks.Hudson.time_human_chr22": 1602046373346, "benchmarks.Hudson.time_large_sample_size": 1602046406313, "benchmarks.Hudson.time_long_sequence_length": 1602046462666, "benchmarks.Hudson.time_long_sequence_length_gene_conversion": 1602046512416, "benchmarks.Hudson.time_many_replicates": 1602046563519}, "ended_at": {"benchmarks.DTWF.peakmem_human_chr22": 1602045961102, "benchmarks.DTWF.peakmem_large_population_size": 1602045972826, "benchmarks.DTWF.peakmem_long_sequence_length": 1602045985845, "benchmarks.DTWF.peakmem_many_replicates": 1602046037467, "benchmarks.DTWF.time_human_chr22": 1602046078997, "benchmarks.DTWF.time_large_population_size": 1602046090721, "benchmarks.DTWF.time_long_sequence_length": 1602046103540, "benchmarks.DTWF.time_many_replicates": 1602046155212, "benchmarks.Hudson.peakmem_human_chr22": 1602046187473, "benchmarks.Hudson.peakmem_large_sample_size": 1602046240963, "benchmarks.Hudson.peakmem_long_sequence_length": 1602046290405, "benchmarks.Hudson.peakmem_long_sequence_length_gene_conversion": 1602046341950, "benchmarks.Hudson.peakmem_many_replicates": 1602046373346, "benchmarks.Hudson.time_human_chr22": 1602046406313, "benchmarks.Hudson.time_large_sample_size": 1602046462666, "benchmarks.Hudson.time_long_sequence_length": 1602046512416, "benchmarks.Hudson.time_long_sequence_length_gene_conversion": 1602046563519, "benchmarks.Hudson.time_many_replicates": 1602046595167}, "benchmark_version": {"benchmarks.DTWF.peakmem_human_chr22": "f848688127844489b5870c5598d06fc61bdb8c1a31b2c71741fb842ce4869124", "benchmarks.DTWF.peakmem_large_population_size": "1c54016f27b74e5d827e0cf71dee2587b99237d50e0c3aa5bfb1e9a54bedf712", "benchmarks.DTWF.peakmem_long_sequence_length": "72b4498a433ac926a303683be39aa07c206b25c22caa613088af6cbe51544ce9", "benchmarks.DTWF.peakmem_many_replicates": "8d591fe1a84bfd039f312aef953605c494b28ed3e3b28bd41773b5a6bbab8e13", "benchmarks.DTWF.time_human_chr22": "d016729b716d45e5a6cc8608ae18480b4f3d6192cc29f39ad8e06222786408c6", "benchmarks.DTWF.time_large_population_size": "5393d907eb6d9700c18c23789395c3a6a8aecf236b49983e2d955dccc6f793a3", "benchmarks.DTWF.time_long_sequence_length": "89860f21a2ad81e267314c086383279e852e4560e27f425d127937bd62fb83f9", "benchmarks.DTWF.time_many_replicates": "8f8fa44794e1a510a8052653f41596e3e11adbcdc838d7ca59f99bdb491be41b", "benchmarks.Hudson.peakmem_human_chr22": "20ef616d263e941e12a3089b8e8dbfee94d982362fe475e40174ebc3506b102a", "benchmarks.Hudson.peakmem_large_sample_size": "0b75d04c5ff9994c35ae62a490034e021485c38567b2699884e524931587881a", "benchmarks.Hudson.peakmem_long_sequence_length": "edd9dee8418f69b81347803203f176ff269220225a8939dc1c4bc1ab32289f94", "benchmarks.Hudson.peakmem_long_sequence_length_gene_conversion": "2236f20c5a4cc1e037abd099ce1f70d0dd2045a14914c96dcc48d0507f45e1da", "benchmarks.Hudson.peakmem_many_replicates": "b93569a722fa5396ed6631750fbdd02c7b47148d63973610f802eb69db85679e", "benchmarks.Hudson.time_human_chr22": "e648432b5c065478e09802f16a5658d37b625c204e147517826817bd6b04acb1", "benchmarks.Hudson.time_large_sample_size": "7bc273fa1975809170f8f4dd7776de03dd9993132a83866c1c135afe37e4d541", "benchmarks.Hudson.time_long_sequence_length": "0b6c7c537bd986f4e9c36c5549b8e939955cbd49901f29827e3ce763790fb3b7", "benchmarks.Hudson.time_long_sequence_length_gene_conversion": "19005a2b4b33b284a84cc0ad033e2d2c646f2d264fd59a5a55e3c2246a05851b", "benchmarks.Hudson.time_many_replicates": "c0f9f49074ade65f919a2db206a10f03ba6f5b53fa86dce2a6a32e96dd8a5067"}, "version": 1}