{"results": {"benchmarks.DTWF.peakmem_human_chr22": 108703744, "benchmarks.DTWF.peakmem_large_population_size": 53284864, "benchmarks.DTWF.peakmem_long_sequence_length": 59150336, "benchmarks.DTWF.peakmem_many_replicates": 48672768, "benchmarks.DTWF.time_human_chr22": {"result": [30.338533763002488], "stats": [{"ci_99": [-Infinity, Infinity], "q_25": 30.338533763002488, "q_75": 30.338533763002488, "min": 30.338533763002488, "max": 30.338533763002488, "mean": 30.338533763002488, "std": 0.0, "repeat": 1, "number": 1}]}, "benchmarks.DTWF.time_large_population_size": {"result": [11.652535955996427], "stats": [{"ci_99": [-Infinity, Infinity], "q_25": 11.652535955996427, "q_75": 11.652535955996427, "min": 11.652535955996427, "max": 11.652535955996427, "mean": 11.652535955996427, "std": 0.0, "repeat": 1, "number": 1}]}, "benchmarks.DTWF.time_long_sequence_length": {"result": [12.283783781000238], "stats": [{"ci_99": [-Infinity, Infinity], "q_25": 12.283783781000238, "q_75": 12.283783781000238, "min": 12.283783781000238, "max": 12.283783781000238, "mean": 12.283783781000238, "std": 0.0, "repeat": 1, "number": 1}]}, "benchmarks.DTWF.time_many_replicates": {"result": [47.81897825800115], "stats": [{"ci_99": [-Infinity, Infinity], "q_25": 47.81897825800115, "q_75": 47.81897825800115, "min": 47.81897825800115, "max": 47.81897825800115, "mean": 47.81897825800115, "std": 0.0, "repeat": 1, "number": 1}]}, "benchmarks.Hudson.peakmem_human_chr22": 149274624, "benchmarks.Hudson.peakmem_large_sample_size": 851832832, "benchmarks.Hudson.peakmem_long_sequence_length": 173674496, "benchmarks.Hudson.peakmem_long_sequence_length_gene_conversion": 171757568, "benchmarks.Hudson.peakmem_many_replicates": 45203456, "benchmarks.Hudson.time_human_chr22": {"result": [54.235577036000905], "stats": [{"ci_99": [-Infinity, Infinity], "q_25": 54.235577036000905, "q_75": 54.235577036000905, "min": 54.235577036000905, "max": 54.235577036000905, "mean": 54.235577036000905, "std": 0.0, "repeat": 1, "number": 1}]}, "benchmarks.Hudson.time_large_sample_size": {"result": [69.09899475099519], "stats": [{"ci_99": [-Infinity, Infinity], "q_25": 69.09899475099519, "q_75": 69.09899475099519, "min": 69.09899475099519, "max": 69.09899475099519, "mean": 69.09899475099519, "std": 0.0, "repeat": 1, "number": 1}]}, "benchmarks.Hudson.time_long_sequence_length": {"result": [48.91736918200331], "stats": [{"ci_99": [-Infinity, Infinity], "q_25": 48.91736918200331, "q_75": 48.91736918200331, "min": 48.91736918200331, "max": 48.91736918200331, "mean": 48.91736918200331, "std": 0.0, "repeat": 1, "number": 1}]}, "benchmarks.Hudson.time_long_sequence_length_gene_conversion": {"result": [50.788030308998714], "stats": [{"ci_99": [-Infinity, Infinity], "q_25": 50.788030308998714, "q_75": 50.788030308998714, "min": 50.788030308998714, "max": 50.788030308998714, "mean": 50.788030308998714, "std": 0.0, "repeat": 1, "number": 1}]}, "benchmarks.Hudson.time_many_replicates": {"result": [28.255598618998192], "stats": [{"ci_99": [-Infinity, Infinity], "q_25": 28.255598618998192, "q_75": 28.255598618998192, "min": 28.255598618998192, "max": 28.255598618998192, "mean": 28.255598618998192, "std": 0.0, "repeat": 1, "number": 1}]}}, "params": {"arch": "x86_64", "cpu": "Intel(R) Core(TM) i5-3317U CPU @ 1.70GHz", "machine": "poplar", "num_cpu": "4", "os": "Linux 3.13.0-24-generic", "ram": "3931396", "python": "3.8", "stdpopsim": ""}, "requirements": {"stdpopsim": ""}, "commit_hash": "7fbb8fa54932040068db522df1a1f7f3919e445b", "date": 1600963042000, "env_name": "virtualenv-py3.8-stdpopsim", "python": "3.8", "profiles": {}, "started_at": {"benchmarks.DTWF.peakmem_human_chr22": 1601505601324, "benchmarks.DTWF.peakmem_large_population_size": 1601505631687, "benchmarks.DTWF.peakmem_long_sequence_length": 1601505643464, "benchmarks.DTWF.peakmem_many_replicates": 1601505655985, "benchmarks.DTWF.time_human_chr22": 1601505703807, "benchmarks.DTWF.time_large_population_size": 1601505734271, "benchmarks.DTWF.time_long_sequence_length": 1601505746048, "benchmarks.DTWF.time_many_replicates": 1601505758469, "benchmarks.Hudson.peakmem_human_chr22": 1601505806393, "benchmarks.Hudson.peakmem_large_sample_size": 1601505861452, "benchmarks.Hudson.peakmem_long_sequence_length": 1601505930762, "benchmarks.Hudson.peakmem_long_sequence_length_gene_conversion": 1601505980504, "benchmarks.Hudson.peakmem_many_replicates": 1601506029799, "benchmarks.Hudson.time_human_chr22": 1601506058093, "benchmarks.Hudson.time_large_sample_size": 1601506112451, "benchmarks.Hudson.time_long_sequence_length": 1601506181673, "benchmarks.Hudson.time_long_sequence_length_gene_conversion": 1601506230722, "benchmarks.Hudson.time_many_replicates": 1601506281625}, "ended_at": {"benchmarks.DTWF.peakmem_human_chr22": 1601505631687, "benchmarks.DTWF.peakmem_large_population_size": 1601505643464, "benchmarks.DTWF.peakmem_long_sequence_length": 1601505655984, "benchmarks.DTWF.peakmem_many_replicates": 1601505703807, "benchmarks.DTWF.time_human_chr22": 1601505734271, "benchmarks.DTWF.time_large_population_size": 1601505746048, "benchmarks.DTWF.time_long_sequence_length": 1601505758469, "benchmarks.DTWF.time_many_replicates": 1601505806392, "benchmarks.Hudson.peakmem_human_chr22": 1601505861452, "benchmarks.Hudson.peakmem_large_sample_size": 1601505930762, "benchmarks.Hudson.peakmem_long_sequence_length": 1601505980504, "benchmarks.Hudson.peakmem_long_sequence_length_gene_conversion": 1601506029799, "benchmarks.Hudson.peakmem_many_replicates": 1601506058093, "benchmarks.Hudson.time_human_chr22": 1601506112451, "benchmarks.Hudson.time_large_sample_size": 1601506181673, "benchmarks.Hudson.time_long_sequence_length": 1601506230722, "benchmarks.Hudson.time_long_sequence_length_gene_conversion": 1601506281625, "benchmarks.Hudson.time_many_replicates": 1601506310019}, "benchmark_version": {"benchmarks.DTWF.peakmem_human_chr22": "f848688127844489b5870c5598d06fc61bdb8c1a31b2c71741fb842ce4869124", "benchmarks.DTWF.peakmem_large_population_size": "1c54016f27b74e5d827e0cf71dee2587b99237d50e0c3aa5bfb1e9a54bedf712", "benchmarks.DTWF.peakmem_long_sequence_length": "72b4498a433ac926a303683be39aa07c206b25c22caa613088af6cbe51544ce9", "benchmarks.DTWF.peakmem_many_replicates": "8d591fe1a84bfd039f312aef953605c494b28ed3e3b28bd41773b5a6bbab8e13", "benchmarks.DTWF.time_human_chr22": "d016729b716d45e5a6cc8608ae18480b4f3d6192cc29f39ad8e06222786408c6", "benchmarks.DTWF.time_large_population_size": "5393d907eb6d9700c18c23789395c3a6a8aecf236b49983e2d955dccc6f793a3", "benchmarks.DTWF.time_long_sequence_length": "89860f21a2ad81e267314c086383279e852e4560e27f425d127937bd62fb83f9", "benchmarks.DTWF.time_many_replicates": "8f8fa44794e1a510a8052653f41596e3e11adbcdc838d7ca59f99bdb491be41b", "benchmarks.Hudson.peakmem_human_chr22": "20ef616d263e941e12a3089b8e8dbfee94d982362fe475e40174ebc3506b102a", "benchmarks.Hudson.peakmem_large_sample_size": "0b75d04c5ff9994c35ae62a490034e021485c38567b2699884e524931587881a", "benchmarks.Hudson.peakmem_long_sequence_length": "edd9dee8418f69b81347803203f176ff269220225a8939dc1c4bc1ab32289f94", "benchmarks.Hudson.peakmem_long_sequence_length_gene_conversion": "2236f20c5a4cc1e037abd099ce1f70d0dd2045a14914c96dcc48d0507f45e1da", "benchmarks.Hudson.peakmem_many_replicates": "b93569a722fa5396ed6631750fbdd02c7b47148d63973610f802eb69db85679e", "benchmarks.Hudson.time_human_chr22": "e648432b5c065478e09802f16a5658d37b625c204e147517826817bd6b04acb1", "benchmarks.Hudson.time_large_sample_size": "7bc273fa1975809170f8f4dd7776de03dd9993132a83866c1c135afe37e4d541", "benchmarks.Hudson.time_long_sequence_length": "0b6c7c537bd986f4e9c36c5549b8e939955cbd49901f29827e3ce763790fb3b7", "benchmarks.Hudson.time_long_sequence_length_gene_conversion": "19005a2b4b33b284a84cc0ad033e2d2c646f2d264fd59a5a55e3c2246a05851b", "benchmarks.Hudson.time_many_replicates": "c0f9f49074ade65f919a2db206a10f03ba6f5b53fa86dce2a6a32e96dd8a5067"}, "version": 1}