{"results": {"benchmarks.DTWF.peakmem_human_chr22": 109277184, "benchmarks.DTWF.peakmem_large_population_size": 53112832, "benchmarks.DTWF.peakmem_long_sequence_length": 55349248, "benchmarks.DTWF.peakmem_many_replicates": 44388352, "benchmarks.DTWF.time_human_chr22": {"result": [38.59728302998701], "stats": [{"ci_99": [-Infinity, Infinity], "q_25": 38.59728302998701, "q_75": 38.59728302998701, "min": 38.59728302998701, "max": 38.59728302998701, "mean": 38.59728302998701, "std": 0.0, "repeat": 1, "number": 1}]}, "benchmarks.DTWF.time_large_population_size": {"result": [10.877616170007968], "stats": [{"ci_99": [-Infinity, Infinity], "q_25": 10.877616170007968, "q_75": 10.877616170007968, "min": 10.877616170007968, "max": 10.877616170007968, "mean": 10.877616170007968, "std": 0.0, "repeat": 1, "number": 1}]}, "benchmarks.DTWF.time_long_sequence_length": {"result": [12.416585634025978], "stats": [{"ci_99": [-Infinity, Infinity], "q_25": 12.416585634025978, "q_75": 12.416585634025978, "min": 12.416585634025978, "max": 12.416585634025978, "mean": 12.416585634025978, "std": 0.0, "repeat": 1, "number": 1}]}, "benchmarks.DTWF.time_many_replicates": {"result": [50.650837113993475], "stats": [{"ci_99": [-Infinity, Infinity], "q_25": 50.650837113993475, "q_75": 50.650837113993475, "min": 50.650837113993475, "max": 50.650837113993475, "mean": 50.650837113993475, "std": 0.0, "repeat": 1, "number": 1}]}, "benchmarks.Hudson.peakmem_human_chr22": 142553088, "benchmarks.Hudson.peakmem_large_sample_size": 835653632, "benchmarks.Hudson.peakmem_long_sequence_length": 167317504, "benchmarks.Hudson.peakmem_long_sequence_length_gene_conversion": 169672704, "benchmarks.Hudson.peakmem_many_replicates": 44511232, "benchmarks.Hudson.time_human_chr22": {"result": [32.523051866010064], "stats": [{"ci_99": [-Infinity, Infinity], "q_25": 32.523051866010064, "q_75": 32.523051866010064, "min": 32.523051866010064, "max": 32.523051866010064, "mean": 32.523051866010064, "std": 0.0, "repeat": 1, "number": 1}]}, "benchmarks.Hudson.time_large_sample_size": {"result": [55.828903538989834], "stats": [{"ci_99": [-Infinity, Infinity], "q_25": 55.828903538989834, "q_75": 55.828903538989834, "min": 55.828903538989834, "max": 55.828903538989834, "mean": 55.828903538989834, "std": 0.0, "repeat": 1, "number": 1}]}, "benchmarks.Hudson.time_long_sequence_length": {"result": [48.9548668639909], "stats": [{"ci_99": [-Infinity, Infinity], "q_25": 48.9548668639909, "q_75": 48.9548668639909, "min": 48.9548668639909, "max": 48.9548668639909, "mean": 48.9548668639909, "std": 0.0, "repeat": 1, "number": 1}]}, "benchmarks.Hudson.time_long_sequence_length_gene_conversion": {"result": [50.60315499699209], "stats": [{"ci_99": [-Infinity, Infinity], "q_25": 50.60315499699209, "q_75": 50.60315499699209, "min": 50.60315499699209, "max": 50.60315499699209, "mean": 50.60315499699209, "std": 0.0, "repeat": 1, "number": 1}]}, "benchmarks.Hudson.time_many_replicates": {"result": [31.727523648994975], "stats": [{"ci_99": [-Infinity, Infinity], "q_25": 31.727523648994975, "q_75": 31.727523648994975, "min": 31.727523648994975, "max": 31.727523648994975, "mean": 31.727523648994975, "std": 0.0, "repeat": 1, "number": 1}]}}, "params": {"arch": "x86_64", "cpu": "Intel(R) Core(TM) i5-3317U CPU @ 1.70GHz", "machine": "poplar", "num_cpu": "4", "os": "Linux 3.13.0-24-generic", "ram": "3931396", "python": "3.8", "stdpopsim": ""}, "requirements": {"stdpopsim": ""}, "commit_hash": "84e0920af2d49d201d4a98773cbc09518f221320", "date": 1587722048000, "env_name": "virtualenv-py3.8-stdpopsim", "python": "3.8", "profiles": {}, "started_at": {"benchmarks.DTWF.peakmem_human_chr22": 1602078299490, "benchmarks.DTWF.peakmem_large_population_size": 1602078337670, "benchmarks.DTWF.peakmem_long_sequence_length": 1602078348645, "benchmarks.DTWF.peakmem_many_replicates": 1602078361265, "benchmarks.DTWF.time_human_chr22": 1602078411891, "benchmarks.DTWF.time_large_population_size": 1602078450622, "benchmarks.DTWF.time_long_sequence_length": 1602078461597, "benchmarks.DTWF.time_many_replicates": 1602078474118, "benchmarks.Hudson.peakmem_human_chr22": 1602078524894, "benchmarks.Hudson.peakmem_large_sample_size": 1602078557059, "benchmarks.Hudson.peakmem_long_sequence_length": 1602078611663, "benchmarks.Hudson.peakmem_long_sequence_length_gene_conversion": 1602078660412, "benchmarks.Hudson.peakmem_many_replicates": 1602078710764, "benchmarks.Hudson.time_human_chr22": 1602078742512, "benchmarks.Hudson.time_large_sample_size": 1602078775129, "benchmarks.Hudson.time_long_sequence_length": 1602078831083, "benchmarks.Hudson.time_long_sequence_length_gene_conversion": 1602078880132, "benchmarks.Hudson.time_many_replicates": 1602078930834}, "ended_at": {"benchmarks.DTWF.peakmem_human_chr22": 1602078337669, "benchmarks.DTWF.peakmem_large_population_size": 1602078348644, "benchmarks.DTWF.peakmem_long_sequence_length": 1602078361265, "benchmarks.DTWF.peakmem_many_replicates": 1602078411891, "benchmarks.DTWF.time_human_chr22": 1602078450622, "benchmarks.DTWF.time_large_population_size": 1602078461597, "benchmarks.DTWF.time_long_sequence_length": 1602078474118, "benchmarks.DTWF.time_many_replicates": 1602078524894, "benchmarks.Hudson.peakmem_human_chr22": 1602078557059, "benchmarks.Hudson.peakmem_large_sample_size": 1602078611663, "benchmarks.Hudson.peakmem_long_sequence_length": 1602078660412, "benchmarks.Hudson.peakmem_long_sequence_length_gene_conversion": 1602078710763, "benchmarks.Hudson.peakmem_many_replicates": 1602078742512, "benchmarks.Hudson.time_human_chr22": 1602078775129, "benchmarks.Hudson.time_large_sample_size": 1602078831083, "benchmarks.Hudson.time_long_sequence_length": 1602078880132, "benchmarks.Hudson.time_long_sequence_length_gene_conversion": 1602078930834, "benchmarks.Hudson.time_many_replicates": 1602078962682}, "benchmark_version": {"benchmarks.DTWF.peakmem_human_chr22": "f848688127844489b5870c5598d06fc61bdb8c1a31b2c71741fb842ce4869124", "benchmarks.DTWF.peakmem_large_population_size": "1c54016f27b74e5d827e0cf71dee2587b99237d50e0c3aa5bfb1e9a54bedf712", "benchmarks.DTWF.peakmem_long_sequence_length": "72b4498a433ac926a303683be39aa07c206b25c22caa613088af6cbe51544ce9", "benchmarks.DTWF.peakmem_many_replicates": "8d591fe1a84bfd039f312aef953605c494b28ed3e3b28bd41773b5a6bbab8e13", "benchmarks.DTWF.time_human_chr22": "d016729b716d45e5a6cc8608ae18480b4f3d6192cc29f39ad8e06222786408c6", "benchmarks.DTWF.time_large_population_size": "5393d907eb6d9700c18c23789395c3a6a8aecf236b49983e2d955dccc6f793a3", "benchmarks.DTWF.time_long_sequence_length": "89860f21a2ad81e267314c086383279e852e4560e27f425d127937bd62fb83f9", "benchmarks.DTWF.time_many_replicates": "8f8fa44794e1a510a8052653f41596e3e11adbcdc838d7ca59f99bdb491be41b", "benchmarks.Hudson.peakmem_human_chr22": "20ef616d263e941e12a3089b8e8dbfee94d982362fe475e40174ebc3506b102a", "benchmarks.Hudson.peakmem_large_sample_size": "0b75d04c5ff9994c35ae62a490034e021485c38567b2699884e524931587881a", "benchmarks.Hudson.peakmem_long_sequence_length": "edd9dee8418f69b81347803203f176ff269220225a8939dc1c4bc1ab32289f94", "benchmarks.Hudson.peakmem_long_sequence_length_gene_conversion": "2236f20c5a4cc1e037abd099ce1f70d0dd2045a14914c96dcc48d0507f45e1da", "benchmarks.Hudson.peakmem_many_replicates": "b93569a722fa5396ed6631750fbdd02c7b47148d63973610f802eb69db85679e", "benchmarks.Hudson.time_human_chr22": "e648432b5c065478e09802f16a5658d37b625c204e147517826817bd6b04acb1", "benchmarks.Hudson.time_large_sample_size": "7bc273fa1975809170f8f4dd7776de03dd9993132a83866c1c135afe37e4d541", "benchmarks.Hudson.time_long_sequence_length": "0b6c7c537bd986f4e9c36c5549b8e939955cbd49901f29827e3ce763790fb3b7", "benchmarks.Hudson.time_long_sequence_length_gene_conversion": "19005a2b4b33b284a84cc0ad033e2d2c646f2d264fd59a5a55e3c2246a05851b", "benchmarks.Hudson.time_many_replicates": "c0f9f49074ade65f919a2db206a10f03ba6f5b53fa86dce2a6a32e96dd8a5067"}, "version": 1}