{"results": {"benchmarks.DTWF.peakmem_human_chr22": 110424064, "benchmarks.DTWF.peakmem_large_population_size": 55439360, "benchmarks.DTWF.peakmem_long_sequence_length": 57901056, "benchmarks.DTWF.peakmem_many_replicates": 46866432, "benchmarks.DTWF.time_human_chr22": {"result": [28.575444323010743], "stats": [{"ci_99": [-Infinity, Infinity], "q_25": 28.575444323010743, "q_75": 28.575444323010743, "min": 28.575444323010743, "max": 28.575444323010743, "mean": 28.575444323010743, "std": 0.0, "repeat": 1, "number": 1}]}, "benchmarks.DTWF.time_large_population_size": {"result": [10.889269050006988], "stats": [{"ci_99": [-Infinity, Infinity], "q_25": 10.889269050006988, "q_75": 10.889269050006988, "min": 10.889269050006988, "max": 10.889269050006988, "mean": 10.889269050006988, "std": 0.0, "repeat": 1, "number": 1}]}, "benchmarks.DTWF.time_long_sequence_length": {"result": [11.991830230981577], "stats": [{"ci_99": [-Infinity, Infinity], "q_25": 11.991830230981577, "q_75": 11.991830230981577, "min": 11.991830230981577, "max": 11.991830230981577, "mean": 11.991830230981577, "std": 0.0, "repeat": 1, "number": 1}]}, "benchmarks.DTWF.time_many_replicates": {"result": [47.01381551902159], "stats": [{"ci_99": [-Infinity, Infinity], "q_25": 47.01381551902159, "q_75": 47.01381551902159, "min": 47.01381551902159, "max": 47.01381551902159, "mean": 47.01381551902159, "std": 0.0, "repeat": 1, "number": 1}]}, "benchmarks.Hudson.peakmem_human_chr22": 150503424, "benchmarks.Hudson.peakmem_large_sample_size": 850845696, "benchmarks.Hudson.peakmem_long_sequence_length": 174161920, "benchmarks.Hudson.peakmem_long_sequence_length_gene_conversion": 174161920, "benchmarks.Hudson.peakmem_many_replicates": 46862336, "benchmarks.Hudson.time_human_chr22": {"result": [33.764163916988764], "stats": [{"ci_99": [-Infinity, Infinity], "q_25": 33.764163916988764, "q_75": 33.764163916988764, "min": 33.764163916988764, "max": 33.764163916988764, "mean": 33.764163916988764, "std": 0.0, "repeat": 1, "number": 1}]}, "benchmarks.Hudson.time_large_sample_size": {"result": [71.45800344998133], "stats": [{"ci_99": [-Infinity, Infinity], "q_25": 71.45800344998133, "q_75": 71.45800344998133, "min": 71.45800344998133, "max": 71.45800344998133, "mean": 71.45800344998133, "std": 0.0, "repeat": 1, "number": 1}]}, "benchmarks.Hudson.time_long_sequence_length": {"result": [50.05264857498696], "stats": [{"ci_99": [-Infinity, Infinity], "q_25": 50.05264857498696, "q_75": 50.05264857498696, "min": 50.05264857498696, "max": 50.05264857498696, "mean": 50.05264857498696, "std": 0.0, "repeat": 1, "number": 1}]}, "benchmarks.Hudson.time_long_sequence_length_gene_conversion": {"result": [52.24030527099967], "stats": [{"ci_99": [-Infinity, Infinity], "q_25": 52.24030527099967, "q_75": 52.24030527099967, "min": 52.24030527099967, "max": 52.24030527099967, "mean": 52.24030527099967, "std": 0.0, "repeat": 1, "number": 1}]}, "benchmarks.Hudson.time_many_replicates": {"result": [28.150625629990827], "stats": [{"ci_99": [-Infinity, Infinity], "q_25": 28.150625629990827, "q_75": 28.150625629990827, "min": 28.150625629990827, "max": 28.150625629990827, "mean": 28.150625629990827, "std": 0.0, "repeat": 1, "number": 1}]}}, "params": {"arch": "x86_64", "cpu": "Intel(R) Core(TM) i5-3317U CPU @ 1.70GHz", "machine": "poplar", "num_cpu": "4", "os": "Linux 3.13.0-24-generic", "ram": "3931396", "python": "3.8", "stdpopsim": ""}, "requirements": {"stdpopsim": ""}, "commit_hash": "88236ab8e61031fc48131ff53116f724c7230f29", "date": 1602066378000, "env_name": "virtualenv-py3.8-stdpopsim", "python": "3.8", "profiles": {}, "started_at": {"benchmarks.DTWF.peakmem_human_chr22": 1602069747241, "benchmarks.DTWF.peakmem_large_population_size": 1602069776302, "benchmarks.DTWF.peakmem_long_sequence_length": 1602069787728, "benchmarks.DTWF.peakmem_many_replicates": 1602069800199, "benchmarks.DTWF.time_human_chr22": 1602069847821, "benchmarks.DTWF.time_large_population_size": 1602069876982, "benchmarks.DTWF.time_long_sequence_length": 1602069888458, "benchmarks.DTWF.time_many_replicates": 1602069901029, "benchmarks.Hudson.peakmem_human_chr22": 1602069948601, "benchmarks.Hudson.peakmem_large_sample_size": 1602069983622, "benchmarks.Hudson.peakmem_long_sequence_length": 1602070054947, "benchmarks.Hudson.peakmem_long_sequence_length_gene_conversion": 1602070104145, "benchmarks.Hudson.peakmem_many_replicates": 1602070154846, "benchmarks.Hudson.time_human_chr22": 1602070183541, "benchmarks.Hudson.time_large_sample_size": 1602070217860, "benchmarks.Hudson.time_long_sequence_length": 1602070289890, "benchmarks.Hudson.time_long_sequence_length_gene_conversion": 1602070340541, "benchmarks.Hudson.time_many_replicates": 1602070393346}, "ended_at": {"benchmarks.DTWF.peakmem_human_chr22": 1602069776301, "benchmarks.DTWF.peakmem_large_population_size": 1602069787727, "benchmarks.DTWF.peakmem_long_sequence_length": 1602069800198, "benchmarks.DTWF.peakmem_many_replicates": 1602069847821, "benchmarks.DTWF.time_human_chr22": 1602069876982, "benchmarks.DTWF.time_large_population_size": 1602069888458, "benchmarks.DTWF.time_long_sequence_length": 1602069901029, "benchmarks.DTWF.time_many_replicates": 1602069948601, "benchmarks.Hudson.peakmem_human_chr22": 1602069983622, "benchmarks.Hudson.peakmem_large_sample_size": 1602070054946, "benchmarks.Hudson.peakmem_long_sequence_length": 1602070104145, "benchmarks.Hudson.peakmem_long_sequence_length_gene_conversion": 1602070154846, "benchmarks.Hudson.peakmem_many_replicates": 1602070183540, "benchmarks.Hudson.time_human_chr22": 1602070217860, "benchmarks.Hudson.time_large_sample_size": 1602070289890, "benchmarks.Hudson.time_long_sequence_length": 1602070340540, "benchmarks.Hudson.time_long_sequence_length_gene_conversion": 1602070393345, "benchmarks.Hudson.time_many_replicates": 1602070422090}, "benchmark_version": {"benchmarks.DTWF.peakmem_human_chr22": "f848688127844489b5870c5598d06fc61bdb8c1a31b2c71741fb842ce4869124", "benchmarks.DTWF.peakmem_large_population_size": "1c54016f27b74e5d827e0cf71dee2587b99237d50e0c3aa5bfb1e9a54bedf712", "benchmarks.DTWF.peakmem_long_sequence_length": "72b4498a433ac926a303683be39aa07c206b25c22caa613088af6cbe51544ce9", "benchmarks.DTWF.peakmem_many_replicates": "8d591fe1a84bfd039f312aef953605c494b28ed3e3b28bd41773b5a6bbab8e13", "benchmarks.DTWF.time_human_chr22": "d016729b716d45e5a6cc8608ae18480b4f3d6192cc29f39ad8e06222786408c6", "benchmarks.DTWF.time_large_population_size": "5393d907eb6d9700c18c23789395c3a6a8aecf236b49983e2d955dccc6f793a3", "benchmarks.DTWF.time_long_sequence_length": "89860f21a2ad81e267314c086383279e852e4560e27f425d127937bd62fb83f9", "benchmarks.DTWF.time_many_replicates": "8f8fa44794e1a510a8052653f41596e3e11adbcdc838d7ca59f99bdb491be41b", "benchmarks.Hudson.peakmem_human_chr22": "20ef616d263e941e12a3089b8e8dbfee94d982362fe475e40174ebc3506b102a", "benchmarks.Hudson.peakmem_large_sample_size": "0b75d04c5ff9994c35ae62a490034e021485c38567b2699884e524931587881a", "benchmarks.Hudson.peakmem_long_sequence_length": "edd9dee8418f69b81347803203f176ff269220225a8939dc1c4bc1ab32289f94", "benchmarks.Hudson.peakmem_long_sequence_length_gene_conversion": "2236f20c5a4cc1e037abd099ce1f70d0dd2045a14914c96dcc48d0507f45e1da", "benchmarks.Hudson.peakmem_many_replicates": "b93569a722fa5396ed6631750fbdd02c7b47148d63973610f802eb69db85679e", "benchmarks.Hudson.time_human_chr22": "e648432b5c065478e09802f16a5658d37b625c204e147517826817bd6b04acb1", "benchmarks.Hudson.time_large_sample_size": "7bc273fa1975809170f8f4dd7776de03dd9993132a83866c1c135afe37e4d541", "benchmarks.Hudson.time_long_sequence_length": "0b6c7c537bd986f4e9c36c5549b8e939955cbd49901f29827e3ce763790fb3b7", "benchmarks.Hudson.time_long_sequence_length_gene_conversion": "19005a2b4b33b284a84cc0ad033e2d2c646f2d264fd59a5a55e3c2246a05851b", "benchmarks.Hudson.time_many_replicates": "c0f9f49074ade65f919a2db206a10f03ba6f5b53fa86dce2a6a32e96dd8a5067"}, "version": 1}