{"results": {"benchmarks.DTWF.peakmem_human_chr22": 107999232, "benchmarks.DTWF.peakmem_large_population_size": 52531200, "benchmarks.DTWF.peakmem_long_sequence_length": 55234560, "benchmarks.DTWF.peakmem_many_replicates": 44236800, "benchmarks.DTWF.time_human_chr22": {"result": [37.751660575013375], "stats": [{"ci_99": [-Infinity, Infinity], "q_25": 37.751660575013375, "q_75": 37.751660575013375, "min": 37.751660575013375, "max": 37.751660575013375, "mean": 37.751660575013375, "std": 0.0, "repeat": 1, "number": 1}]}, "benchmarks.DTWF.time_large_population_size": {"result": [12.070035267999629], "stats": [{"ci_99": [-Infinity, Infinity], "q_25": 12.070035267999629, "q_75": 12.070035267999629, "min": 12.070035267999629, "max": 12.070035267999629, "mean": 12.070035267999629, "std": 0.0, "repeat": 1, "number": 1}]}, "benchmarks.DTWF.time_long_sequence_length": {"result": [13.149887350999052], "stats": [{"ci_99": [-Infinity, Infinity], "q_25": 13.149887350999052, "q_75": 13.149887350999052, "min": 13.149887350999052, "max": 13.149887350999052, "mean": 13.149887350999052, "std": 0.0, "repeat": 1, "number": 1}]}, "benchmarks.DTWF.time_many_replicates": {"result": [51.77818769100122], "stats": [{"ci_99": [-Infinity, Infinity], "q_25": 51.77818769100122, "q_75": 51.77818769100122, "min": 51.77818769100122, "max": 51.77818769100122, "mean": 51.77818769100122, "std": 0.0, "repeat": 1, "number": 1}]}, "benchmarks.Hudson.peakmem_human_chr22": 141312000, "benchmarks.Hudson.peakmem_large_sample_size": 836104192, "benchmarks.Hudson.peakmem_long_sequence_length": 168333312, "benchmarks.Hudson.peakmem_long_sequence_length_gene_conversion": 170426368, "benchmarks.Hudson.peakmem_many_replicates": 44494848, "benchmarks.Hudson.time_human_chr22": {"result": [32.84206999102025], "stats": [{"ci_99": [-Infinity, Infinity], "q_25": 32.84206999102025, "q_75": 32.84206999102025, "min": 32.84206999102025, "max": 32.84206999102025, "mean": 32.84206999102025, "std": 0.0, "repeat": 1, "number": 1}]}, "benchmarks.Hudson.time_large_sample_size": {"result": [58.282654499984346], "stats": [{"ci_99": [-Infinity, Infinity], "q_25": 58.282654499984346, "q_75": 58.282654499984346, "min": 58.282654499984346, "max": 58.282654499984346, "mean": 58.282654499984346, "std": 0.0, "repeat": 1, "number": 1}]}, "benchmarks.Hudson.time_long_sequence_length": {"result": [48.738133008999284], "stats": [{"ci_99": [-Infinity, Infinity], "q_25": 48.738133008999284, "q_75": 48.738133008999284, "min": 48.738133008999284, "max": 48.738133008999284, "mean": 48.738133008999284, "std": 0.0, "repeat": 1, "number": 1}]}, "benchmarks.Hudson.time_long_sequence_length_gene_conversion": {"result": [50.48181832800037], "stats": [{"ci_99": [-Infinity, Infinity], "q_25": 50.48181832800037, "q_75": 50.48181832800037, "min": 50.48181832800037, "max": 50.48181832800037, "mean": 50.48181832800037, "std": 0.0, "repeat": 1, "number": 1}]}, "benchmarks.Hudson.time_many_replicates": {"result": [31.480228479020298], "stats": [{"ci_99": [-Infinity, Infinity], "q_25": 31.480228479020298, "q_75": 31.480228479020298, "min": 31.480228479020298, "max": 31.480228479020298, "mean": 31.480228479020298, "std": 0.0, "repeat": 1, "number": 1}]}}, "params": {"arch": "x86_64", "cpu": "Intel(R) Core(TM) i5-3317U CPU @ 1.70GHz", "machine": "poplar", "num_cpu": "4", "os": "Linux 3.13.0-24-generic", "ram": "3931396", "python": "3.8", "stdpopsim": ""}, "requirements": {"stdpopsim": ""}, "commit_hash": "8afa99b1a828dd4d3029809f199f8a6fdf1588c0", "date": 1591014240000, "env_name": "virtualenv-py3.8-stdpopsim", "python": "3.8", "profiles": {}, "started_at": {"benchmarks.DTWF.peakmem_human_chr22": 1602056039001, "benchmarks.DTWF.peakmem_large_population_size": 1602056079335, "benchmarks.DTWF.peakmem_long_sequence_length": 1602056091462, "benchmarks.DTWF.peakmem_many_replicates": 1602056104534, "benchmarks.DTWF.time_human_chr22": 1602056156361, "benchmarks.DTWF.time_large_population_size": 1602056194240, "benchmarks.DTWF.time_long_sequence_length": 1602056206417, "benchmarks.DTWF.time_many_replicates": 1602056219689, "benchmarks.Hudson.peakmem_human_chr22": 1602056271566, "benchmarks.Hudson.peakmem_large_sample_size": 1602056304534, "benchmarks.Hudson.peakmem_long_sequence_length": 1602056359836, "benchmarks.Hudson.peakmem_long_sequence_length_gene_conversion": 1602056409085, "benchmarks.Hudson.peakmem_many_replicates": 1602056460338, "benchmarks.Hudson.time_human_chr22": 1602056491836, "benchmarks.Hudson.time_large_sample_size": 1602056524803, "benchmarks.Hudson.time_long_sequence_length": 1602056583213, "benchmarks.Hudson.time_long_sequence_length_gene_conversion": 1602056632062, "benchmarks.Hudson.time_many_replicates": 1602056682664}, "ended_at": {"benchmarks.DTWF.peakmem_human_chr22": 1602056079335, "benchmarks.DTWF.peakmem_large_population_size": 1602056091462, "benchmarks.DTWF.peakmem_long_sequence_length": 1602056104533, "benchmarks.DTWF.peakmem_many_replicates": 1602056156361, "benchmarks.DTWF.time_human_chr22": 1602056194240, "benchmarks.DTWF.time_large_population_size": 1602056206417, "benchmarks.DTWF.time_long_sequence_length": 1602056219688, "benchmarks.DTWF.time_many_replicates": 1602056271566, "benchmarks.Hudson.peakmem_human_chr22": 1602056304533, "benchmarks.Hudson.peakmem_large_sample_size": 1602056359835, "benchmarks.Hudson.peakmem_long_sequence_length": 1602056409084, "benchmarks.Hudson.peakmem_long_sequence_length_gene_conversion": 1602056460338, "benchmarks.Hudson.peakmem_many_replicates": 1602056491836, "benchmarks.Hudson.time_human_chr22": 1602056524803, "benchmarks.Hudson.time_large_sample_size": 1602056583213, "benchmarks.Hudson.time_long_sequence_length": 1602056632061, "benchmarks.Hudson.time_long_sequence_length_gene_conversion": 1602056682663, "benchmarks.Hudson.time_many_replicates": 1602056714262}, "benchmark_version": {"benchmarks.DTWF.peakmem_human_chr22": "f848688127844489b5870c5598d06fc61bdb8c1a31b2c71741fb842ce4869124", "benchmarks.DTWF.peakmem_large_population_size": "1c54016f27b74e5d827e0cf71dee2587b99237d50e0c3aa5bfb1e9a54bedf712", "benchmarks.DTWF.peakmem_long_sequence_length": "72b4498a433ac926a303683be39aa07c206b25c22caa613088af6cbe51544ce9", "benchmarks.DTWF.peakmem_many_replicates": "8d591fe1a84bfd039f312aef953605c494b28ed3e3b28bd41773b5a6bbab8e13", "benchmarks.DTWF.time_human_chr22": "d016729b716d45e5a6cc8608ae18480b4f3d6192cc29f39ad8e06222786408c6", "benchmarks.DTWF.time_large_population_size": "5393d907eb6d9700c18c23789395c3a6a8aecf236b49983e2d955dccc6f793a3", "benchmarks.DTWF.time_long_sequence_length": "89860f21a2ad81e267314c086383279e852e4560e27f425d127937bd62fb83f9", "benchmarks.DTWF.time_many_replicates": "8f8fa44794e1a510a8052653f41596e3e11adbcdc838d7ca59f99bdb491be41b", "benchmarks.Hudson.peakmem_human_chr22": "20ef616d263e941e12a3089b8e8dbfee94d982362fe475e40174ebc3506b102a", "benchmarks.Hudson.peakmem_large_sample_size": "0b75d04c5ff9994c35ae62a490034e021485c38567b2699884e524931587881a", "benchmarks.Hudson.peakmem_long_sequence_length": "edd9dee8418f69b81347803203f176ff269220225a8939dc1c4bc1ab32289f94", "benchmarks.Hudson.peakmem_long_sequence_length_gene_conversion": "2236f20c5a4cc1e037abd099ce1f70d0dd2045a14914c96dcc48d0507f45e1da", "benchmarks.Hudson.peakmem_many_replicates": "b93569a722fa5396ed6631750fbdd02c7b47148d63973610f802eb69db85679e", "benchmarks.Hudson.time_human_chr22": "e648432b5c065478e09802f16a5658d37b625c204e147517826817bd6b04acb1", "benchmarks.Hudson.time_large_sample_size": "7bc273fa1975809170f8f4dd7776de03dd9993132a83866c1c135afe37e4d541", "benchmarks.Hudson.time_long_sequence_length": "0b6c7c537bd986f4e9c36c5549b8e939955cbd49901f29827e3ce763790fb3b7", "benchmarks.Hudson.time_long_sequence_length_gene_conversion": "19005a2b4b33b284a84cc0ad033e2d2c646f2d264fd59a5a55e3c2246a05851b", "benchmarks.Hudson.time_many_replicates": "c0f9f49074ade65f919a2db206a10f03ba6f5b53fa86dce2a6a32e96dd8a5067"}, "version": 1}