{"results": {"benchmarks.DTWF.peakmem_human_chr22": 109182976, "benchmarks.DTWF.peakmem_large_population_size": 51589120, "benchmarks.DTWF.peakmem_long_sequence_length": 55222272, "benchmarks.DTWF.peakmem_many_replicates": 44740608, "benchmarks.DTWF.time_human_chr22": {"result": [37.92729674599832], "stats": [{"ci_99": [-Infinity, Infinity], "q_25": 37.92729674599832, "q_75": 37.92729674599832, "min": 37.92729674599832, "max": 37.92729674599832, "mean": 37.92729674599832, "std": 0.0, "repeat": 1, "number": 1}]}, "benchmarks.DTWF.time_large_population_size": {"result": [12.445619120000629], "stats": [{"ci_99": [-Infinity, Infinity], "q_25": 12.445619120000629, "q_75": 12.445619120000629, "min": 12.445619120000629, "max": 12.445619120000629, "mean": 12.445619120000629, "std": 0.0, "repeat": 1, "number": 1}]}, "benchmarks.DTWF.time_long_sequence_length": {"result": [13.232509730994934], "stats": [{"ci_99": [-Infinity, Infinity], "q_25": 13.232509730994934, "q_75": 13.232509730994934, "min": 13.232509730994934, "max": 13.232509730994934, "mean": 13.232509730994934, "std": 0.0, "repeat": 1, "number": 1}]}, "benchmarks.DTWF.time_many_replicates": {"result": [52.03235497800051], "stats": [{"ci_99": [-Infinity, Infinity], "q_25": 52.03235497800051, "q_75": 52.03235497800051, "min": 52.03235497800051, "max": 52.03235497800051, "mean": 52.03235497800051, "std": 0.0, "repeat": 1, "number": 1}]}, "benchmarks.Hudson.peakmem_human_chr22": 142471168, "benchmarks.Hudson.peakmem_large_sample_size": 835526656, "benchmarks.Hudson.peakmem_long_sequence_length": 167137280, "benchmarks.Hudson.peakmem_long_sequence_length_gene_conversion": 169508864, "benchmarks.Hudson.peakmem_many_replicates": 44863488, "benchmarks.Hudson.time_human_chr22": {"result": [32.51240811898606], "stats": [{"ci_99": [-Infinity, Infinity], "q_25": 32.51240811898606, "q_75": 32.51240811898606, "min": 32.51240811898606, "max": 32.51240811898606, "mean": 32.51240811898606, "std": 0.0, "repeat": 1, "number": 1}]}, "benchmarks.Hudson.time_large_sample_size": {"result": [63.233086158987135], "stats": [{"ci_99": [-Infinity, Infinity], "q_25": 63.233086158987135, "q_75": 63.233086158987135, "min": 63.233086158987135, "max": 63.233086158987135, "mean": 63.233086158987135, "std": 0.0, "repeat": 1, "number": 1}]}, "benchmarks.Hudson.time_long_sequence_length": {"result": [49.508189877000405], "stats": [{"ci_99": [-Infinity, Infinity], "q_25": 49.508189877000405, "q_75": 49.508189877000405, "min": 49.508189877000405, "max": 49.508189877000405, "mean": 49.508189877000405, "std": 0.0, "repeat": 1, "number": 1}]}, "benchmarks.Hudson.time_long_sequence_length_gene_conversion": {"result": [51.4248959159886], "stats": [{"ci_99": [-Infinity, Infinity], "q_25": 51.4248959159886, "q_75": 51.4248959159886, "min": 51.4248959159886, "max": 51.4248959159886, "mean": 51.4248959159886, "std": 0.0, "repeat": 1, "number": 1}]}, "benchmarks.Hudson.time_many_replicates": {"result": [31.376915267988807], "stats": [{"ci_99": [-Infinity, Infinity], "q_25": 31.376915267988807, "q_75": 31.376915267988807, "min": 31.376915267988807, "max": 31.376915267988807, "mean": 31.376915267988807, "std": 0.0, "repeat": 1, "number": 1}]}}, "params": {"arch": "x86_64", "cpu": "Intel(R) Core(TM) i5-3317U CPU @ 1.70GHz", "machine": "poplar", "num_cpu": "4", "os": "Linux 3.13.0-24-generic", "ram": "3931396", "python": "3.8", "stdpopsim": ""}, "requirements": {"stdpopsim": ""}, "commit_hash": "92348916ebda54fa674ca05decdad5e3b1970cc9", "date": 1585154662000, "env_name": "virtualenv-py3.8-stdpopsim", "python": "3.8", "profiles": {}, "started_at": {"benchmarks.DTWF.peakmem_human_chr22": 1602096324601, "benchmarks.DTWF.peakmem_large_population_size": 1602096362726, "benchmarks.DTWF.peakmem_long_sequence_length": 1602096375254, "benchmarks.DTWF.peakmem_many_replicates": 1602096388275, "benchmarks.DTWF.time_human_chr22": 1602096440253, "benchmarks.DTWF.time_large_population_size": 1602096478283, "benchmarks.DTWF.time_long_sequence_length": 1602096490861, "benchmarks.DTWF.time_many_replicates": 1602096504183, "benchmarks.Hudson.peakmem_human_chr22": 1602096556311, "benchmarks.Hudson.peakmem_large_sample_size": 1602096588928, "benchmarks.Hudson.peakmem_long_sequence_length": 1602096644583, "benchmarks.Hudson.peakmem_long_sequence_length_gene_conversion": 1602096693382, "benchmarks.Hudson.peakmem_many_replicates": 1602096743834, "benchmarks.Hudson.time_human_chr22": 1602096775332, "benchmarks.Hudson.time_large_sample_size": 1602096807949, "benchmarks.Hudson.time_long_sequence_length": 1602096871317, "benchmarks.Hudson.time_long_sequence_length_gene_conversion": 1602096920917, "benchmarks.Hudson.time_many_replicates": 1602096972472}, "ended_at": {"benchmarks.DTWF.peakmem_human_chr22": 1602096362726, "benchmarks.DTWF.peakmem_large_population_size": 1602096375254, "benchmarks.DTWF.peakmem_long_sequence_length": 1602096388275, "benchmarks.DTWF.peakmem_many_replicates": 1602096440253, "benchmarks.DTWF.time_human_chr22": 1602096478282, "benchmarks.DTWF.time_large_population_size": 1602096490861, "benchmarks.DTWF.time_long_sequence_length": 1602096504183, "benchmarks.DTWF.time_many_replicates": 1602096556311, "benchmarks.Hudson.peakmem_human_chr22": 1602096588928, "benchmarks.Hudson.peakmem_large_sample_size": 1602096644583, "benchmarks.Hudson.peakmem_long_sequence_length": 1602096693381, "benchmarks.Hudson.peakmem_long_sequence_length_gene_conversion": 1602096743834, "benchmarks.Hudson.peakmem_many_replicates": 1602096775332, "benchmarks.Hudson.time_human_chr22": 1602096807949, "benchmarks.Hudson.time_large_sample_size": 1602096871317, "benchmarks.Hudson.time_long_sequence_length": 1602096920917, "benchmarks.Hudson.time_long_sequence_length_gene_conversion": 1602096972472, "benchmarks.Hudson.time_many_replicates": 1602097003970}, "benchmark_version": {"benchmarks.DTWF.peakmem_human_chr22": "f848688127844489b5870c5598d06fc61bdb8c1a31b2c71741fb842ce4869124", "benchmarks.DTWF.peakmem_large_population_size": "1c54016f27b74e5d827e0cf71dee2587b99237d50e0c3aa5bfb1e9a54bedf712", "benchmarks.DTWF.peakmem_long_sequence_length": "72b4498a433ac926a303683be39aa07c206b25c22caa613088af6cbe51544ce9", "benchmarks.DTWF.peakmem_many_replicates": "8d591fe1a84bfd039f312aef953605c494b28ed3e3b28bd41773b5a6bbab8e13", "benchmarks.DTWF.time_human_chr22": "d016729b716d45e5a6cc8608ae18480b4f3d6192cc29f39ad8e06222786408c6", "benchmarks.DTWF.time_large_population_size": "5393d907eb6d9700c18c23789395c3a6a8aecf236b49983e2d955dccc6f793a3", "benchmarks.DTWF.time_long_sequence_length": "89860f21a2ad81e267314c086383279e852e4560e27f425d127937bd62fb83f9", "benchmarks.DTWF.time_many_replicates": "8f8fa44794e1a510a8052653f41596e3e11adbcdc838d7ca59f99bdb491be41b", "benchmarks.Hudson.peakmem_human_chr22": "20ef616d263e941e12a3089b8e8dbfee94d982362fe475e40174ebc3506b102a", "benchmarks.Hudson.peakmem_large_sample_size": "0b75d04c5ff9994c35ae62a490034e021485c38567b2699884e524931587881a", "benchmarks.Hudson.peakmem_long_sequence_length": "edd9dee8418f69b81347803203f176ff269220225a8939dc1c4bc1ab32289f94", "benchmarks.Hudson.peakmem_long_sequence_length_gene_conversion": "2236f20c5a4cc1e037abd099ce1f70d0dd2045a14914c96dcc48d0507f45e1da", "benchmarks.Hudson.peakmem_many_replicates": "b93569a722fa5396ed6631750fbdd02c7b47148d63973610f802eb69db85679e", "benchmarks.Hudson.time_human_chr22": "e648432b5c065478e09802f16a5658d37b625c204e147517826817bd6b04acb1", "benchmarks.Hudson.time_large_sample_size": "7bc273fa1975809170f8f4dd7776de03dd9993132a83866c1c135afe37e4d541", "benchmarks.Hudson.time_long_sequence_length": "0b6c7c537bd986f4e9c36c5549b8e939955cbd49901f29827e3ce763790fb3b7", "benchmarks.Hudson.time_long_sequence_length_gene_conversion": "19005a2b4b33b284a84cc0ad033e2d2c646f2d264fd59a5a55e3c2246a05851b", "benchmarks.Hudson.time_many_replicates": "c0f9f49074ade65f919a2db206a10f03ba6f5b53fa86dce2a6a32e96dd8a5067"}, "version": 1}