{"results": {"benchmarks.DTWF.peakmem_human_chr22": 111869952, "benchmarks.DTWF.peakmem_large_population_size": 55123968, "benchmarks.DTWF.peakmem_long_sequence_length": 47144960, "benchmarks.DTWF.peakmem_many_replicates": 47144960, "benchmarks.DTWF.time_human_chr22": {"result": [30.17837877800048], "stats": [{"ci_99": [-Infinity, Infinity], "q_25": 30.17837877800048, "q_75": 30.17837877800048, "min": 30.17837877800048, "max": 30.17837877800048, "mean": 30.17837877800048, "std": 0.0, "repeat": 1, "number": 1}]}, "benchmarks.DTWF.time_large_population_size": {"result": [10.860553194999738], "stats": [{"ci_99": [-Infinity, Infinity], "q_25": 10.860553194999738, "q_75": 10.860553194999738, "min": 10.860553194999738, "max": 10.860553194999738, "mean": 10.860553194999738, "std": 0.0, "repeat": 1, "number": 1}]}, "benchmarks.DTWF.time_long_sequence_length": {"result": [0.11204954000095313], "stats": [{"ci_99": [-Infinity, Infinity], "q_25": 0.11204954000095313, "q_75": 0.11204954000095313, "min": 0.11204954000095313, "max": 0.11204954000095313, "mean": 0.11204954000095313, "std": 0.0, "repeat": 1, "number": 1}]}, "benchmarks.DTWF.time_many_replicates": {"result": [47.40545917599957], "stats": [{"ci_99": [-Infinity, Infinity], "q_25": 47.40545917599957, "q_75": 47.40545917599957, "min": 47.40545917599957, "max": 47.40545917599957, "mean": 47.40545917599957, "std": 0.0, "repeat": 1, "number": 1}]}, "benchmarks.Hudson.peakmem_human_chr22": 147820544, "benchmarks.Hudson.peakmem_large_sample_size": 852500480, "benchmarks.Hudson.peakmem_long_sequence_length": 173031424, "benchmarks.Hudson.peakmem_many_replicates": 47255552, "benchmarks.Hudson.time_human_chr22": {"result": [55.464475009001035], "stats": [{"ci_99": [-Infinity, Infinity], "q_25": 55.464475009001035, "q_75": 55.464475009001035, "min": 55.464475009001035, "max": 55.464475009001035, "mean": 55.464475009001035, "std": 0.0, "repeat": 1, "number": 1}]}, "benchmarks.Hudson.time_large_sample_size": {"result": [70.18861893299982], "stats": [{"ci_99": [-Infinity, Infinity], "q_25": 70.18861893299982, "q_75": 70.18861893299982, "min": 70.18861893299982, "max": 70.18861893299982, "mean": 70.18861893299982, "std": 0.0, "repeat": 1, "number": 1}]}, "benchmarks.Hudson.time_long_sequence_length": {"result": [52.903782745999706], "stats": [{"ci_99": [-Infinity, Infinity], "q_25": 52.903782745999706, "q_75": 52.903782745999706, "min": 52.903782745999706, "max": 52.903782745999706, "mean": 52.903782745999706, "std": 0.0, "repeat": 1, "number": 1}]}, "benchmarks.Hudson.time_many_replicates": {"result": [28.584622505999505], "stats": [{"ci_99": [-Infinity, Infinity], "q_25": 28.584622505999505, "q_75": 28.584622505999505, "min": 28.584622505999505, "max": 28.584622505999505, "mean": 28.584622505999505, "std": 0.0, "repeat": 1, "number": 1}]}, "benchmarks.Hudson.peakmem_long_sequence_length_gene_conversion": 172392448, "benchmarks.Hudson.time_long_sequence_length_gene_conversion": {"result": [52.52236540499871], "stats": [{"ci_99": [-Infinity, Infinity], "q_25": 52.52236540499871, "q_75": 52.52236540499871, "min": 52.52236540499871, "max": 52.52236540499871, "mean": 52.52236540499871, "std": 0.0, "repeat": 1, "number": 1}]}}, "params": {"arch": "x86_64", "cpu": "Intel(R) Core(TM) i5-3317U CPU @ 1.70GHz", "machine": "poplar", "num_cpu": "4", "os": "Linux 3.13.0-24-generic", "ram": "3931396", "python": "3.8", "stdpopsim": ""}, "requirements": {"stdpopsim": ""}, "commit_hash": "935171840cf4faf88c1effc6e161207f4cd3a4b0", "date": 1601048947000, "env_name": "virtualenv-py3.8-stdpopsim", "python": "3.8", "profiles": {}, "started_at": {"benchmarks.DTWF.peakmem_human_chr22": 1601468889762, "benchmarks.DTWF.peakmem_large_population_size": 1601468920527, "benchmarks.DTWF.peakmem_long_sequence_length": 1601468931952, "benchmarks.DTWF.peakmem_many_replicates": 1601468932656, "benchmarks.DTWF.time_human_chr22": 1601468980624, "benchmarks.DTWF.time_large_population_size": 1601469011383, "benchmarks.DTWF.time_long_sequence_length": 1601469022857, "benchmarks.DTWF.time_many_replicates": 1601469023561, "benchmarks.Hudson.peakmem_human_chr22": 1601469071529, "benchmarks.Hudson.peakmem_large_sample_size": 1601469127587, "benchmarks.Hudson.peakmem_long_sequence_length": 1601469200264, "benchmarks.Hudson.peakmem_many_replicates": 1601469253769, "benchmarks.Hudson.time_human_chr22": 1601469282912, "benchmarks.Hudson.time_large_sample_size": 1601469338967, "benchmarks.Hudson.time_long_sequence_length": 1601469409734, "benchmarks.Hudson.time_many_replicates": 1601469463232, "benchmarks.Hudson.peakmem_long_sequence_length_gene_conversion": 1601474284666, "benchmarks.Hudson.time_long_sequence_length_gene_conversion": 1601474337070}, "ended_at": {"benchmarks.DTWF.peakmem_human_chr22": 1601468920526, "benchmarks.DTWF.peakmem_large_population_size": 1601468931952, "benchmarks.DTWF.peakmem_long_sequence_length": 1601468932656, "benchmarks.DTWF.peakmem_many_replicates": 1601468980624, "benchmarks.DTWF.time_human_chr22": 1601469011383, "benchmarks.DTWF.time_large_population_size": 1601469022857, "benchmarks.DTWF.time_long_sequence_length": 1601469023560, "benchmarks.DTWF.time_many_replicates": 1601469071529, "benchmarks.Hudson.peakmem_human_chr22": 1601469127587, "benchmarks.Hudson.peakmem_large_sample_size": 1601469200264, "benchmarks.Hudson.peakmem_long_sequence_length": 1601469253769, "benchmarks.Hudson.peakmem_many_replicates": 1601469282911, "benchmarks.Hudson.time_human_chr22": 1601469338966, "benchmarks.Hudson.time_large_sample_size": 1601469409733, "benchmarks.Hudson.time_long_sequence_length": 1601469463232, "benchmarks.Hudson.time_many_replicates": 1601469492374, "benchmarks.Hudson.peakmem_long_sequence_length_gene_conversion": 1601474337070, "benchmarks.Hudson.time_long_sequence_length_gene_conversion": 1601474390174}, "benchmark_version": {"benchmarks.DTWF.peakmem_human_chr22": "f848688127844489b5870c5598d06fc61bdb8c1a31b2c71741fb842ce4869124", "benchmarks.DTWF.peakmem_large_population_size": "1c54016f27b74e5d827e0cf71dee2587b99237d50e0c3aa5bfb1e9a54bedf712", "benchmarks.DTWF.peakmem_long_sequence_length": "72b4498a433ac926a303683be39aa07c206b25c22caa613088af6cbe51544ce9", "benchmarks.DTWF.peakmem_many_replicates": "8d591fe1a84bfd039f312aef953605c494b28ed3e3b28bd41773b5a6bbab8e13", "benchmarks.DTWF.time_human_chr22": "d016729b716d45e5a6cc8608ae18480b4f3d6192cc29f39ad8e06222786408c6", "benchmarks.DTWF.time_large_population_size": "5393d907eb6d9700c18c23789395c3a6a8aecf236b49983e2d955dccc6f793a3", "benchmarks.DTWF.time_long_sequence_length": "89860f21a2ad81e267314c086383279e852e4560e27f425d127937bd62fb83f9", "benchmarks.DTWF.time_many_replicates": "8f8fa44794e1a510a8052653f41596e3e11adbcdc838d7ca59f99bdb491be41b", "benchmarks.Hudson.peakmem_human_chr22": "20ef616d263e941e12a3089b8e8dbfee94d982362fe475e40174ebc3506b102a", "benchmarks.Hudson.peakmem_large_sample_size": "0b75d04c5ff9994c35ae62a490034e021485c38567b2699884e524931587881a", "benchmarks.Hudson.peakmem_long_sequence_length": "edd9dee8418f69b81347803203f176ff269220225a8939dc1c4bc1ab32289f94", "benchmarks.Hudson.peakmem_many_replicates": "b93569a722fa5396ed6631750fbdd02c7b47148d63973610f802eb69db85679e", "benchmarks.Hudson.time_human_chr22": "e648432b5c065478e09802f16a5658d37b625c204e147517826817bd6b04acb1", "benchmarks.Hudson.time_large_sample_size": "7bc273fa1975809170f8f4dd7776de03dd9993132a83866c1c135afe37e4d541", "benchmarks.Hudson.time_long_sequence_length": "0b6c7c537bd986f4e9c36c5549b8e939955cbd49901f29827e3ce763790fb3b7", "benchmarks.Hudson.time_many_replicates": "c0f9f49074ade65f919a2db206a10f03ba6f5b53fa86dce2a6a32e96dd8a5067", "benchmarks.Hudson.peakmem_long_sequence_length_gene_conversion": "2236f20c5a4cc1e037abd099ce1f70d0dd2045a14914c96dcc48d0507f45e1da", "benchmarks.Hudson.time_long_sequence_length_gene_conversion": "19005a2b4b33b284a84cc0ad033e2d2c646f2d264fd59a5a55e3c2246a05851b"}, "version": 1}