{"results": {"benchmarks.DTWF.peakmem_human_chr22": 114176000, "benchmarks.DTWF.peakmem_large_population_size": 57044992, "benchmarks.DTWF.peakmem_long_sequence_length": 59805696, "benchmarks.DTWF.peakmem_many_replicates": 49061888, "benchmarks.DTWF.time_human_chr22": {"result": [26.90152446599859], "stats": [{"ci_99": [-Infinity, Infinity], "q_25": 26.90152446599859, "q_75": 26.90152446599859, "min": 26.90152446599859, "max": 26.90152446599859, "mean": 26.90152446599859, "std": 0.0, "repeat": 1, "number": 1}]}, "benchmarks.DTWF.time_large_population_size": {"result": [10.857690902001195], "stats": [{"ci_99": [-Infinity, Infinity], "q_25": 10.857690902001195, "q_75": 10.857690902001195, "min": 10.857690902001195, "max": 10.857690902001195, "mean": 10.857690902001195, "std": 0.0, "repeat": 1, "number": 1}]}, "benchmarks.DTWF.time_long_sequence_length": {"result": [11.987739111000337], "stats": [{"ci_99": [-Infinity, Infinity], "q_25": 11.987739111000337, "q_75": 11.987739111000337, "min": 11.987739111000337, "max": 11.987739111000337, "mean": 11.987739111000337, "std": 0.0, "repeat": 1, "number": 1}]}, "benchmarks.DTWF.time_many_replicates": {"result": [47.375067189999754], "stats": [{"ci_99": [-Infinity, Infinity], "q_25": 47.375067189999754, "q_75": 47.375067189999754, "min": 47.375067189999754, "max": 47.375067189999754, "mean": 47.375067189999754, "std": 0.0, "repeat": 1, "number": 1}]}, "benchmarks.Hudson.peakmem_human_chr22": 151818240, "benchmarks.Hudson.peakmem_large_sample_size": 852901888, "benchmarks.Hudson.peakmem_long_sequence_length": 179597312, "benchmarks.Hudson.peakmem_long_sequence_length_gene_conversion": 176107520, "benchmarks.Hudson.peakmem_many_replicates": 48582656, "benchmarks.Hudson.time_human_chr22": {"result": [35.553141108999625], "stats": [{"ci_99": [-Infinity, Infinity], "q_25": 35.553141108999625, "q_75": 35.553141108999625, "min": 35.553141108999625, "max": 35.553141108999625, "mean": 35.553141108999625, "std": 0.0, "repeat": 1, "number": 1}]}, "benchmarks.Hudson.time_large_sample_size": {"result": [66.0330670659987], "stats": [{"ci_99": [-Infinity, Infinity], "q_25": 66.0330670659987, "q_75": 66.0330670659987, "min": 66.0330670659987, "max": 66.0330670659987, "mean": 66.0330670659987, "std": 0.0, "repeat": 1, "number": 1}]}, "benchmarks.Hudson.time_long_sequence_length": {"result": [50.270946070999344], "stats": [{"ci_99": [-Infinity, Infinity], "q_25": 50.270946070999344, "q_75": 50.270946070999344, "min": 50.270946070999344, "max": 50.270946070999344, "mean": 50.270946070999344, "std": 0.0, "repeat": 1, "number": 1}]}, "benchmarks.Hudson.time_long_sequence_length_gene_conversion": {"result": [51.72148455800016], "stats": [{"ci_99": [-Infinity, Infinity], "q_25": 51.72148455800016, "q_75": 51.72148455800016, "min": 51.72148455800016, "max": 51.72148455800016, "mean": 51.72148455800016, "std": 0.0, "repeat": 1, "number": 1}]}, "benchmarks.Hudson.time_many_replicates": {"result": [28.01972500500051], "stats": [{"ci_99": [-Infinity, Infinity], "q_25": 28.01972500500051, "q_75": 28.01972500500051, "min": 28.01972500500051, "max": 28.01972500500051, "mean": 28.01972500500051, "std": 0.0, "repeat": 1, "number": 1}]}}, "params": {"arch": "x86_64", "cpu": "Intel(R) Core(TM) i5-3317U CPU @ 1.70GHz", "machine": "poplar", "num_cpu": "4", "os": "Linux 3.13.0-24-generic", "ram": "3931396", "python": "3.8", "stdpopsim": ""}, "requirements": {"stdpopsim": ""}, "commit_hash": "987922ee6a123f50aac6b3eb7cbfb120cf150380", "date": 1604925890000, "env_name": "virtualenv-py3.8-stdpopsim", "python": "3.8", "profiles": {}, "started_at": {"benchmarks.DTWF.peakmem_human_chr22": 1604929540595, "benchmarks.DTWF.peakmem_large_population_size": 1604929568303, "benchmarks.DTWF.peakmem_long_sequence_length": 1604929579729, "benchmarks.DTWF.peakmem_many_replicates": 1604929592251, "benchmarks.DTWF.time_human_chr22": 1604929640025, "benchmarks.DTWF.time_large_population_size": 1604929667483, "benchmarks.DTWF.time_long_sequence_length": 1604929678910, "benchmarks.DTWF.time_many_replicates": 1604929691481, "benchmarks.Hudson.peakmem_human_chr22": 1604929739456, "benchmarks.Hudson.peakmem_large_sample_size": 1604929775981, "benchmarks.Hudson.peakmem_long_sequence_length": 1604929844003, "benchmarks.Hudson.peakmem_long_sequence_length_gene_conversion": 1604929895157, "benchmarks.Hudson.peakmem_many_replicates": 1604929947512, "benchmarks.Hudson.time_human_chr22": 1604929976008, "benchmarks.Hudson.time_large_sample_size": 1604930012131, "benchmarks.Hudson.time_long_sequence_length": 1604930078751, "benchmarks.Hudson.time_long_sequence_length_gene_conversion": 1604930129604, "benchmarks.Hudson.time_many_replicates": 1604930181910}, "ended_at": {"benchmarks.DTWF.peakmem_human_chr22": 1604929568303, "benchmarks.DTWF.peakmem_large_population_size": 1604929579729, "benchmarks.DTWF.peakmem_long_sequence_length": 1604929592250, "benchmarks.DTWF.peakmem_many_replicates": 1604929640025, "benchmarks.DTWF.time_human_chr22": 1604929667483, "benchmarks.DTWF.time_large_population_size": 1604929678909, "benchmarks.DTWF.time_long_sequence_length": 1604929691480, "benchmarks.DTWF.time_many_replicates": 1604929739455, "benchmarks.Hudson.peakmem_human_chr22": 1604929775981, "benchmarks.Hudson.peakmem_large_sample_size": 1604929844002, "benchmarks.Hudson.peakmem_long_sequence_length": 1604929895156, "benchmarks.Hudson.peakmem_long_sequence_length_gene_conversion": 1604929947512, "benchmarks.Hudson.peakmem_many_replicates": 1604929976007, "benchmarks.Hudson.time_human_chr22": 1604930012131, "benchmarks.Hudson.time_large_sample_size": 1604930078750, "benchmarks.Hudson.time_long_sequence_length": 1604930129603, "benchmarks.Hudson.time_long_sequence_length_gene_conversion": 1604930181909, "benchmarks.Hudson.time_many_replicates": 1604930210505}, "benchmark_version": {"benchmarks.DTWF.peakmem_human_chr22": "f848688127844489b5870c5598d06fc61bdb8c1a31b2c71741fb842ce4869124", "benchmarks.DTWF.peakmem_large_population_size": "1c54016f27b74e5d827e0cf71dee2587b99237d50e0c3aa5bfb1e9a54bedf712", "benchmarks.DTWF.peakmem_long_sequence_length": "72b4498a433ac926a303683be39aa07c206b25c22caa613088af6cbe51544ce9", "benchmarks.DTWF.peakmem_many_replicates": "8d591fe1a84bfd039f312aef953605c494b28ed3e3b28bd41773b5a6bbab8e13", "benchmarks.DTWF.time_human_chr22": "d016729b716d45e5a6cc8608ae18480b4f3d6192cc29f39ad8e06222786408c6", "benchmarks.DTWF.time_large_population_size": "5393d907eb6d9700c18c23789395c3a6a8aecf236b49983e2d955dccc6f793a3", "benchmarks.DTWF.time_long_sequence_length": "89860f21a2ad81e267314c086383279e852e4560e27f425d127937bd62fb83f9", "benchmarks.DTWF.time_many_replicates": "8f8fa44794e1a510a8052653f41596e3e11adbcdc838d7ca59f99bdb491be41b", "benchmarks.Hudson.peakmem_human_chr22": "20ef616d263e941e12a3089b8e8dbfee94d982362fe475e40174ebc3506b102a", "benchmarks.Hudson.peakmem_large_sample_size": "0b75d04c5ff9994c35ae62a490034e021485c38567b2699884e524931587881a", "benchmarks.Hudson.peakmem_long_sequence_length": "edd9dee8418f69b81347803203f176ff269220225a8939dc1c4bc1ab32289f94", "benchmarks.Hudson.peakmem_long_sequence_length_gene_conversion": "2236f20c5a4cc1e037abd099ce1f70d0dd2045a14914c96dcc48d0507f45e1da", "benchmarks.Hudson.peakmem_many_replicates": "b93569a722fa5396ed6631750fbdd02c7b47148d63973610f802eb69db85679e", "benchmarks.Hudson.time_human_chr22": "e648432b5c065478e09802f16a5658d37b625c204e147517826817bd6b04acb1", "benchmarks.Hudson.time_large_sample_size": "7bc273fa1975809170f8f4dd7776de03dd9993132a83866c1c135afe37e4d541", "benchmarks.Hudson.time_long_sequence_length": "0b6c7c537bd986f4e9c36c5549b8e939955cbd49901f29827e3ce763790fb3b7", "benchmarks.Hudson.time_long_sequence_length_gene_conversion": "19005a2b4b33b284a84cc0ad033e2d2c646f2d264fd59a5a55e3c2246a05851b", "benchmarks.Hudson.time_many_replicates": "c0f9f49074ade65f919a2db206a10f03ba6f5b53fa86dce2a6a32e96dd8a5067"}, "version": 1}