{"results": {"benchmarks.DTWF.peakmem_human_chr22": 106782720, "benchmarks.DTWF.peakmem_large_population_size": 52629504, "benchmarks.DTWF.peakmem_long_sequence_length": 54919168, "benchmarks.DTWF.peakmem_many_replicates": 43724800, "benchmarks.DTWF.time_human_chr22": {"result": [40.83607345900964], "stats": [{"ci_99": [-Infinity, Infinity], "q_25": 40.83607345900964, "q_75": 40.83607345900964, "min": 40.83607345900964, "max": 40.83607345900964, "mean": 40.83607345900964, "std": 0.0, "repeat": 1, "number": 1}]}, "benchmarks.DTWF.time_large_population_size": {"result": [10.874591418018099], "stats": [{"ci_99": [-Infinity, Infinity], "q_25": 10.874591418018099, "q_75": 10.874591418018099, "min": 10.874591418018099, "max": 10.874591418018099, "mean": 10.874591418018099, "std": 0.0, "repeat": 1, "number": 1}]}, "benchmarks.DTWF.time_long_sequence_length": {"result": [12.550621369999135], "stats": [{"ci_99": [-Infinity, Infinity], "q_25": 12.550621369999135, "q_75": 12.550621369999135, "min": 12.550621369999135, "max": 12.550621369999135, "mean": 12.550621369999135, "std": 0.0, "repeat": 1, "number": 1}]}, "benchmarks.DTWF.time_many_replicates": {"result": [50.56718305798131], "stats": [{"ci_99": [-Infinity, Infinity], "q_25": 50.56718305798131, "q_75": 50.56718305798131, "min": 50.56718305798131, "max": 50.56718305798131, "mean": 50.56718305798131, "std": 0.0, "repeat": 1, "number": 1}]}, "benchmarks.Hudson.peakmem_human_chr22": 140939264, "benchmarks.Hudson.peakmem_large_sample_size": 835956736, "benchmarks.Hudson.peakmem_long_sequence_length": 168095744, "benchmarks.Hudson.peakmem_long_sequence_length_gene_conversion": 168095744, "benchmarks.Hudson.peakmem_many_replicates": 43876352, "benchmarks.Hudson.time_human_chr22": {"result": [31.552459739003098], "stats": [{"ci_99": [-Infinity, Infinity], "q_25": 31.552459739003098, "q_75": 31.552459739003098, "min": 31.552459739003098, "max": 31.552459739003098, "mean": 31.552459739003098, "std": 0.0, "repeat": 1, "number": 1}]}, "benchmarks.Hudson.time_large_sample_size": {"result": [53.23071854800219], "stats": [{"ci_99": [-Infinity, Infinity], "q_25": 53.23071854800219, "q_75": 53.23071854800219, "min": 53.23071854800219, "max": 53.23071854800219, "mean": 53.23071854800219, "std": 0.0, "repeat": 1, "number": 1}]}, "benchmarks.Hudson.time_long_sequence_length": {"result": [49.356408559018746], "stats": [{"ci_99": [-Infinity, Infinity], "q_25": 49.356408559018746, "q_75": 49.356408559018746, "min": 49.356408559018746, "max": 49.356408559018746, "mean": 49.356408559018746, "std": 0.0, "repeat": 1, "number": 1}]}, "benchmarks.Hudson.time_long_sequence_length_gene_conversion": {"result": [50.49768414100981], "stats": [{"ci_99": [-Infinity, Infinity], "q_25": 50.49768414100981, "q_75": 50.49768414100981, "min": 50.49768414100981, "max": 50.49768414100981, "mean": 50.49768414100981, "std": 0.0, "repeat": 1, "number": 1}]}, "benchmarks.Hudson.time_many_replicates": {"result": [31.484189352981048], "stats": [{"ci_99": [-Infinity, Infinity], "q_25": 31.484189352981048, "q_75": 31.484189352981048, "min": 31.484189352981048, "max": 31.484189352981048, "mean": 31.484189352981048, "std": 0.0, "repeat": 1, "number": 1}]}}, "params": {"arch": "x86_64", "cpu": "Intel(R) Core(TM) i5-3317U CPU @ 1.70GHz", "machine": "poplar", "num_cpu": "4", "os": "Linux 3.13.0-24-generic", "ram": "3931396", "python": "3.8", "stdpopsim": ""}, "requirements": {"stdpopsim": ""}, "commit_hash": "991c97687f73d01d42fe0f8b836483f29fe6564a", "date": 1588153410000, "env_name": "virtualenv-py3.8-stdpopsim", "python": "3.8", "profiles": {}, "started_at": {"benchmarks.DTWF.peakmem_human_chr22": 1602074036531, "benchmarks.DTWF.peakmem_large_population_size": 1602074075612, "benchmarks.DTWF.peakmem_long_sequence_length": 1602074086587, "benchmarks.DTWF.peakmem_many_replicates": 1602074098957, "benchmarks.DTWF.time_human_chr22": 1602074149583, "benchmarks.DTWF.time_large_population_size": 1602074190518, "benchmarks.DTWF.time_long_sequence_length": 1602074201493, "benchmarks.DTWF.time_many_replicates": 1602074214164, "benchmarks.Hudson.peakmem_human_chr22": 1602074264841, "benchmarks.Hudson.peakmem_large_sample_size": 1602074298058, "benchmarks.Hudson.peakmem_long_sequence_length": 1602074353612, "benchmarks.Hudson.peakmem_long_sequence_length_gene_conversion": 1602074402812, "benchmarks.Hudson.peakmem_many_replicates": 1602074453464, "benchmarks.Hudson.time_human_chr22": 1602074484962, "benchmarks.Hudson.time_large_sample_size": 1602074516627, "benchmarks.Hudson.time_long_sequence_length": 1602074569976, "benchmarks.Hudson.time_long_sequence_length_gene_conversion": 1602074619426, "benchmarks.Hudson.time_many_replicates": 1602074670028}, "ended_at": {"benchmarks.DTWF.peakmem_human_chr22": 1602074075612, "benchmarks.DTWF.peakmem_large_population_size": 1602074086586, "benchmarks.DTWF.peakmem_long_sequence_length": 1602074098957, "benchmarks.DTWF.peakmem_many_replicates": 1602074149583, "benchmarks.DTWF.time_human_chr22": 1602074190518, "benchmarks.DTWF.time_large_population_size": 1602074201493, "benchmarks.DTWF.time_long_sequence_length": 1602074214164, "benchmarks.DTWF.time_many_replicates": 1602074264840, "benchmarks.Hudson.peakmem_human_chr22": 1602074298058, "benchmarks.Hudson.peakmem_large_sample_size": 1602074353612, "benchmarks.Hudson.peakmem_long_sequence_length": 1602074402812, "benchmarks.Hudson.peakmem_long_sequence_length_gene_conversion": 1602074453464, "benchmarks.Hudson.peakmem_many_replicates": 1602074484962, "benchmarks.Hudson.time_human_chr22": 1602074516627, "benchmarks.Hudson.time_large_sample_size": 1602074569976, "benchmarks.Hudson.time_long_sequence_length": 1602074619425, "benchmarks.Hudson.time_long_sequence_length_gene_conversion": 1602074670027, "benchmarks.Hudson.time_many_replicates": 1602074701626}, "benchmark_version": {"benchmarks.DTWF.peakmem_human_chr22": "f848688127844489b5870c5598d06fc61bdb8c1a31b2c71741fb842ce4869124", "benchmarks.DTWF.peakmem_large_population_size": "1c54016f27b74e5d827e0cf71dee2587b99237d50e0c3aa5bfb1e9a54bedf712", "benchmarks.DTWF.peakmem_long_sequence_length": "72b4498a433ac926a303683be39aa07c206b25c22caa613088af6cbe51544ce9", "benchmarks.DTWF.peakmem_many_replicates": "8d591fe1a84bfd039f312aef953605c494b28ed3e3b28bd41773b5a6bbab8e13", "benchmarks.DTWF.time_human_chr22": "d016729b716d45e5a6cc8608ae18480b4f3d6192cc29f39ad8e06222786408c6", "benchmarks.DTWF.time_large_population_size": "5393d907eb6d9700c18c23789395c3a6a8aecf236b49983e2d955dccc6f793a3", "benchmarks.DTWF.time_long_sequence_length": "89860f21a2ad81e267314c086383279e852e4560e27f425d127937bd62fb83f9", "benchmarks.DTWF.time_many_replicates": "8f8fa44794e1a510a8052653f41596e3e11adbcdc838d7ca59f99bdb491be41b", "benchmarks.Hudson.peakmem_human_chr22": "20ef616d263e941e12a3089b8e8dbfee94d982362fe475e40174ebc3506b102a", "benchmarks.Hudson.peakmem_large_sample_size": "0b75d04c5ff9994c35ae62a490034e021485c38567b2699884e524931587881a", "benchmarks.Hudson.peakmem_long_sequence_length": "edd9dee8418f69b81347803203f176ff269220225a8939dc1c4bc1ab32289f94", "benchmarks.Hudson.peakmem_long_sequence_length_gene_conversion": "2236f20c5a4cc1e037abd099ce1f70d0dd2045a14914c96dcc48d0507f45e1da", "benchmarks.Hudson.peakmem_many_replicates": "b93569a722fa5396ed6631750fbdd02c7b47148d63973610f802eb69db85679e", "benchmarks.Hudson.time_human_chr22": "e648432b5c065478e09802f16a5658d37b625c204e147517826817bd6b04acb1", "benchmarks.Hudson.time_large_sample_size": "7bc273fa1975809170f8f4dd7776de03dd9993132a83866c1c135afe37e4d541", "benchmarks.Hudson.time_long_sequence_length": "0b6c7c537bd986f4e9c36c5549b8e939955cbd49901f29827e3ce763790fb3b7", "benchmarks.Hudson.time_long_sequence_length_gene_conversion": "19005a2b4b33b284a84cc0ad033e2d2c646f2d264fd59a5a55e3c2246a05851b", "benchmarks.Hudson.time_many_replicates": "c0f9f49074ade65f919a2db206a10f03ba6f5b53fa86dce2a6a32e96dd8a5067"}, "version": 1}