{"results": {"benchmarks.DTWF.peakmem_human_chr22": 107372544, "benchmarks.DTWF.peakmem_large_population_size": 52727808, "benchmarks.DTWF.peakmem_long_sequence_length": 54804480, "benchmarks.DTWF.peakmem_many_replicates": 44605440, "benchmarks.DTWF.time_human_chr22": {"result": [38.72640841000248], "stats": [{"ci_99": [-Infinity, Infinity], "q_25": 38.72640841000248, "q_75": 38.72640841000248, "min": 38.72640841000248, "max": 38.72640841000248, "mean": 38.72640841000248, "std": 0.0, "repeat": 1, "number": 1}]}, "benchmarks.DTWF.time_large_population_size": {"result": [11.259609388973331], "stats": [{"ci_99": [-Infinity, Infinity], "q_25": 11.259609388973331, "q_75": 11.259609388973331, "min": 11.259609388973331, "max": 11.259609388973331, "mean": 11.259609388973331, "std": 0.0, "repeat": 1, "number": 1}]}, "benchmarks.DTWF.time_long_sequence_length": {"result": [12.45875178798451], "stats": [{"ci_99": [-Infinity, Infinity], "q_25": 12.45875178798451, "q_75": 12.45875178798451, "min": 12.45875178798451, "max": 12.45875178798451, "mean": 12.45875178798451, "std": 0.0, "repeat": 1, "number": 1}]}, "benchmarks.DTWF.time_many_replicates": {"result": [51.126217357988935], "stats": [{"ci_99": [-Infinity, Infinity], "q_25": 51.126217357988935, "q_75": 51.126217357988935, "min": 51.126217357988935, "max": 51.126217357988935, "mean": 51.126217357988935, "std": 0.0, "repeat": 1, "number": 1}]}, "benchmarks.Hudson.peakmem_human_chr22": 143138816, "benchmarks.Hudson.peakmem_large_sample_size": 842842112, "benchmarks.Hudson.peakmem_long_sequence_length": 165830656, "benchmarks.Hudson.peakmem_long_sequence_length_gene_conversion": 170233856, "benchmarks.Hudson.peakmem_many_replicates": 44871680, "benchmarks.Hudson.time_human_chr22": {"result": [33.43467444900307], "stats": [{"ci_99": [-Infinity, Infinity], "q_25": 33.43467444900307, "q_75": 33.43467444900307, "min": 33.43467444900307, "max": 33.43467444900307, "mean": 33.43467444900307, "std": 0.0, "repeat": 1, "number": 1}]}, "benchmarks.Hudson.time_large_sample_size": {"result": [57.320008882990805], "stats": [{"ci_99": [-Infinity, Infinity], "q_25": 57.320008882990805, "q_75": 57.320008882990805, "min": 57.320008882990805, "max": 57.320008882990805, "mean": 57.320008882990805, "std": 0.0, "repeat": 1, "number": 1}]}, "benchmarks.Hudson.time_long_sequence_length": {"result": [51.54188837201218], "stats": [{"ci_99": [-Infinity, Infinity], "q_25": 51.54188837201218, "q_75": 51.54188837201218, "min": 51.54188837201218, "max": 51.54188837201218, "mean": 51.54188837201218, "std": 0.0, "repeat": 1, "number": 1}]}, "benchmarks.Hudson.time_long_sequence_length_gene_conversion": {"result": [51.53228221001336], "stats": [{"ci_99": [-Infinity, Infinity], "q_25": 51.53228221001336, "q_75": 51.53228221001336, "min": 51.53228221001336, "max": 51.53228221001336, "mean": 51.53228221001336, "std": 0.0, "repeat": 1, "number": 1}]}, "benchmarks.Hudson.time_many_replicates": {"result": [31.36347043098067], "stats": [{"ci_99": [-Infinity, Infinity], "q_25": 31.36347043098067, "q_75": 31.36347043098067, "min": 31.36347043098067, "max": 31.36347043098067, "mean": 31.36347043098067, "std": 0.0, "repeat": 1, "number": 1}]}}, "params": {"arch": "x86_64", "cpu": "Intel(R) Core(TM) i5-3317U CPU @ 1.70GHz", "machine": "poplar", "num_cpu": "4", "os": "Linux 3.13.0-24-generic", "ram": "3931396", "python": "3.8", "stdpopsim": ""}, "requirements": {"stdpopsim": ""}, "commit_hash": "99b1bb4187b59419914b9e6d8bfe0e52c3fbae77", "date": 1592241059000, "env_name": "virtualenv-py3.8-stdpopsim", "python": "3.8", "profiles": {}, "started_at": {"benchmarks.DTWF.peakmem_human_chr22": 1602041636269, "benchmarks.DTWF.peakmem_large_population_size": 1602041675300, "benchmarks.DTWF.peakmem_long_sequence_length": 1602041686675, "benchmarks.DTWF.peakmem_many_replicates": 1602041698995, "benchmarks.DTWF.time_human_chr22": 1602041749972, "benchmarks.DTWF.time_large_population_size": 1602041788802, "benchmarks.DTWF.time_long_sequence_length": 1602041800177, "benchmarks.DTWF.time_many_replicates": 1602041812748, "benchmarks.Hudson.peakmem_human_chr22": 1602041863974, "benchmarks.Hudson.peakmem_large_sample_size": 1602041897242, "benchmarks.Hudson.peakmem_long_sequence_length": 1602041951392, "benchmarks.Hudson.peakmem_long_sequence_length_gene_conversion": 1602042001242, "benchmarks.Hudson.peakmem_many_replicates": 1602042053196, "benchmarks.Hudson.time_human_chr22": 1602042084543, "benchmarks.Hudson.time_large_sample_size": 1602042118112, "benchmarks.Hudson.time_long_sequence_length": 1602042175566, "benchmarks.Hudson.time_long_sequence_length_gene_conversion": 1602042227216, "benchmarks.Hudson.time_many_replicates": 1602042278869}, "ended_at": {"benchmarks.DTWF.peakmem_human_chr22": 1602041675299, "benchmarks.DTWF.peakmem_large_population_size": 1602041686675, "benchmarks.DTWF.peakmem_long_sequence_length": 1602041698995, "benchmarks.DTWF.peakmem_many_replicates": 1602041749971, "benchmarks.DTWF.time_human_chr22": 1602041788801, "benchmarks.DTWF.time_large_population_size": 1602041800177, "benchmarks.DTWF.time_long_sequence_length": 1602041812747, "benchmarks.DTWF.time_many_replicates": 1602041863974, "benchmarks.Hudson.peakmem_human_chr22": 1602041897242, "benchmarks.Hudson.peakmem_large_sample_size": 1602041951392, "benchmarks.Hudson.peakmem_long_sequence_length": 1602042001242, "benchmarks.Hudson.peakmem_long_sequence_length_gene_conversion": 1602042053195, "benchmarks.Hudson.peakmem_many_replicates": 1602042084543, "benchmarks.Hudson.time_human_chr22": 1602042118112, "benchmarks.Hudson.time_large_sample_size": 1602042175566, "benchmarks.Hudson.time_long_sequence_length": 1602042227216, "benchmarks.Hudson.time_long_sequence_length_gene_conversion": 1602042278869, "benchmarks.Hudson.time_many_replicates": 1602042310367}, "benchmark_version": {"benchmarks.DTWF.peakmem_human_chr22": "f848688127844489b5870c5598d06fc61bdb8c1a31b2c71741fb842ce4869124", "benchmarks.DTWF.peakmem_large_population_size": "1c54016f27b74e5d827e0cf71dee2587b99237d50e0c3aa5bfb1e9a54bedf712", "benchmarks.DTWF.peakmem_long_sequence_length": "72b4498a433ac926a303683be39aa07c206b25c22caa613088af6cbe51544ce9", "benchmarks.DTWF.peakmem_many_replicates": "8d591fe1a84bfd039f312aef953605c494b28ed3e3b28bd41773b5a6bbab8e13", "benchmarks.DTWF.time_human_chr22": "d016729b716d45e5a6cc8608ae18480b4f3d6192cc29f39ad8e06222786408c6", "benchmarks.DTWF.time_large_population_size": "5393d907eb6d9700c18c23789395c3a6a8aecf236b49983e2d955dccc6f793a3", "benchmarks.DTWF.time_long_sequence_length": "89860f21a2ad81e267314c086383279e852e4560e27f425d127937bd62fb83f9", "benchmarks.DTWF.time_many_replicates": "8f8fa44794e1a510a8052653f41596e3e11adbcdc838d7ca59f99bdb491be41b", "benchmarks.Hudson.peakmem_human_chr22": "20ef616d263e941e12a3089b8e8dbfee94d982362fe475e40174ebc3506b102a", "benchmarks.Hudson.peakmem_large_sample_size": "0b75d04c5ff9994c35ae62a490034e021485c38567b2699884e524931587881a", "benchmarks.Hudson.peakmem_long_sequence_length": "edd9dee8418f69b81347803203f176ff269220225a8939dc1c4bc1ab32289f94", "benchmarks.Hudson.peakmem_long_sequence_length_gene_conversion": "2236f20c5a4cc1e037abd099ce1f70d0dd2045a14914c96dcc48d0507f45e1da", "benchmarks.Hudson.peakmem_many_replicates": "b93569a722fa5396ed6631750fbdd02c7b47148d63973610f802eb69db85679e", "benchmarks.Hudson.time_human_chr22": "e648432b5c065478e09802f16a5658d37b625c204e147517826817bd6b04acb1", "benchmarks.Hudson.time_large_sample_size": "7bc273fa1975809170f8f4dd7776de03dd9993132a83866c1c135afe37e4d541", "benchmarks.Hudson.time_long_sequence_length": "0b6c7c537bd986f4e9c36c5549b8e939955cbd49901f29827e3ce763790fb3b7", "benchmarks.Hudson.time_long_sequence_length_gene_conversion": "19005a2b4b33b284a84cc0ad033e2d2c646f2d264fd59a5a55e3c2246a05851b", "benchmarks.Hudson.time_many_replicates": "c0f9f49074ade65f919a2db206a10f03ba6f5b53fa86dce2a6a32e96dd8a5067"}, "version": 1}