{"results": {"benchmarks.DTWF.peakmem_human_chr22": 110575616, "benchmarks.DTWF.peakmem_large_population_size": 53387264, "benchmarks.DTWF.peakmem_long_sequence_length": 56008704, "benchmarks.DTWF.peakmem_many_replicates": 45756416, "benchmarks.DTWF.time_human_chr22": {"result": [30.560856970987516], "stats": [{"ci_99": [-Infinity, Infinity], "q_25": 30.560856970987516, "q_75": 30.560856970987516, "min": 30.560856970987516, "max": 30.560856970987516, "mean": 30.560856970987516, "std": 0.0, "repeat": 1, "number": 1}]}, "benchmarks.DTWF.time_large_population_size": {"result": [11.244832965021487], "stats": [{"ci_99": [-Infinity, Infinity], "q_25": 11.244832965021487, "q_75": 11.244832965021487, "min": 11.244832965021487, "max": 11.244832965021487, "mean": 11.244832965021487, "std": 0.0, "repeat": 1, "number": 1}]}, "benchmarks.DTWF.time_long_sequence_length": {"result": [12.267093489004765], "stats": [{"ci_99": [-Infinity, Infinity], "q_25": 12.267093489004765, "q_75": 12.267093489004765, "min": 12.267093489004765, "max": 12.267093489004765, "mean": 12.267093489004765, "std": 0.0, "repeat": 1, "number": 1}]}, "benchmarks.DTWF.time_many_replicates": {"result": [52.65869533500518], "stats": [{"ci_99": [-Infinity, Infinity], "q_25": 52.65869533500518, "q_75": 52.65869533500518, "min": 52.65869533500518, "max": 52.65869533500518, "mean": 52.65869533500518, "std": 0.0, "repeat": 1, "number": 1}]}, "benchmarks.Hudson.peakmem_human_chr22": 145797120, "benchmarks.Hudson.peakmem_large_sample_size": 801296384, "benchmarks.Hudson.peakmem_long_sequence_length": 171950080, "benchmarks.Hudson.peakmem_long_sequence_length_gene_conversion": 174043136, "benchmarks.Hudson.peakmem_many_replicates": 45948928, "benchmarks.Hudson.time_human_chr22": {"result": [53.70006856400869], "stats": [{"ci_99": [-Infinity, Infinity], "q_25": 53.70006856400869, "q_75": 53.70006856400869, "min": 53.70006856400869, "max": 53.70006856400869, "mean": 53.70006856400869, "std": 0.0, "repeat": 1, "number": 1}]}, "benchmarks.Hudson.time_large_sample_size": {"result": [54.777642826986266], "stats": [{"ci_99": [-Infinity, Infinity], "q_25": 54.777642826986266, "q_75": 54.777642826986266, "min": 54.777642826986266, "max": 54.777642826986266, "mean": 54.777642826986266, "std": 0.0, "repeat": 1, "number": 1}]}, "benchmarks.Hudson.time_long_sequence_length": {"result": [49.99673197302036], "stats": [{"ci_99": [-Infinity, Infinity], "q_25": 49.99673197302036, "q_75": 49.99673197302036, "min": 49.99673197302036, "max": 49.99673197302036, "mean": 49.99673197302036, "std": 0.0, "repeat": 1, "number": 1}]}, "benchmarks.Hudson.time_long_sequence_length_gene_conversion": {"result": [50.53775326200412], "stats": [{"ci_99": [-Infinity, Infinity], "q_25": 50.53775326200412, "q_75": 50.53775326200412, "min": 50.53775326200412, "max": 50.53775326200412, "mean": 50.53775326200412, "std": 0.0, "repeat": 1, "number": 1}]}, "benchmarks.Hudson.time_many_replicates": {"result": [33.55636751599377], "stats": [{"ci_99": [-Infinity, Infinity], "q_25": 33.55636751599377, "q_75": 33.55636751599377, "min": 33.55636751599377, "max": 33.55636751599377, "mean": 33.55636751599377, "std": 0.0, "repeat": 1, "number": 1}]}}, "params": {"arch": "x86_64", "cpu": "Intel(R) Core(TM) i5-3317U CPU @ 1.70GHz", "machine": "poplar", "num_cpu": "4", "os": "Linux 3.13.0-24-generic", "ram": "3931396", "python": "3.8", "stdpopsim": ""}, "requirements": {"stdpopsim": ""}, "commit_hash": "9bf57c5166878db280475609d7c947f543665398", "date": 1599586891000, "env_name": "virtualenv-py3.8-stdpopsim", "python": "3.8", "profiles": {}, "started_at": {"benchmarks.DTWF.peakmem_human_chr22": 1602002067575, "benchmarks.DTWF.peakmem_large_population_size": 1602002100242, "benchmarks.DTWF.peakmem_long_sequence_length": 1602002111618, "benchmarks.DTWF.peakmem_many_replicates": 1602002123888, "benchmarks.DTWF.time_human_chr22": 1602002177018, "benchmarks.DTWF.time_large_population_size": 1602002207682, "benchmarks.DTWF.time_long_sequence_length": 1602002219057, "benchmarks.DTWF.time_many_replicates": 1602002231428, "benchmarks.Hudson.peakmem_human_chr22": 1602002284207, "benchmarks.Hudson.peakmem_large_sample_size": 1602002336611, "benchmarks.Hudson.peakmem_long_sequence_length": 1602002395620, "benchmarks.Hudson.peakmem_long_sequence_length_gene_conversion": 1602002444367, "benchmarks.Hudson.peakmem_many_replicates": 1602002494917, "benchmarks.Hudson.time_human_chr22": 1602002528868, "benchmarks.Hudson.time_large_sample_size": 1602002582675, "benchmarks.Hudson.time_long_sequence_length": 1602002637577, "benchmarks.Hudson.time_long_sequence_length_gene_conversion": 1602002687677, "benchmarks.Hudson.time_many_replicates": 1602002738328}, "ended_at": {"benchmarks.DTWF.peakmem_human_chr22": 1602002100242, "benchmarks.DTWF.peakmem_large_population_size": 1602002111617, "benchmarks.DTWF.peakmem_long_sequence_length": 1602002123888, "benchmarks.DTWF.peakmem_many_replicates": 1602002177018, "benchmarks.DTWF.time_human_chr22": 1602002207681, "benchmarks.DTWF.time_large_population_size": 1602002219057, "benchmarks.DTWF.time_long_sequence_length": 1602002231428, "benchmarks.DTWF.time_many_replicates": 1602002284207, "benchmarks.Hudson.peakmem_human_chr22": 1602002336611, "benchmarks.Hudson.peakmem_large_sample_size": 1602002395620, "benchmarks.Hudson.peakmem_long_sequence_length": 1602002444367, "benchmarks.Hudson.peakmem_long_sequence_length_gene_conversion": 1602002494916, "benchmarks.Hudson.peakmem_many_replicates": 1602002528868, "benchmarks.Hudson.time_human_chr22": 1602002582675, "benchmarks.Hudson.time_large_sample_size": 1602002637577, "benchmarks.Hudson.time_long_sequence_length": 1602002687677, "benchmarks.Hudson.time_long_sequence_length_gene_conversion": 1602002738327, "benchmarks.Hudson.time_many_replicates": 1602002771979}, "benchmark_version": {"benchmarks.DTWF.peakmem_human_chr22": "f848688127844489b5870c5598d06fc61bdb8c1a31b2c71741fb842ce4869124", "benchmarks.DTWF.peakmem_large_population_size": "1c54016f27b74e5d827e0cf71dee2587b99237d50e0c3aa5bfb1e9a54bedf712", "benchmarks.DTWF.peakmem_long_sequence_length": "72b4498a433ac926a303683be39aa07c206b25c22caa613088af6cbe51544ce9", "benchmarks.DTWF.peakmem_many_replicates": "8d591fe1a84bfd039f312aef953605c494b28ed3e3b28bd41773b5a6bbab8e13", "benchmarks.DTWF.time_human_chr22": "d016729b716d45e5a6cc8608ae18480b4f3d6192cc29f39ad8e06222786408c6", "benchmarks.DTWF.time_large_population_size": "5393d907eb6d9700c18c23789395c3a6a8aecf236b49983e2d955dccc6f793a3", "benchmarks.DTWF.time_long_sequence_length": "89860f21a2ad81e267314c086383279e852e4560e27f425d127937bd62fb83f9", "benchmarks.DTWF.time_many_replicates": "8f8fa44794e1a510a8052653f41596e3e11adbcdc838d7ca59f99bdb491be41b", "benchmarks.Hudson.peakmem_human_chr22": "20ef616d263e941e12a3089b8e8dbfee94d982362fe475e40174ebc3506b102a", "benchmarks.Hudson.peakmem_large_sample_size": "0b75d04c5ff9994c35ae62a490034e021485c38567b2699884e524931587881a", "benchmarks.Hudson.peakmem_long_sequence_length": "edd9dee8418f69b81347803203f176ff269220225a8939dc1c4bc1ab32289f94", "benchmarks.Hudson.peakmem_long_sequence_length_gene_conversion": "2236f20c5a4cc1e037abd099ce1f70d0dd2045a14914c96dcc48d0507f45e1da", "benchmarks.Hudson.peakmem_many_replicates": "b93569a722fa5396ed6631750fbdd02c7b47148d63973610f802eb69db85679e", "benchmarks.Hudson.time_human_chr22": "e648432b5c065478e09802f16a5658d37b625c204e147517826817bd6b04acb1", "benchmarks.Hudson.time_large_sample_size": "7bc273fa1975809170f8f4dd7776de03dd9993132a83866c1c135afe37e4d541", "benchmarks.Hudson.time_long_sequence_length": "0b6c7c537bd986f4e9c36c5549b8e939955cbd49901f29827e3ce763790fb3b7", "benchmarks.Hudson.time_long_sequence_length_gene_conversion": "19005a2b4b33b284a84cc0ad033e2d2c646f2d264fd59a5a55e3c2246a05851b", "benchmarks.Hudson.time_many_replicates": "c0f9f49074ade65f919a2db206a10f03ba6f5b53fa86dce2a6a32e96dd8a5067"}, "version": 1}