{"results": {"benchmarks.DTWF.peakmem_human_chr22": 111624192, "benchmarks.DTWF.peakmem_large_population_size": 55316480, "benchmarks.DTWF.peakmem_long_sequence_length": 47337472, "benchmarks.DTWF.peakmem_many_replicates": 46620672, "benchmarks.DTWF.time_human_chr22": {"result": [29.38099079099993], "stats": [{"ci_99": [-Infinity, Infinity], "q_25": 29.38099079099993, "q_75": 29.38099079099993, "min": 29.38099079099993, "max": 29.38099079099993, "mean": 29.38099079099993, "std": 0.0, "repeat": 1, "number": 1}]}, "benchmarks.DTWF.time_large_population_size": {"result": [10.910404849999395], "stats": [{"ci_99": [-Infinity, Infinity], "q_25": 10.910404849999395, "q_75": 10.910404849999395, "min": 10.910404849999395, "max": 10.910404849999395, "mean": 10.910404849999395, "std": 0.0, "repeat": 1, "number": 1}]}, "benchmarks.DTWF.time_long_sequence_length": {"result": [0.11196724899855326], "stats": [{"ci_99": [-Infinity, Infinity], "q_25": 0.11196724899855326, "q_75": 0.11196724899855326, "min": 0.11196724899855326, "max": 0.11196724899855326, "mean": 0.11196724899855326, "std": 0.0, "repeat": 1, "number": 1}]}, "benchmarks.DTWF.time_many_replicates": {"result": [47.375853813000504], "stats": [{"ci_99": [-Infinity, Infinity], "q_25": 47.375853813000504, "q_75": 47.375853813000504, "min": 47.375853813000504, "max": 47.375853813000504, "mean": 47.375853813000504, "std": 0.0, "repeat": 1, "number": 1}]}, "benchmarks.Hudson.peakmem_human_chr22": 148807680, "benchmarks.Hudson.peakmem_large_sample_size": 851513344, "benchmarks.Hudson.peakmem_long_sequence_length": 172875776, "benchmarks.Hudson.peakmem_many_replicates": 46612480, "benchmarks.Hudson.time_human_chr22": {"result": [54.84920101000171], "stats": [{"ci_99": [-Infinity, Infinity], "q_25": 54.84920101000171, "q_75": 54.84920101000171, "min": 54.84920101000171, "max": 54.84920101000171, "mean": 54.84920101000171, "std": 0.0, "repeat": 1, "number": 1}]}, "benchmarks.Hudson.time_large_sample_size": {"result": [75.4751295240003], "stats": [{"ci_99": [-Infinity, Infinity], "q_25": 75.4751295240003, "q_75": 75.4751295240003, "min": 75.4751295240003, "max": 75.4751295240003, "mean": 75.4751295240003, "std": 0.0, "repeat": 1, "number": 1}]}, "benchmarks.Hudson.time_long_sequence_length": {"result": [51.818981671000074], "stats": [{"ci_99": [-Infinity, Infinity], "q_25": 51.818981671000074, "q_75": 51.818981671000074, "min": 51.818981671000074, "max": 51.818981671000074, "mean": 51.818981671000074, "std": 0.0, "repeat": 1, "number": 1}]}, "benchmarks.Hudson.time_many_replicates": {"result": [28.593084198000724], "stats": [{"ci_99": [-Infinity, Infinity], "q_25": 28.593084198000724, "q_75": 28.593084198000724, "min": 28.593084198000724, "max": 28.593084198000724, "mean": 28.593084198000724, "std": 0.0, "repeat": 1, "number": 1}]}, "benchmarks.Hudson.peakmem_long_sequence_length_gene_conversion": 172548096, "benchmarks.Hudson.time_long_sequence_length_gene_conversion": {"result": [53.64021331099866], "stats": [{"ci_99": [-Infinity, Infinity], "q_25": 53.64021331099866, "q_75": 53.64021331099866, "min": 53.64021331099866, "max": 53.64021331099866, "mean": 53.64021331099866, "std": 0.0, "repeat": 1, "number": 1}]}}, "params": {"arch": "x86_64", "cpu": "Intel(R) Core(TM) i5-3317U CPU @ 1.70GHz", "machine": "poplar", "num_cpu": "4", "os": "Linux 3.13.0-24-generic", "ram": "3931396", "python": "3.8", "stdpopsim": ""}, "requirements": {"stdpopsim": ""}, "commit_hash": "9c91bff98402b738a90b79b6bf44cf8064eb23d2", "date": 1601301084000, "env_name": "virtualenv-py3.8-stdpopsim", "python": "3.8", "profiles": {}, "started_at": {"benchmarks.DTWF.peakmem_human_chr22": 1601465126110, "benchmarks.DTWF.peakmem_large_population_size": 1601465155773, "benchmarks.DTWF.peakmem_long_sequence_length": 1601465167249, "benchmarks.DTWF.peakmem_many_replicates": 1601465167953, "benchmarks.DTWF.time_human_chr22": 1601465215725, "benchmarks.DTWF.time_large_population_size": 1601465245689, "benchmarks.DTWF.time_long_sequence_length": 1601465257165, "benchmarks.DTWF.time_many_replicates": 1601465257869, "benchmarks.Hudson.peakmem_human_chr22": 1601465305842, "benchmarks.Hudson.peakmem_large_sample_size": 1601465361252, "benchmarks.Hudson.peakmem_long_sequence_length": 1601465437134, "benchmarks.Hudson.peakmem_many_replicates": 1601465489539, "benchmarks.Hudson.time_human_chr22": 1601465518584, "benchmarks.Hudson.time_large_sample_size": 1601465573995, "benchmarks.Hudson.time_long_sequence_length": 1601465650078, "benchmarks.Hudson.time_many_replicates": 1601465702483, "benchmarks.Hudson.peakmem_long_sequence_length_gene_conversion": 1601473806291, "benchmarks.Hudson.time_long_sequence_length_gene_conversion": 1601473858095}, "ended_at": {"benchmarks.DTWF.peakmem_human_chr22": 1601465155773, "benchmarks.DTWF.peakmem_large_population_size": 1601465167249, "benchmarks.DTWF.peakmem_long_sequence_length": 1601465167952, "benchmarks.DTWF.peakmem_many_replicates": 1601465215725, "benchmarks.DTWF.time_human_chr22": 1601465245689, "benchmarks.DTWF.time_large_population_size": 1601465257165, "benchmarks.DTWF.time_long_sequence_length": 1601465257868, "benchmarks.DTWF.time_many_replicates": 1601465305842, "benchmarks.Hudson.peakmem_human_chr22": 1601465361252, "benchmarks.Hudson.peakmem_large_sample_size": 1601465437134, "benchmarks.Hudson.peakmem_long_sequence_length": 1601465489538, "benchmarks.Hudson.peakmem_many_replicates": 1601465518584, "benchmarks.Hudson.time_human_chr22": 1601465573994, "benchmarks.Hudson.time_large_sample_size": 1601465650077, "benchmarks.Hudson.time_long_sequence_length": 1601465702483, "benchmarks.Hudson.time_many_replicates": 1601465731678, "benchmarks.Hudson.peakmem_long_sequence_length_gene_conversion": 1601473858094, "benchmarks.Hudson.time_long_sequence_length_gene_conversion": 1601473912303}, "benchmark_version": {"benchmarks.DTWF.peakmem_human_chr22": "f848688127844489b5870c5598d06fc61bdb8c1a31b2c71741fb842ce4869124", "benchmarks.DTWF.peakmem_large_population_size": "1c54016f27b74e5d827e0cf71dee2587b99237d50e0c3aa5bfb1e9a54bedf712", "benchmarks.DTWF.peakmem_long_sequence_length": "72b4498a433ac926a303683be39aa07c206b25c22caa613088af6cbe51544ce9", "benchmarks.DTWF.peakmem_many_replicates": "8d591fe1a84bfd039f312aef953605c494b28ed3e3b28bd41773b5a6bbab8e13", "benchmarks.DTWF.time_human_chr22": "d016729b716d45e5a6cc8608ae18480b4f3d6192cc29f39ad8e06222786408c6", "benchmarks.DTWF.time_large_population_size": "5393d907eb6d9700c18c23789395c3a6a8aecf236b49983e2d955dccc6f793a3", "benchmarks.DTWF.time_long_sequence_length": "89860f21a2ad81e267314c086383279e852e4560e27f425d127937bd62fb83f9", "benchmarks.DTWF.time_many_replicates": "8f8fa44794e1a510a8052653f41596e3e11adbcdc838d7ca59f99bdb491be41b", "benchmarks.Hudson.peakmem_human_chr22": "20ef616d263e941e12a3089b8e8dbfee94d982362fe475e40174ebc3506b102a", "benchmarks.Hudson.peakmem_large_sample_size": "0b75d04c5ff9994c35ae62a490034e021485c38567b2699884e524931587881a", "benchmarks.Hudson.peakmem_long_sequence_length": "edd9dee8418f69b81347803203f176ff269220225a8939dc1c4bc1ab32289f94", "benchmarks.Hudson.peakmem_many_replicates": "b93569a722fa5396ed6631750fbdd02c7b47148d63973610f802eb69db85679e", "benchmarks.Hudson.time_human_chr22": "e648432b5c065478e09802f16a5658d37b625c204e147517826817bd6b04acb1", "benchmarks.Hudson.time_large_sample_size": "7bc273fa1975809170f8f4dd7776de03dd9993132a83866c1c135afe37e4d541", "benchmarks.Hudson.time_long_sequence_length": "0b6c7c537bd986f4e9c36c5549b8e939955cbd49901f29827e3ce763790fb3b7", "benchmarks.Hudson.time_many_replicates": "c0f9f49074ade65f919a2db206a10f03ba6f5b53fa86dce2a6a32e96dd8a5067", "benchmarks.Hudson.peakmem_long_sequence_length_gene_conversion": "2236f20c5a4cc1e037abd099ce1f70d0dd2045a14914c96dcc48d0507f45e1da", "benchmarks.Hudson.time_long_sequence_length_gene_conversion": "19005a2b4b33b284a84cc0ad033e2d2c646f2d264fd59a5a55e3c2246a05851b"}, "version": 1}