{"results": {"benchmarks.DTWF.peakmem_human_chr22": 110297088, "benchmarks.DTWF.peakmem_large_population_size": 52371456, "benchmarks.DTWF.peakmem_long_sequence_length": 54792192, "benchmarks.DTWF.peakmem_many_replicates": 45191168, "benchmarks.DTWF.time_human_chr22": {"result": [40.75044785698992], "stats": [{"ci_99": [-Infinity, Infinity], "q_25": 40.75044785698992, "q_75": 40.75044785698992, "min": 40.75044785698992, "max": 40.75044785698992, "mean": 40.75044785698992, "std": 0.0, "repeat": 1, "number": 1}]}, "benchmarks.DTWF.time_large_population_size": {"result": [10.87131305100047], "stats": [{"ci_99": [-Infinity, Infinity], "q_25": 10.87131305100047, "q_75": 10.87131305100047, "min": 10.87131305100047, "max": 10.87131305100047, "mean": 10.87131305100047, "std": 0.0, "repeat": 1, "number": 1}]}, "benchmarks.DTWF.time_long_sequence_length": {"result": [12.147060828981921], "stats": [{"ci_99": [-Infinity, Infinity], "q_25": 12.147060828981921, "q_75": 12.147060828981921, "min": 12.147060828981921, "max": 12.147060828981921, "mean": 12.147060828981921, "std": 0.0, "repeat": 1, "number": 1}]}, "benchmarks.DTWF.time_many_replicates": {"result": [51.0878699439927], "stats": [{"ci_99": [-Infinity, Infinity], "q_25": 51.0878699439927, "q_75": 51.0878699439927, "min": 51.0878699439927, "max": 51.0878699439927, "mean": 51.0878699439927, "std": 0.0, "repeat": 1, "number": 1}]}, "benchmarks.Hudson.peakmem_human_chr22": 143585280, "benchmarks.Hudson.peakmem_large_sample_size": 816091136, "benchmarks.Hudson.peakmem_long_sequence_length": 168366080, "benchmarks.Hudson.peakmem_long_sequence_length_gene_conversion": 168726528, "benchmarks.Hudson.peakmem_many_replicates": 44126208, "benchmarks.Hudson.time_human_chr22": {"result": [32.11682838998968], "stats": [{"ci_99": [-Infinity, Infinity], "q_25": 32.11682838998968, "q_75": 32.11682838998968, "min": 32.11682838998968, "max": 32.11682838998968, "mean": 32.11682838998968, "std": 0.0, "repeat": 1, "number": 1}]}, "benchmarks.Hudson.time_large_sample_size": {"result": [53.26323003700236], "stats": [{"ci_99": [-Infinity, Infinity], "q_25": 53.26323003700236, "q_75": 53.26323003700236, "min": 53.26323003700236, "max": 53.26323003700236, "mean": 53.26323003700236, "std": 0.0, "repeat": 1, "number": 1}]}, "benchmarks.Hudson.time_long_sequence_length": {"result": [49.11135919499793], "stats": [{"ci_99": [-Infinity, Infinity], "q_25": 49.11135919499793, "q_75": 49.11135919499793, "min": 49.11135919499793, "max": 49.11135919499793, "mean": 49.11135919499793, "std": 0.0, "repeat": 1, "number": 1}]}, "benchmarks.Hudson.time_long_sequence_length_gene_conversion": {"result": [51.41186659000232], "stats": [{"ci_99": [-Infinity, Infinity], "q_25": 51.41186659000232, "q_75": 51.41186659000232, "min": 51.41186659000232, "max": 51.41186659000232, "mean": 51.41186659000232, "std": 0.0, "repeat": 1, "number": 1}]}, "benchmarks.Hudson.time_many_replicates": {"result": [31.658809742017183], "stats": [{"ci_99": [-Infinity, Infinity], "q_25": 31.658809742017183, "q_75": 31.658809742017183, "min": 31.658809742017183, "max": 31.658809742017183, "mean": 31.658809742017183, "std": 0.0, "repeat": 1, "number": 1}]}}, "params": {"arch": "x86_64", "cpu": "Intel(R) Core(TM) i5-3317U CPU @ 1.70GHz", "machine": "poplar", "num_cpu": "4", "os": "Linux 3.13.0-24-generic", "ram": "3931396", "python": "3.8", "stdpopsim": ""}, "requirements": {"stdpopsim": ""}, "commit_hash": "9e50debe0ea23a1e650dac22ac8376b78ff8f8c2", "date": 1592229392000, "env_name": "virtualenv-py3.8-stdpopsim", "python": "3.8", "profiles": {}, "started_at": {"benchmarks.DTWF.peakmem_human_chr22": 1602043003066, "benchmarks.DTWF.peakmem_large_population_size": 1602043039843, "benchmarks.DTWF.peakmem_long_sequence_length": 1602043050867, "benchmarks.DTWF.peakmem_many_replicates": 1602043063488, "benchmarks.DTWF.time_human_chr22": 1602043114715, "benchmarks.DTWF.time_large_population_size": 1602043155599, "benchmarks.DTWF.time_long_sequence_length": 1602043166574, "benchmarks.DTWF.time_many_replicates": 1602043178844, "benchmarks.Hudson.peakmem_human_chr22": 1602043230021, "benchmarks.Hudson.peakmem_large_sample_size": 1602043262988, "benchmarks.Hudson.peakmem_long_sequence_length": 1602043316587, "benchmarks.Hudson.peakmem_long_sequence_length_gene_conversion": 1602043367590, "benchmarks.Hudson.peakmem_many_replicates": 1602043418842, "benchmarks.Hudson.time_human_chr22": 1602043450691, "benchmarks.Hudson.time_large_sample_size": 1602043482906, "benchmarks.Hudson.time_long_sequence_length": 1602043536298, "benchmarks.Hudson.time_long_sequence_length_gene_conversion": 1602043585540, "benchmarks.Hudson.time_many_replicates": 1602043637040}, "ended_at": {"benchmarks.DTWF.peakmem_human_chr22": 1602043039843, "benchmarks.DTWF.peakmem_large_population_size": 1602043050867, "benchmarks.DTWF.peakmem_long_sequence_length": 1602043063488, "benchmarks.DTWF.peakmem_many_replicates": 1602043114715, "benchmarks.DTWF.time_human_chr22": 1602043155599, "benchmarks.DTWF.time_large_population_size": 1602043166574, "benchmarks.DTWF.time_long_sequence_length": 1602043178844, "benchmarks.DTWF.time_many_replicates": 1602043230020, "benchmarks.Hudson.peakmem_human_chr22": 1602043262988, "benchmarks.Hudson.peakmem_large_sample_size": 1602043316587, "benchmarks.Hudson.peakmem_long_sequence_length": 1602043367590, "benchmarks.Hudson.peakmem_long_sequence_length_gene_conversion": 1602043418842, "benchmarks.Hudson.peakmem_many_replicates": 1602043450691, "benchmarks.Hudson.time_human_chr22": 1602043482906, "benchmarks.Hudson.time_large_sample_size": 1602043536298, "benchmarks.Hudson.time_long_sequence_length": 1602043585539, "benchmarks.Hudson.time_long_sequence_length_gene_conversion": 1602043637040, "benchmarks.Hudson.time_many_replicates": 1602043668788}, "benchmark_version": {"benchmarks.DTWF.peakmem_human_chr22": "f848688127844489b5870c5598d06fc61bdb8c1a31b2c71741fb842ce4869124", "benchmarks.DTWF.peakmem_large_population_size": "1c54016f27b74e5d827e0cf71dee2587b99237d50e0c3aa5bfb1e9a54bedf712", "benchmarks.DTWF.peakmem_long_sequence_length": "72b4498a433ac926a303683be39aa07c206b25c22caa613088af6cbe51544ce9", "benchmarks.DTWF.peakmem_many_replicates": "8d591fe1a84bfd039f312aef953605c494b28ed3e3b28bd41773b5a6bbab8e13", "benchmarks.DTWF.time_human_chr22": "d016729b716d45e5a6cc8608ae18480b4f3d6192cc29f39ad8e06222786408c6", "benchmarks.DTWF.time_large_population_size": "5393d907eb6d9700c18c23789395c3a6a8aecf236b49983e2d955dccc6f793a3", "benchmarks.DTWF.time_long_sequence_length": "89860f21a2ad81e267314c086383279e852e4560e27f425d127937bd62fb83f9", "benchmarks.DTWF.time_many_replicates": "8f8fa44794e1a510a8052653f41596e3e11adbcdc838d7ca59f99bdb491be41b", "benchmarks.Hudson.peakmem_human_chr22": "20ef616d263e941e12a3089b8e8dbfee94d982362fe475e40174ebc3506b102a", "benchmarks.Hudson.peakmem_large_sample_size": "0b75d04c5ff9994c35ae62a490034e021485c38567b2699884e524931587881a", "benchmarks.Hudson.peakmem_long_sequence_length": "edd9dee8418f69b81347803203f176ff269220225a8939dc1c4bc1ab32289f94", "benchmarks.Hudson.peakmem_long_sequence_length_gene_conversion": "2236f20c5a4cc1e037abd099ce1f70d0dd2045a14914c96dcc48d0507f45e1da", "benchmarks.Hudson.peakmem_many_replicates": "b93569a722fa5396ed6631750fbdd02c7b47148d63973610f802eb69db85679e", "benchmarks.Hudson.time_human_chr22": "e648432b5c065478e09802f16a5658d37b625c204e147517826817bd6b04acb1", "benchmarks.Hudson.time_large_sample_size": "7bc273fa1975809170f8f4dd7776de03dd9993132a83866c1c135afe37e4d541", "benchmarks.Hudson.time_long_sequence_length": "0b6c7c537bd986f4e9c36c5549b8e939955cbd49901f29827e3ce763790fb3b7", "benchmarks.Hudson.time_long_sequence_length_gene_conversion": "19005a2b4b33b284a84cc0ad033e2d2c646f2d264fd59a5a55e3c2246a05851b", "benchmarks.Hudson.time_many_replicates": "c0f9f49074ade65f919a2db206a10f03ba6f5b53fa86dce2a6a32e96dd8a5067"}, "version": 1}