{"results": {"benchmarks.DTWF.peakmem_human_chr22": 109285376, "benchmarks.DTWF.peakmem_large_population_size": 51810304, "benchmarks.DTWF.peakmem_long_sequence_length": 54054912, "benchmarks.DTWF.peakmem_many_replicates": 44285952, "benchmarks.DTWF.time_human_chr22": {"result": [38.524502579006366], "stats": [{"ci_99": [-Infinity, Infinity], "q_25": 38.524502579006366, "q_75": 38.524502579006366, "min": 38.524502579006366, "max": 38.524502579006366, "mean": 38.524502579006366, "std": 0.0, "repeat": 1, "number": 1}]}, "benchmarks.DTWF.time_large_population_size": {"result": [12.401552903989796], "stats": [{"ci_99": [-Infinity, Infinity], "q_25": 12.401552903989796, "q_75": 12.401552903989796, "min": 12.401552903989796, "max": 12.401552903989796, "mean": 12.401552903989796, "std": 0.0, "repeat": 1, "number": 1}]}, "benchmarks.DTWF.time_long_sequence_length": {"result": [12.913800520997029], "stats": [{"ci_99": [-Infinity, Infinity], "q_25": 12.913800520997029, "q_75": 12.913800520997029, "min": 12.913800520997029, "max": 12.913800520997029, "mean": 12.913800520997029, "std": 0.0, "repeat": 1, "number": 1}]}, "benchmarks.DTWF.time_many_replicates": {"result": [52.03371458800393], "stats": [{"ci_99": [-Infinity, Infinity], "q_25": 52.03371458800393, "q_75": 52.03371458800393, "min": 52.03371458800393, "max": 52.03371458800393, "mean": 52.03371458800393, "std": 0.0, "repeat": 1, "number": 1}]}, "benchmarks.Hudson.peakmem_human_chr22": 142618624, "benchmarks.Hudson.peakmem_large_sample_size": 835756032, "benchmarks.Hudson.peakmem_long_sequence_length": 167415808, "benchmarks.Hudson.peakmem_long_sequence_length_gene_conversion": 169762816, "benchmarks.Hudson.peakmem_many_replicates": 44490752, "benchmarks.Hudson.time_human_chr22": {"result": [32.45498187400517], "stats": [{"ci_99": [-Infinity, Infinity], "q_25": 32.45498187400517, "q_75": 32.45498187400517, "min": 32.45498187400517, "max": 32.45498187400517, "mean": 32.45498187400517, "std": 0.0, "repeat": 1, "number": 1}]}, "benchmarks.Hudson.time_large_sample_size": {"result": [55.60115322499769], "stats": [{"ci_99": [-Infinity, Infinity], "q_25": 55.60115322499769, "q_75": 55.60115322499769, "min": 55.60115322499769, "max": 55.60115322499769, "mean": 55.60115322499769, "std": 0.0, "repeat": 1, "number": 1}]}, "benchmarks.Hudson.time_long_sequence_length": {"result": [48.79632995201973], "stats": [{"ci_99": [-Infinity, Infinity], "q_25": 48.79632995201973, "q_75": 48.79632995201973, "min": 48.79632995201973, "max": 48.79632995201973, "mean": 48.79632995201973, "std": 0.0, "repeat": 1, "number": 1}]}, "benchmarks.Hudson.time_long_sequence_length_gene_conversion": {"result": [50.42462346301181], "stats": [{"ci_99": [-Infinity, Infinity], "q_25": 50.42462346301181, "q_75": 50.42462346301181, "min": 50.42462346301181, "max": 50.42462346301181, "mean": 50.42462346301181, "std": 0.0, "repeat": 1, "number": 1}]}, "benchmarks.Hudson.time_many_replicates": {"result": [31.311139649013057], "stats": [{"ci_99": [-Infinity, Infinity], "q_25": 31.311139649013057, "q_75": 31.311139649013057, "min": 31.311139649013057, "max": 31.311139649013057, "mean": 31.311139649013057, "std": 0.0, "repeat": 1, "number": 1}]}}, "params": {"arch": "x86_64", "cpu": "Intel(R) Core(TM) i5-3317U CPU @ 1.70GHz", "machine": "poplar", "num_cpu": "4", "os": "Linux 3.13.0-24-generic", "ram": "3931396", "python": "3.8", "stdpopsim": ""}, "requirements": {"stdpopsim": ""}, "commit_hash": "9fd76778f3bb46e23e16229d44a480dac6b4dc73", "date": 1586962089000, "env_name": "virtualenv-py3.8-stdpopsim", "python": "3.8", "profiles": {}, "started_at": {"benchmarks.DTWF.peakmem_human_chr22": 1602087749890, "benchmarks.DTWF.peakmem_large_population_size": 1602087788070, "benchmarks.DTWF.peakmem_long_sequence_length": 1602087800647, "benchmarks.DTWF.peakmem_many_replicates": 1602087814069, "benchmarks.DTWF.time_human_chr22": 1602087866248, "benchmarks.DTWF.time_large_population_size": 1602087904878, "benchmarks.DTWF.time_long_sequence_length": 1602087917406, "benchmarks.DTWF.time_many_replicates": 1602087930427, "benchmarks.Hudson.peakmem_human_chr22": 1602087982555, "benchmarks.Hudson.peakmem_large_sample_size": 1602088014621, "benchmarks.Hudson.peakmem_long_sequence_length": 1602088069473, "benchmarks.Hudson.peakmem_long_sequence_length_gene_conversion": 1602088118622, "benchmarks.Hudson.peakmem_many_replicates": 1602088169625, "benchmarks.Hudson.time_human_chr22": 1602088201023, "benchmarks.Hudson.time_large_sample_size": 1602088233589, "benchmarks.Hudson.time_long_sequence_length": 1602088289293, "benchmarks.Hudson.time_long_sequence_length_gene_conversion": 1602088338187, "benchmarks.Hudson.time_many_replicates": 1602088388739}, "ended_at": {"benchmarks.DTWF.peakmem_human_chr22": 1602087788069, "benchmarks.DTWF.peakmem_large_population_size": 1602087800647, "benchmarks.DTWF.peakmem_long_sequence_length": 1602087814069, "benchmarks.DTWF.peakmem_many_replicates": 1602087866248, "benchmarks.DTWF.time_human_chr22": 1602087904878, "benchmarks.DTWF.time_large_population_size": 1602087917406, "benchmarks.DTWF.time_long_sequence_length": 1602087930427, "benchmarks.DTWF.time_many_replicates": 1602087982555, "benchmarks.Hudson.peakmem_human_chr22": 1602088014621, "benchmarks.Hudson.peakmem_large_sample_size": 1602088069473, "benchmarks.Hudson.peakmem_long_sequence_length": 1602088118622, "benchmarks.Hudson.peakmem_long_sequence_length_gene_conversion": 1602088169625, "benchmarks.Hudson.peakmem_many_replicates": 1602088201023, "benchmarks.Hudson.time_human_chr22": 1602088233589, "benchmarks.Hudson.time_large_sample_size": 1602088289293, "benchmarks.Hudson.time_long_sequence_length": 1602088338186, "benchmarks.Hudson.time_long_sequence_length_gene_conversion": 1602088388738, "benchmarks.Hudson.time_many_replicates": 1602088420187}, "benchmark_version": {"benchmarks.DTWF.peakmem_human_chr22": "f848688127844489b5870c5598d06fc61bdb8c1a31b2c71741fb842ce4869124", "benchmarks.DTWF.peakmem_large_population_size": "1c54016f27b74e5d827e0cf71dee2587b99237d50e0c3aa5bfb1e9a54bedf712", "benchmarks.DTWF.peakmem_long_sequence_length": "72b4498a433ac926a303683be39aa07c206b25c22caa613088af6cbe51544ce9", "benchmarks.DTWF.peakmem_many_replicates": "8d591fe1a84bfd039f312aef953605c494b28ed3e3b28bd41773b5a6bbab8e13", "benchmarks.DTWF.time_human_chr22": "d016729b716d45e5a6cc8608ae18480b4f3d6192cc29f39ad8e06222786408c6", "benchmarks.DTWF.time_large_population_size": "5393d907eb6d9700c18c23789395c3a6a8aecf236b49983e2d955dccc6f793a3", "benchmarks.DTWF.time_long_sequence_length": "89860f21a2ad81e267314c086383279e852e4560e27f425d127937bd62fb83f9", "benchmarks.DTWF.time_many_replicates": "8f8fa44794e1a510a8052653f41596e3e11adbcdc838d7ca59f99bdb491be41b", "benchmarks.Hudson.peakmem_human_chr22": "20ef616d263e941e12a3089b8e8dbfee94d982362fe475e40174ebc3506b102a", "benchmarks.Hudson.peakmem_large_sample_size": "0b75d04c5ff9994c35ae62a490034e021485c38567b2699884e524931587881a", "benchmarks.Hudson.peakmem_long_sequence_length": "edd9dee8418f69b81347803203f176ff269220225a8939dc1c4bc1ab32289f94", "benchmarks.Hudson.peakmem_long_sequence_length_gene_conversion": "2236f20c5a4cc1e037abd099ce1f70d0dd2045a14914c96dcc48d0507f45e1da", "benchmarks.Hudson.peakmem_many_replicates": "b93569a722fa5396ed6631750fbdd02c7b47148d63973610f802eb69db85679e", "benchmarks.Hudson.time_human_chr22": "e648432b5c065478e09802f16a5658d37b625c204e147517826817bd6b04acb1", "benchmarks.Hudson.time_large_sample_size": "7bc273fa1975809170f8f4dd7776de03dd9993132a83866c1c135afe37e4d541", "benchmarks.Hudson.time_long_sequence_length": "0b6c7c537bd986f4e9c36c5549b8e939955cbd49901f29827e3ce763790fb3b7", "benchmarks.Hudson.time_long_sequence_length_gene_conversion": "19005a2b4b33b284a84cc0ad033e2d2c646f2d264fd59a5a55e3c2246a05851b", "benchmarks.Hudson.time_many_replicates": "c0f9f49074ade65f919a2db206a10f03ba6f5b53fa86dce2a6a32e96dd8a5067"}, "version": 1}