{"results": {"benchmarks.DTWF.peakmem_human_chr22": 114929664, "benchmarks.DTWF.peakmem_large_population_size": 59252736, "benchmarks.DTWF.peakmem_long_sequence_length": 49176576, "benchmarks.DTWF.peakmem_many_replicates": 49004544, "benchmarks.DTWF.time_human_chr22": {"result": [29.77486755599989], "stats": [{"ci_99": [-Infinity, Infinity], "q_25": 29.77486755599989, "q_75": 29.77486755599989, "min": 29.77486755599989, "max": 29.77486755599989, "mean": 29.77486755599989, "std": 0.0, "repeat": 1, "number": 1}]}, "benchmarks.DTWF.time_large_population_size": {"result": [11.647162547000107], "stats": [{"ci_99": [-Infinity, Infinity], "q_25": 11.647162547000107, "q_75": 11.647162547000107, "min": 11.647162547000107, "max": 11.647162547000107, "mean": 11.647162547000107, "std": 0.0, "repeat": 1, "number": 1}]}, "benchmarks.DTWF.time_long_sequence_length": {"result": [0.1176235530001577], "stats": [{"ci_99": [-Infinity, Infinity], "q_25": 0.1176235530001577, "q_75": 0.1176235530001577, "min": 0.1176235530001577, "max": 0.1176235530001577, "mean": 0.1176235530001577, "std": 0.0, "repeat": 1, "number": 1}]}, "benchmarks.DTWF.time_many_replicates": {"result": [47.70894991499995], "stats": [{"ci_99": [-Infinity, Infinity], "q_25": 47.70894991499995, "q_75": 47.70894991499995, "min": 47.70894991499995, "max": 47.70894991499995, "mean": 47.70894991499995, "std": 0.0, "repeat": 1, "number": 1}]}, "benchmarks.Hudson.peakmem_human_chr22": 151560192, "benchmarks.Hudson.peakmem_large_sample_size": 854085632, "benchmarks.Hudson.peakmem_long_sequence_length": 175284224, "benchmarks.Hudson.peakmem_many_replicates": 48250880, "benchmarks.Hudson.time_human_chr22": {"result": [52.43265236299976], "stats": [{"ci_99": [-Infinity, Infinity], "q_25": 52.43265236299976, "q_75": 52.43265236299976, "min": 52.43265236299976, "max": 52.43265236299976, "mean": 52.43265236299976, "std": 0.0, "repeat": 1, "number": 1}]}, "benchmarks.Hudson.time_large_sample_size": {"result": [70.41812022000022], "stats": [{"ci_99": [-Infinity, Infinity], "q_25": 70.41812022000022, "q_75": 70.41812022000022, "min": 70.41812022000022, "max": 70.41812022000022, "mean": 70.41812022000022, "std": 0.0, "repeat": 1, "number": 1}]}, "benchmarks.Hudson.time_long_sequence_length": {"result": [49.16531902399993], "stats": [{"ci_99": [-Infinity, Infinity], "q_25": 49.16531902399993, "q_75": 49.16531902399993, "min": 49.16531902399993, "max": 49.16531902399993, "mean": 49.16531902399993, "std": 0.0, "repeat": 1, "number": 1}]}, "benchmarks.Hudson.time_many_replicates": {"result": [28.121686867000335], "stats": [{"ci_99": [-Infinity, Infinity], "q_25": 28.121686867000335, "q_75": 28.121686867000335, "min": 28.121686867000335, "max": 28.121686867000335, "mean": 28.121686867000335, "std": 0.0, "repeat": 1, "number": 1}]}, "benchmarks.Hudson.peakmem_long_sequence_length_gene_conversion": 174649344, "benchmarks.Hudson.time_long_sequence_length_gene_conversion": {"result": [52.13291006200052], "stats": [{"ci_99": [-Infinity, Infinity], "q_25": 52.13291006200052, "q_75": 52.13291006200052, "min": 52.13291006200052, "max": 52.13291006200052, "mean": 52.13291006200052, "std": 0.0, "repeat": 1, "number": 1}]}}, "params": {"arch": "x86_64", "cpu": "Intel(R) Core(TM) i5-3317U CPU @ 1.70GHz", "machine": "poplar", "num_cpu": "4", "os": "Linux 3.13.0-24-generic", "ram": "3931396", "python": "3.8", "stdpopsim": ""}, "requirements": {"stdpopsim": ""}, "commit_hash": "a0f0fa872091b1eefde02f6d11d38b8bf8984d3e", "date": 1601456528000, "env_name": "virtualenv-py3.8-stdpopsim", "python": "3.8", "profiles": {}, "started_at": {"benchmarks.DTWF.peakmem_human_chr22": 1601458679874, "benchmarks.DTWF.peakmem_large_population_size": 1601458709232, "benchmarks.DTWF.peakmem_long_sequence_length": 1601458721458, "benchmarks.DTWF.peakmem_many_replicates": 1601458722161, "benchmarks.DTWF.time_human_chr22": 1601458770492, "benchmarks.DTWF.time_large_population_size": 1601458800862, "benchmarks.DTWF.time_long_sequence_length": 1601458813091, "benchmarks.DTWF.time_many_replicates": 1601458813795, "benchmarks.Hudson.peakmem_human_chr22": 1601458862074, "benchmarks.Hudson.peakmem_large_sample_size": 1601458915735, "benchmarks.Hudson.peakmem_long_sequence_length": 1601458986715, "benchmarks.Hudson.peakmem_many_replicates": 1601459036514, "benchmarks.Hudson.time_human_chr22": 1601459065459, "benchmarks.Hudson.time_large_sample_size": 1601459118462, "benchmarks.Hudson.time_long_sequence_length": 1601459189484, "benchmarks.Hudson.time_many_replicates": 1601459239232, "benchmarks.Hudson.peakmem_long_sequence_length_gene_conversion": 1601472857702, "benchmarks.Hudson.time_long_sequence_length_gene_conversion": 1601472908554}, "ended_at": {"benchmarks.DTWF.peakmem_human_chr22": 1601458709231, "benchmarks.DTWF.peakmem_large_population_size": 1601458721457, "benchmarks.DTWF.peakmem_long_sequence_length": 1601458722161, "benchmarks.DTWF.peakmem_many_replicates": 1601458770492, "benchmarks.DTWF.time_human_chr22": 1601458800861, "benchmarks.DTWF.time_large_population_size": 1601458813091, "benchmarks.DTWF.time_long_sequence_length": 1601458813795, "benchmarks.DTWF.time_many_replicates": 1601458862073, "benchmarks.Hudson.peakmem_human_chr22": 1601458915734, "benchmarks.Hudson.peakmem_large_sample_size": 1601458986714, "benchmarks.Hudson.peakmem_long_sequence_length": 1601459036514, "benchmarks.Hudson.peakmem_many_replicates": 1601459065458, "benchmarks.Hudson.time_human_chr22": 1601459118462, "benchmarks.Hudson.time_large_sample_size": 1601459189484, "benchmarks.Hudson.time_long_sequence_length": 1601459239232, "benchmarks.Hudson.time_many_replicates": 1601459267926, "benchmarks.Hudson.peakmem_long_sequence_length_gene_conversion": 1601472908554, "benchmarks.Hudson.time_long_sequence_length_gene_conversion": 1601472961259}, "benchmark_version": {"benchmarks.DTWF.peakmem_human_chr22": "f848688127844489b5870c5598d06fc61bdb8c1a31b2c71741fb842ce4869124", "benchmarks.DTWF.peakmem_large_population_size": "1c54016f27b74e5d827e0cf71dee2587b99237d50e0c3aa5bfb1e9a54bedf712", "benchmarks.DTWF.peakmem_long_sequence_length": "72b4498a433ac926a303683be39aa07c206b25c22caa613088af6cbe51544ce9", "benchmarks.DTWF.peakmem_many_replicates": "8d591fe1a84bfd039f312aef953605c494b28ed3e3b28bd41773b5a6bbab8e13", "benchmarks.DTWF.time_human_chr22": "d016729b716d45e5a6cc8608ae18480b4f3d6192cc29f39ad8e06222786408c6", "benchmarks.DTWF.time_large_population_size": "5393d907eb6d9700c18c23789395c3a6a8aecf236b49983e2d955dccc6f793a3", "benchmarks.DTWF.time_long_sequence_length": "89860f21a2ad81e267314c086383279e852e4560e27f425d127937bd62fb83f9", "benchmarks.DTWF.time_many_replicates": "8f8fa44794e1a510a8052653f41596e3e11adbcdc838d7ca59f99bdb491be41b", "benchmarks.Hudson.peakmem_human_chr22": "20ef616d263e941e12a3089b8e8dbfee94d982362fe475e40174ebc3506b102a", "benchmarks.Hudson.peakmem_large_sample_size": "0b75d04c5ff9994c35ae62a490034e021485c38567b2699884e524931587881a", "benchmarks.Hudson.peakmem_long_sequence_length": "edd9dee8418f69b81347803203f176ff269220225a8939dc1c4bc1ab32289f94", "benchmarks.Hudson.peakmem_many_replicates": "b93569a722fa5396ed6631750fbdd02c7b47148d63973610f802eb69db85679e", "benchmarks.Hudson.time_human_chr22": "e648432b5c065478e09802f16a5658d37b625c204e147517826817bd6b04acb1", "benchmarks.Hudson.time_large_sample_size": "7bc273fa1975809170f8f4dd7776de03dd9993132a83866c1c135afe37e4d541", "benchmarks.Hudson.time_long_sequence_length": "0b6c7c537bd986f4e9c36c5549b8e939955cbd49901f29827e3ce763790fb3b7", "benchmarks.Hudson.time_many_replicates": "c0f9f49074ade65f919a2db206a10f03ba6f5b53fa86dce2a6a32e96dd8a5067", "benchmarks.Hudson.peakmem_long_sequence_length_gene_conversion": "2236f20c5a4cc1e037abd099ce1f70d0dd2045a14914c96dcc48d0507f45e1da", "benchmarks.Hudson.time_long_sequence_length_gene_conversion": "19005a2b4b33b284a84cc0ad033e2d2c646f2d264fd59a5a55e3c2246a05851b"}, "version": 1}