{"results": {"benchmarks.DTWF.peakmem_human_chr22": 107302912, "benchmarks.DTWF.peakmem_large_population_size": 52629504, "benchmarks.DTWF.peakmem_long_sequence_length": 55341056, "benchmarks.DTWF.peakmem_many_replicates": 44011520, "benchmarks.DTWF.time_human_chr22": {"result": [39.43949162500212], "stats": [{"ci_99": [-Infinity, Infinity], "q_25": 39.43949162500212, "q_75": 39.43949162500212, "min": 39.43949162500212, "max": 39.43949162500212, "mean": 39.43949162500212, "std": 0.0, "repeat": 1, "number": 1}]}, "benchmarks.DTWF.time_large_population_size": {"result": [12.409765416989103], "stats": [{"ci_99": [-Infinity, Infinity], "q_25": 12.409765416989103, "q_75": 12.409765416989103, "min": 12.409765416989103, "max": 12.409765416989103, "mean": 12.409765416989103, "std": 0.0, "repeat": 1, "number": 1}]}, "benchmarks.DTWF.time_long_sequence_length": {"result": [13.31075233098818], "stats": [{"ci_99": [-Infinity, Infinity], "q_25": 13.31075233098818, "q_75": 13.31075233098818, "min": 13.31075233098818, "max": 13.31075233098818, "mean": 13.31075233098818, "std": 0.0, "repeat": 1, "number": 1}]}, "benchmarks.DTWF.time_many_replicates": {"result": [51.824387896980625], "stats": [{"ci_99": [-Infinity, Infinity], "q_25": 51.824387896980625, "q_75": 51.824387896980625, "min": 51.824387896980625, "max": 51.824387896980625, "mean": 51.824387896980625, "std": 0.0, "repeat": 1, "number": 1}]}, "benchmarks.Hudson.peakmem_human_chr22": 142880768, "benchmarks.Hudson.peakmem_large_sample_size": 836030464, "benchmarks.Hudson.peakmem_long_sequence_length": 167546880, "benchmarks.Hudson.peakmem_long_sequence_length_gene_conversion": 170471424, "benchmarks.Hudson.peakmem_many_replicates": 44273664, "benchmarks.Hudson.time_human_chr22": {"result": [32.46720543599804], "stats": [{"ci_99": [-Infinity, Infinity], "q_25": 32.46720543599804, "q_75": 32.46720543599804, "min": 32.46720543599804, "max": 32.46720543599804, "mean": 32.46720543599804, "std": 0.0, "repeat": 1, "number": 1}]}, "benchmarks.Hudson.time_large_sample_size": {"result": [56.99916473700432], "stats": [{"ci_99": [-Infinity, Infinity], "q_25": 56.99916473700432, "q_75": 56.99916473700432, "min": 56.99916473700432, "max": 56.99916473700432, "mean": 56.99916473700432, "std": 0.0, "repeat": 1, "number": 1}]}, "benchmarks.Hudson.time_long_sequence_length": {"result": [49.27452649499173], "stats": [{"ci_99": [-Infinity, Infinity], "q_25": 49.27452649499173, "q_75": 49.27452649499173, "min": 49.27452649499173, "max": 49.27452649499173, "mean": 49.27452649499173, "std": 0.0, "repeat": 1, "number": 1}]}, "benchmarks.Hudson.time_long_sequence_length_gene_conversion": {"result": [51.098927031009225], "stats": [{"ci_99": [-Infinity, Infinity], "q_25": 51.098927031009225, "q_75": 51.098927031009225, "min": 51.098927031009225, "max": 51.098927031009225, "mean": 51.098927031009225, "std": 0.0, "repeat": 1, "number": 1}]}, "benchmarks.Hudson.time_many_replicates": {"result": [31.182297034014482], "stats": [{"ci_99": [-Infinity, Infinity], "q_25": 31.182297034014482, "q_75": 31.182297034014482, "min": 31.182297034014482, "max": 31.182297034014482, "mean": 31.182297034014482, "std": 0.0, "repeat": 1, "number": 1}]}}, "params": {"arch": "x86_64", "cpu": "Intel(R) Core(TM) i5-3317U CPU @ 1.70GHz", "machine": "poplar", "num_cpu": "4", "os": "Linux 3.13.0-24-generic", "ram": "3931396", "python": "3.8", "stdpopsim": ""}, "requirements": {"stdpopsim": ""}, "commit_hash": "a4a7de904baa8f3fbff0290561c3a344f551f6a6", "date": 1585212104000, "env_name": "virtualenv-py3.8-stdpopsim", "python": "3.8", "profiles": {}, "started_at": {"benchmarks.DTWF.peakmem_human_chr22": 1602095636081, "benchmarks.DTWF.peakmem_large_population_size": 1602095674310, "benchmarks.DTWF.peakmem_long_sequence_length": 1602095686888, "benchmarks.DTWF.peakmem_many_replicates": 1602095699860, "benchmarks.DTWF.time_human_chr22": 1602095751988, "benchmarks.DTWF.time_large_population_size": 1602095791521, "benchmarks.DTWF.time_long_sequence_length": 1602095804049, "benchmarks.DTWF.time_many_replicates": 1602095817471, "benchmarks.Hudson.peakmem_human_chr22": 1602095869399, "benchmarks.Hudson.peakmem_large_sample_size": 1602095902166, "benchmarks.Hudson.peakmem_long_sequence_length": 1602095958463, "benchmarks.Hudson.peakmem_long_sequence_length_gene_conversion": 1602096007958, "benchmarks.Hudson.peakmem_many_replicates": 1602096058861, "benchmarks.Hudson.time_human_chr22": 1602096090509, "benchmarks.Hudson.time_large_sample_size": 1602096123076, "benchmarks.Hudson.time_long_sequence_length": 1602096180182, "benchmarks.Hudson.time_long_sequence_length_gene_conversion": 1602096229582, "benchmarks.Hudson.time_many_replicates": 1602096280786}, "ended_at": {"benchmarks.DTWF.peakmem_human_chr22": 1602095674310, "benchmarks.DTWF.peakmem_large_population_size": 1602095686888, "benchmarks.DTWF.peakmem_long_sequence_length": 1602095699859, "benchmarks.DTWF.peakmem_many_replicates": 1602095751988, "benchmarks.DTWF.time_human_chr22": 1602095791520, "benchmarks.DTWF.time_large_population_size": 1602095804048, "benchmarks.DTWF.time_long_sequence_length": 1602095817470, "benchmarks.DTWF.time_many_replicates": 1602095869399, "benchmarks.Hudson.peakmem_human_chr22": 1602095902166, "benchmarks.Hudson.peakmem_large_sample_size": 1602095958463, "benchmarks.Hudson.peakmem_long_sequence_length": 1602096007958, "benchmarks.Hudson.peakmem_long_sequence_length_gene_conversion": 1602096058860, "benchmarks.Hudson.peakmem_many_replicates": 1602096090509, "benchmarks.Hudson.time_human_chr22": 1602096123075, "benchmarks.Hudson.time_large_sample_size": 1602096180182, "benchmarks.Hudson.time_long_sequence_length": 1602096229581, "benchmarks.Hudson.time_long_sequence_length_gene_conversion": 1602096280786, "benchmarks.Hudson.time_many_replicates": 1602096312083}, "benchmark_version": {"benchmarks.DTWF.peakmem_human_chr22": "f848688127844489b5870c5598d06fc61bdb8c1a31b2c71741fb842ce4869124", "benchmarks.DTWF.peakmem_large_population_size": "1c54016f27b74e5d827e0cf71dee2587b99237d50e0c3aa5bfb1e9a54bedf712", "benchmarks.DTWF.peakmem_long_sequence_length": "72b4498a433ac926a303683be39aa07c206b25c22caa613088af6cbe51544ce9", "benchmarks.DTWF.peakmem_many_replicates": "8d591fe1a84bfd039f312aef953605c494b28ed3e3b28bd41773b5a6bbab8e13", "benchmarks.DTWF.time_human_chr22": "d016729b716d45e5a6cc8608ae18480b4f3d6192cc29f39ad8e06222786408c6", "benchmarks.DTWF.time_large_population_size": "5393d907eb6d9700c18c23789395c3a6a8aecf236b49983e2d955dccc6f793a3", "benchmarks.DTWF.time_long_sequence_length": "89860f21a2ad81e267314c086383279e852e4560e27f425d127937bd62fb83f9", "benchmarks.DTWF.time_many_replicates": "8f8fa44794e1a510a8052653f41596e3e11adbcdc838d7ca59f99bdb491be41b", "benchmarks.Hudson.peakmem_human_chr22": "20ef616d263e941e12a3089b8e8dbfee94d982362fe475e40174ebc3506b102a", "benchmarks.Hudson.peakmem_large_sample_size": "0b75d04c5ff9994c35ae62a490034e021485c38567b2699884e524931587881a", "benchmarks.Hudson.peakmem_long_sequence_length": "edd9dee8418f69b81347803203f176ff269220225a8939dc1c4bc1ab32289f94", "benchmarks.Hudson.peakmem_long_sequence_length_gene_conversion": "2236f20c5a4cc1e037abd099ce1f70d0dd2045a14914c96dcc48d0507f45e1da", "benchmarks.Hudson.peakmem_many_replicates": "b93569a722fa5396ed6631750fbdd02c7b47148d63973610f802eb69db85679e", "benchmarks.Hudson.time_human_chr22": "e648432b5c065478e09802f16a5658d37b625c204e147517826817bd6b04acb1", "benchmarks.Hudson.time_large_sample_size": "7bc273fa1975809170f8f4dd7776de03dd9993132a83866c1c135afe37e4d541", "benchmarks.Hudson.time_long_sequence_length": "0b6c7c537bd986f4e9c36c5549b8e939955cbd49901f29827e3ce763790fb3b7", "benchmarks.Hudson.time_long_sequence_length_gene_conversion": "19005a2b4b33b284a84cc0ad033e2d2c646f2d264fd59a5a55e3c2246a05851b", "benchmarks.Hudson.time_many_replicates": "c0f9f49074ade65f919a2db206a10f03ba6f5b53fa86dce2a6a32e96dd8a5067"}, "version": 1}