{"results": {"benchmarks.DTWF.peakmem_human_chr22": 109232128, "benchmarks.DTWF.peakmem_large_population_size": 52387840, "benchmarks.DTWF.peakmem_long_sequence_length": 58093568, "benchmarks.DTWF.peakmem_many_replicates": 44797952, "benchmarks.DTWF.time_human_chr22": {"result": [39.32691994099878], "stats": [{"ci_99": [-Infinity, Infinity], "q_25": 39.32691994099878, "q_75": 39.32691994099878, "min": 39.32691994099878, "max": 39.32691994099878, "mean": 39.32691994099878, "std": 0.0, "repeat": 1, "number": 1}]}, "benchmarks.DTWF.time_large_population_size": {"result": [12.39786469200044], "stats": [{"ci_99": [-Infinity, Infinity], "q_25": 12.39786469200044, "q_75": 12.39786469200044, "min": 12.39786469200044, "max": 12.39786469200044, "mean": 12.39786469200044, "std": 0.0, "repeat": 1, "number": 1}]}, "benchmarks.DTWF.time_long_sequence_length": {"result": [13.179950548015768], "stats": [{"ci_99": [-Infinity, Infinity], "q_25": 13.179950548015768, "q_75": 13.179950548015768, "min": 13.179950548015768, "max": 13.179950548015768, "mean": 13.179950548015768, "std": 0.0, "repeat": 1, "number": 1}]}, "benchmarks.DTWF.time_many_replicates": {"result": [52.05005409999285], "stats": [{"ci_99": [-Infinity, Infinity], "q_25": 52.05005409999285, "q_75": 52.05005409999285, "min": 52.05005409999285, "max": 52.05005409999285, "mean": 52.05005409999285, "std": 0.0, "repeat": 1, "number": 1}]}, "benchmarks.Hudson.peakmem_human_chr22": 141787136, "benchmarks.Hudson.peakmem_large_sample_size": 835809280, "benchmarks.Hudson.peakmem_long_sequence_length": 165974016, "benchmarks.Hudson.peakmem_long_sequence_length_gene_conversion": 165974016, "benchmarks.Hudson.peakmem_many_replicates": 43524096, "benchmarks.Hudson.time_human_chr22": {"result": [31.20627979299752], "stats": [{"ci_99": [-Infinity, Infinity], "q_25": 31.20627979299752, "q_75": 31.20627979299752, "min": 31.20627979299752, "max": 31.20627979299752, "mean": 31.20627979299752, "std": 0.0, "repeat": 1, "number": 1}]}, "benchmarks.Hudson.time_large_sample_size": {"result": [63.458602645026986], "stats": [{"ci_99": [-Infinity, Infinity], "q_25": 63.458602645026986, "q_75": 63.458602645026986, "min": 63.458602645026986, "max": 63.458602645026986, "mean": 63.458602645026986, "std": 0.0, "repeat": 1, "number": 1}]}, "benchmarks.Hudson.time_long_sequence_length": {"result": [50.15871096699266], "stats": [{"ci_99": [-Infinity, Infinity], "q_25": 50.15871096699266, "q_75": 50.15871096699266, "min": 50.15871096699266, "max": 50.15871096699266, "mean": 50.15871096699266, "std": 0.0, "repeat": 1, "number": 1}]}, "benchmarks.Hudson.time_long_sequence_length_gene_conversion": {"result": [51.51721209898824], "stats": [{"ci_99": [-Infinity, Infinity], "q_25": 51.51721209898824, "q_75": 51.51721209898824, "min": 51.51721209898824, "max": 51.51721209898824, "mean": 51.51721209898824, "std": 0.0, "repeat": 1, "number": 1}]}, "benchmarks.Hudson.time_many_replicates": {"result": [31.587829324009363], "stats": [{"ci_99": [-Infinity, Infinity], "q_25": 31.587829324009363, "q_75": 31.587829324009363, "min": 31.587829324009363, "max": 31.587829324009363, "mean": 31.587829324009363, "std": 0.0, "repeat": 1, "number": 1}]}}, "params": {"arch": "x86_64", "cpu": "Intel(R) Core(TM) i5-3317U CPU @ 1.70GHz", "machine": "poplar", "num_cpu": "4", "os": "Linux 3.13.0-24-generic", "ram": "3931396", "python": "3.8", "stdpopsim": ""}, "requirements": {"stdpopsim": ""}, "commit_hash": "a4d2df66bc5cbe75a336419a64ff4545608b5e19", "date": 1585079916000, "env_name": "virtualenv-py3.8-stdpopsim", "python": "3.8", "profiles": {}, "started_at": {"benchmarks.DTWF.peakmem_human_chr22": 1602098555140, "benchmarks.DTWF.peakmem_large_population_size": 1602098593465, "benchmarks.DTWF.peakmem_long_sequence_length": 1602098605990, "benchmarks.DTWF.peakmem_many_replicates": 1602098618910, "benchmarks.DTWF.time_human_chr22": 1602098671339, "benchmarks.DTWF.time_large_population_size": 1602098710771, "benchmarks.DTWF.time_long_sequence_length": 1602098723299, "benchmarks.DTWF.time_many_replicates": 1602098736570, "benchmarks.Hudson.peakmem_human_chr22": 1602098788749, "benchmarks.Hudson.peakmem_large_sample_size": 1602098820514, "benchmarks.Hudson.peakmem_long_sequence_length": 1602098876468, "benchmarks.Hudson.peakmem_long_sequence_length_gene_conversion": 1602098926620, "benchmarks.Hudson.peakmem_many_replicates": 1602098978224, "benchmarks.Hudson.time_human_chr22": 1602099010073, "benchmarks.Hudson.time_large_sample_size": 1602099041387, "benchmarks.Hudson.time_long_sequence_length": 1602099104955, "benchmarks.Hudson.time_long_sequence_length_gene_conversion": 1602099155207, "benchmarks.Hudson.time_many_replicates": 1602099206862}, "ended_at": {"benchmarks.DTWF.peakmem_human_chr22": 1602098593464, "benchmarks.DTWF.peakmem_large_population_size": 1602098605989, "benchmarks.DTWF.peakmem_long_sequence_length": 1602098618910, "benchmarks.DTWF.peakmem_many_replicates": 1602098671339, "benchmarks.DTWF.time_human_chr22": 1602098710771, "benchmarks.DTWF.time_large_population_size": 1602098723299, "benchmarks.DTWF.time_long_sequence_length": 1602098736570, "benchmarks.DTWF.time_many_replicates": 1602098788748, "benchmarks.Hudson.peakmem_human_chr22": 1602098820514, "benchmarks.Hudson.peakmem_large_sample_size": 1602098876468, "benchmarks.Hudson.peakmem_long_sequence_length": 1602098926620, "benchmarks.Hudson.peakmem_long_sequence_length_gene_conversion": 1602098978224, "benchmarks.Hudson.peakmem_many_replicates": 1602099010073, "benchmarks.Hudson.time_human_chr22": 1602099041387, "benchmarks.Hudson.time_large_sample_size": 1602099104955, "benchmarks.Hudson.time_long_sequence_length": 1602099155207, "benchmarks.Hudson.time_long_sequence_length_gene_conversion": 1602099206862, "benchmarks.Hudson.time_many_replicates": 1602099238560}, "benchmark_version": {"benchmarks.DTWF.peakmem_human_chr22": "f848688127844489b5870c5598d06fc61bdb8c1a31b2c71741fb842ce4869124", "benchmarks.DTWF.peakmem_large_population_size": "1c54016f27b74e5d827e0cf71dee2587b99237d50e0c3aa5bfb1e9a54bedf712", "benchmarks.DTWF.peakmem_long_sequence_length": "72b4498a433ac926a303683be39aa07c206b25c22caa613088af6cbe51544ce9", "benchmarks.DTWF.peakmem_many_replicates": "8d591fe1a84bfd039f312aef953605c494b28ed3e3b28bd41773b5a6bbab8e13", "benchmarks.DTWF.time_human_chr22": "d016729b716d45e5a6cc8608ae18480b4f3d6192cc29f39ad8e06222786408c6", "benchmarks.DTWF.time_large_population_size": "5393d907eb6d9700c18c23789395c3a6a8aecf236b49983e2d955dccc6f793a3", "benchmarks.DTWF.time_long_sequence_length": "89860f21a2ad81e267314c086383279e852e4560e27f425d127937bd62fb83f9", "benchmarks.DTWF.time_many_replicates": "8f8fa44794e1a510a8052653f41596e3e11adbcdc838d7ca59f99bdb491be41b", "benchmarks.Hudson.peakmem_human_chr22": "20ef616d263e941e12a3089b8e8dbfee94d982362fe475e40174ebc3506b102a", "benchmarks.Hudson.peakmem_large_sample_size": "0b75d04c5ff9994c35ae62a490034e021485c38567b2699884e524931587881a", "benchmarks.Hudson.peakmem_long_sequence_length": "edd9dee8418f69b81347803203f176ff269220225a8939dc1c4bc1ab32289f94", "benchmarks.Hudson.peakmem_long_sequence_length_gene_conversion": "2236f20c5a4cc1e037abd099ce1f70d0dd2045a14914c96dcc48d0507f45e1da", "benchmarks.Hudson.peakmem_many_replicates": "b93569a722fa5396ed6631750fbdd02c7b47148d63973610f802eb69db85679e", "benchmarks.Hudson.time_human_chr22": "e648432b5c065478e09802f16a5658d37b625c204e147517826817bd6b04acb1", "benchmarks.Hudson.time_large_sample_size": "7bc273fa1975809170f8f4dd7776de03dd9993132a83866c1c135afe37e4d541", "benchmarks.Hudson.time_long_sequence_length": "0b6c7c537bd986f4e9c36c5549b8e939955cbd49901f29827e3ce763790fb3b7", "benchmarks.Hudson.time_long_sequence_length_gene_conversion": "19005a2b4b33b284a84cc0ad033e2d2c646f2d264fd59a5a55e3c2246a05851b", "benchmarks.Hudson.time_many_replicates": "c0f9f49074ade65f919a2db206a10f03ba6f5b53fa86dce2a6a32e96dd8a5067"}, "version": 1}