{"results": {"benchmarks.DTWF.peakmem_human_chr22": 108580864, "benchmarks.DTWF.peakmem_large_population_size": 54480896, "benchmarks.DTWF.peakmem_long_sequence_length": 56717312, "benchmarks.DTWF.peakmem_many_replicates": 45862912, "benchmarks.DTWF.time_human_chr22": {"result": [37.24424269699375], "stats": [{"ci_99": [-Infinity, Infinity], "q_25": 37.24424269699375, "q_75": 37.24424269699375, "min": 37.24424269699375, "max": 37.24424269699375, "mean": 37.24424269699375, "std": 0.0, "repeat": 1, "number": 1}]}, "benchmarks.DTWF.time_large_population_size": {"result": [12.45243020702037], "stats": [{"ci_99": [-Infinity, Infinity], "q_25": 12.45243020702037, "q_75": 12.45243020702037, "min": 12.45243020702037, "max": 12.45243020702037, "mean": 12.45243020702037, "std": 0.0, "repeat": 1, "number": 1}]}, "benchmarks.DTWF.time_long_sequence_length": {"result": [12.91332618301385], "stats": [{"ci_99": [-Infinity, Infinity], "q_25": 12.91332618301385, "q_75": 12.91332618301385, "min": 12.91332618301385, "max": 12.91332618301385, "mean": 12.91332618301385, "std": 0.0, "repeat": 1, "number": 1}]}, "benchmarks.DTWF.time_many_replicates": {"result": [52.14413369601243], "stats": [{"ci_99": [-Infinity, Infinity], "q_25": 52.14413369601243, "q_75": 52.14413369601243, "min": 52.14413369601243, "max": 52.14413369601243, "mean": 52.14413369601243, "std": 0.0, "repeat": 1, "number": 1}]}, "benchmarks.Hudson.peakmem_human_chr22": 140972032, "benchmarks.Hudson.peakmem_large_sample_size": 835964928, "benchmarks.Hudson.peakmem_long_sequence_length": 166219776, "benchmarks.Hudson.peakmem_long_sequence_length_gene_conversion": 166416384, "benchmarks.Hudson.peakmem_many_replicates": 43778048, "benchmarks.Hudson.time_human_chr22": {"result": [31.462767257995438], "stats": [{"ci_99": [-Infinity, Infinity], "q_25": 31.462767257995438, "q_75": 31.462767257995438, "min": 31.462767257995438, "max": 31.462767257995438, "mean": 31.462767257995438, "std": 0.0, "repeat": 1, "number": 1}]}, "benchmarks.Hudson.time_large_sample_size": {"result": [54.9495405460184], "stats": [{"ci_99": [-Infinity, Infinity], "q_25": 54.9495405460184, "q_75": 54.9495405460184, "min": 54.9495405460184, "max": 54.9495405460184, "mean": 54.9495405460184, "std": 0.0, "repeat": 1, "number": 1}]}, "benchmarks.Hudson.time_long_sequence_length": {"result": [49.351245010009734], "stats": [{"ci_99": [-Infinity, Infinity], "q_25": 49.351245010009734, "q_75": 49.351245010009734, "min": 49.351245010009734, "max": 49.351245010009734, "mean": 49.351245010009734, "std": 0.0, "repeat": 1, "number": 1}]}, "benchmarks.Hudson.time_long_sequence_length_gene_conversion": {"result": [49.49523196200607], "stats": [{"ci_99": [-Infinity, Infinity], "q_25": 49.49523196200607, "q_75": 49.49523196200607, "min": 49.49523196200607, "max": 49.49523196200607, "mean": 49.49523196200607, "std": 0.0, "repeat": 1, "number": 1}]}, "benchmarks.Hudson.time_many_replicates": {"result": [31.44508491299348], "stats": [{"ci_99": [-Infinity, Infinity], "q_25": 31.44508491299348, "q_75": 31.44508491299348, "min": 31.44508491299348, "max": 31.44508491299348, "mean": 31.44508491299348, "std": 0.0, "repeat": 1, "number": 1}]}}, "params": {"arch": "x86_64", "cpu": "Intel(R) Core(TM) i5-3317U CPU @ 1.70GHz", "machine": "poplar", "num_cpu": "4", "os": "Linux 3.13.0-24-generic", "ram": "3931396", "python": "3.8", "stdpopsim": ""}, "requirements": {"stdpopsim": ""}, "commit_hash": "a54ad2db16007f1e961dbc6303ca6303d7dedb98", "date": 1586975398000, "env_name": "virtualenv-py3.8-stdpopsim", "python": "3.8", "profiles": {}, "started_at": {"benchmarks.DTWF.peakmem_human_chr22": 1602086201108, "benchmarks.DTWF.peakmem_large_population_size": 1602086237935, "benchmarks.DTWF.peakmem_long_sequence_length": 1602086250463, "benchmarks.DTWF.peakmem_many_replicates": 1602086263534, "benchmarks.DTWF.time_human_chr22": 1602086315813, "benchmarks.DTWF.time_large_population_size": 1602086353191, "benchmarks.DTWF.time_long_sequence_length": 1602086365769, "benchmarks.DTWF.time_many_replicates": 1602086378790, "benchmarks.Hudson.peakmem_human_chr22": 1602086431069, "benchmarks.Hudson.peakmem_large_sample_size": 1602086463586, "benchmarks.Hudson.peakmem_long_sequence_length": 1602086517891, "benchmarks.Hudson.peakmem_long_sequence_length_gene_conversion": 1602086567341, "benchmarks.Hudson.peakmem_many_replicates": 1602086617142, "benchmarks.Hudson.time_human_chr22": 1602086648641, "benchmarks.Hudson.time_large_sample_size": 1602086680206, "benchmarks.Hudson.time_long_sequence_length": 1602086735262, "benchmarks.Hudson.time_long_sequence_length_gene_conversion": 1602086784712, "benchmarks.Hudson.time_many_replicates": 1602086834313}, "ended_at": {"benchmarks.DTWF.peakmem_human_chr22": 1602086237935, "benchmarks.DTWF.peakmem_large_population_size": 1602086250463, "benchmarks.DTWF.peakmem_long_sequence_length": 1602086263534, "benchmarks.DTWF.peakmem_many_replicates": 1602086315813, "benchmarks.DTWF.time_human_chr22": 1602086353190, "benchmarks.DTWF.time_large_population_size": 1602086365768, "benchmarks.DTWF.time_long_sequence_length": 1602086378790, "benchmarks.DTWF.time_many_replicates": 1602086431069, "benchmarks.Hudson.peakmem_human_chr22": 1602086463586, "benchmarks.Hudson.peakmem_large_sample_size": 1602086517891, "benchmarks.Hudson.peakmem_long_sequence_length": 1602086567341, "benchmarks.Hudson.peakmem_long_sequence_length_gene_conversion": 1602086617142, "benchmarks.Hudson.peakmem_many_replicates": 1602086648640, "benchmarks.Hudson.time_human_chr22": 1602086680205, "benchmarks.Hudson.time_large_sample_size": 1602086735262, "benchmarks.Hudson.time_long_sequence_length": 1602086784712, "benchmarks.Hudson.time_long_sequence_length_gene_conversion": 1602086834312, "benchmarks.Hudson.time_many_replicates": 1602086865861}, "benchmark_version": {"benchmarks.DTWF.peakmem_human_chr22": "f848688127844489b5870c5598d06fc61bdb8c1a31b2c71741fb842ce4869124", "benchmarks.DTWF.peakmem_large_population_size": "1c54016f27b74e5d827e0cf71dee2587b99237d50e0c3aa5bfb1e9a54bedf712", "benchmarks.DTWF.peakmem_long_sequence_length": "72b4498a433ac926a303683be39aa07c206b25c22caa613088af6cbe51544ce9", "benchmarks.DTWF.peakmem_many_replicates": "8d591fe1a84bfd039f312aef953605c494b28ed3e3b28bd41773b5a6bbab8e13", "benchmarks.DTWF.time_human_chr22": "d016729b716d45e5a6cc8608ae18480b4f3d6192cc29f39ad8e06222786408c6", "benchmarks.DTWF.time_large_population_size": "5393d907eb6d9700c18c23789395c3a6a8aecf236b49983e2d955dccc6f793a3", "benchmarks.DTWF.time_long_sequence_length": "89860f21a2ad81e267314c086383279e852e4560e27f425d127937bd62fb83f9", "benchmarks.DTWF.time_many_replicates": "8f8fa44794e1a510a8052653f41596e3e11adbcdc838d7ca59f99bdb491be41b", "benchmarks.Hudson.peakmem_human_chr22": "20ef616d263e941e12a3089b8e8dbfee94d982362fe475e40174ebc3506b102a", "benchmarks.Hudson.peakmem_large_sample_size": "0b75d04c5ff9994c35ae62a490034e021485c38567b2699884e524931587881a", "benchmarks.Hudson.peakmem_long_sequence_length": "edd9dee8418f69b81347803203f176ff269220225a8939dc1c4bc1ab32289f94", "benchmarks.Hudson.peakmem_long_sequence_length_gene_conversion": "2236f20c5a4cc1e037abd099ce1f70d0dd2045a14914c96dcc48d0507f45e1da", "benchmarks.Hudson.peakmem_many_replicates": "b93569a722fa5396ed6631750fbdd02c7b47148d63973610f802eb69db85679e", "benchmarks.Hudson.time_human_chr22": "e648432b5c065478e09802f16a5658d37b625c204e147517826817bd6b04acb1", "benchmarks.Hudson.time_large_sample_size": "7bc273fa1975809170f8f4dd7776de03dd9993132a83866c1c135afe37e4d541", "benchmarks.Hudson.time_long_sequence_length": "0b6c7c537bd986f4e9c36c5549b8e939955cbd49901f29827e3ce763790fb3b7", "benchmarks.Hudson.time_long_sequence_length_gene_conversion": "19005a2b4b33b284a84cc0ad033e2d2c646f2d264fd59a5a55e3c2246a05851b", "benchmarks.Hudson.time_many_replicates": "c0f9f49074ade65f919a2db206a10f03ba6f5b53fa86dce2a6a32e96dd8a5067"}, "version": 1}