{"results": {"benchmarks.DTWF.peakmem_human_chr22": 109387776, "benchmarks.DTWF.peakmem_large_population_size": 51855360, "benchmarks.DTWF.peakmem_long_sequence_length": 56586240, "benchmarks.DTWF.peakmem_many_replicates": 47255552, "benchmarks.DTWF.time_human_chr22": {"result": [36.9051810259989], "stats": [{"ci_99": [-Infinity, Infinity], "q_25": 36.9051810259989, "q_75": 36.9051810259989, "min": 36.9051810259989, "max": 36.9051810259989, "mean": 36.9051810259989, "std": 0.0, "repeat": 1, "number": 1}]}, "benchmarks.DTWF.time_large_population_size": {"result": [10.89767009197385], "stats": [{"ci_99": [-Infinity, Infinity], "q_25": 10.89767009197385, "q_75": 10.89767009197385, "min": 10.89767009197385, "max": 10.89767009197385, "mean": 10.89767009197385, "std": 0.0, "repeat": 1, "number": 1}]}, "benchmarks.DTWF.time_long_sequence_length": {"result": [12.286731036001584], "stats": [{"ci_99": [-Infinity, Infinity], "q_25": 12.286731036001584, "q_75": 12.286731036001584, "min": 12.286731036001584, "max": 12.286731036001584, "mean": 12.286731036001584, "std": 0.0, "repeat": 1, "number": 1}]}, "benchmarks.DTWF.time_many_replicates": {"result": [50.172466552990954], "stats": [{"ci_99": [-Infinity, Infinity], "q_25": 50.172466552990954, "q_75": 50.172466552990954, "min": 50.172466552990954, "max": 50.172466552990954, "mean": 50.172466552990954, "std": 0.0, "repeat": 1, "number": 1}]}, "benchmarks.Hudson.peakmem_human_chr22": 141697024, "benchmarks.Hudson.peakmem_large_sample_size": 835923968, "benchmarks.Hudson.peakmem_long_sequence_length": 166289408, "benchmarks.Hudson.peakmem_long_sequence_length_gene_conversion": 168194048, "benchmarks.Hudson.peakmem_many_replicates": 47443968, "benchmarks.Hudson.time_human_chr22": {"result": [31.993292834988097], "stats": [{"ci_99": [-Infinity, Infinity], "q_25": 31.993292834988097, "q_75": 31.993292834988097, "min": 31.993292834988097, "max": 31.993292834988097, "mean": 31.993292834988097, "std": 0.0, "repeat": 1, "number": 1}]}, "benchmarks.Hudson.time_large_sample_size": {"result": [56.09712309000315], "stats": [{"ci_99": [-Infinity, Infinity], "q_25": 56.09712309000315, "q_75": 56.09712309000315, "min": 56.09712309000315, "max": 56.09712309000315, "mean": 56.09712309000315, "std": 0.0, "repeat": 1, "number": 1}]}, "benchmarks.Hudson.time_long_sequence_length": {"result": [49.28653387300437], "stats": [{"ci_99": [-Infinity, Infinity], "q_25": 49.28653387300437, "q_75": 49.28653387300437, "min": 49.28653387300437, "max": 49.28653387300437, "mean": 49.28653387300437, "std": 0.0, "repeat": 1, "number": 1}]}, "benchmarks.Hudson.time_long_sequence_length_gene_conversion": {"result": [50.253356223984156], "stats": [{"ci_99": [-Infinity, Infinity], "q_25": 50.253356223984156, "q_75": 50.253356223984156, "min": 50.253356223984156, "max": 50.253356223984156, "mean": 50.253356223984156, "std": 0.0, "repeat": 1, "number": 1}]}, "benchmarks.Hudson.time_many_replicates": {"result": [31.012595591018908], "stats": [{"ci_99": [-Infinity, Infinity], "q_25": 31.012595591018908, "q_75": 31.012595591018908, "min": 31.012595591018908, "max": 31.012595591018908, "mean": 31.012595591018908, "std": 0.0, "repeat": 1, "number": 1}]}}, "params": {"arch": "x86_64", "cpu": "Intel(R) Core(TM) i5-3317U CPU @ 1.70GHz", "machine": "poplar", "num_cpu": "4", "os": "Linux 3.13.0-24-generic", "ram": "3931396", "python": "3.8", "stdpopsim": ""}, "requirements": {"stdpopsim": ""}, "commit_hash": "ae6402c16dd82da643c490fb9595ad2167413410", "date": 1585921784000, "env_name": "virtualenv-py3.8-stdpopsim", "python": "3.8", "profiles": {}, "started_at": {"benchmarks.DTWF.peakmem_human_chr22": 1602089794873, "benchmarks.DTWF.peakmem_large_population_size": 1602089831850, "benchmarks.DTWF.peakmem_long_sequence_length": 1602089842825, "benchmarks.DTWF.peakmem_many_replicates": 1602089855245, "benchmarks.DTWF.time_human_chr22": 1602089905521, "benchmarks.DTWF.time_large_population_size": 1602089942548, "benchmarks.DTWF.time_long_sequence_length": 1602089953573, "benchmarks.DTWF.time_many_replicates": 1602089965994, "benchmarks.Hudson.peakmem_human_chr22": 1602090016269, "benchmarks.Hudson.peakmem_large_sample_size": 1602090047784, "benchmarks.Hudson.peakmem_long_sequence_length": 1602090110446, "benchmarks.Hudson.peakmem_long_sequence_length_gene_conversion": 1602090159687, "benchmarks.Hudson.peakmem_many_replicates": 1602090209935, "benchmarks.Hudson.time_human_chr22": 1602090240982, "benchmarks.Hudson.time_large_sample_size": 1602090273098, "benchmarks.Hudson.time_long_sequence_length": 1602090329302, "benchmarks.Hudson.time_long_sequence_length_gene_conversion": 1602090378701, "benchmarks.Hudson.time_many_replicates": 1602090429052}, "ended_at": {"benchmarks.DTWF.peakmem_human_chr22": 1602089831850, "benchmarks.DTWF.peakmem_large_population_size": 1602089842825, "benchmarks.DTWF.peakmem_long_sequence_length": 1602089855245, "benchmarks.DTWF.peakmem_many_replicates": 1602089905521, "benchmarks.DTWF.time_human_chr22": 1602089942548, "benchmarks.DTWF.time_large_population_size": 1602089953573, "benchmarks.DTWF.time_long_sequence_length": 1602089965993, "benchmarks.DTWF.time_many_replicates": 1602090016269, "benchmarks.Hudson.peakmem_human_chr22": 1602090047783, "benchmarks.Hudson.peakmem_large_sample_size": 1602090110446, "benchmarks.Hudson.peakmem_long_sequence_length": 1602090159687, "benchmarks.Hudson.peakmem_long_sequence_length_gene_conversion": 1602090209934, "benchmarks.Hudson.peakmem_many_replicates": 1602090240982, "benchmarks.Hudson.time_human_chr22": 1602090273097, "benchmarks.Hudson.time_large_sample_size": 1602090329302, "benchmarks.Hudson.time_long_sequence_length": 1602090378701, "benchmarks.Hudson.time_long_sequence_length_gene_conversion": 1602090429052, "benchmarks.Hudson.time_many_replicates": 1602090460200}, "benchmark_version": {"benchmarks.DTWF.peakmem_human_chr22": "f848688127844489b5870c5598d06fc61bdb8c1a31b2c71741fb842ce4869124", "benchmarks.DTWF.peakmem_large_population_size": "1c54016f27b74e5d827e0cf71dee2587b99237d50e0c3aa5bfb1e9a54bedf712", "benchmarks.DTWF.peakmem_long_sequence_length": "72b4498a433ac926a303683be39aa07c206b25c22caa613088af6cbe51544ce9", "benchmarks.DTWF.peakmem_many_replicates": "8d591fe1a84bfd039f312aef953605c494b28ed3e3b28bd41773b5a6bbab8e13", "benchmarks.DTWF.time_human_chr22": "d016729b716d45e5a6cc8608ae18480b4f3d6192cc29f39ad8e06222786408c6", "benchmarks.DTWF.time_large_population_size": "5393d907eb6d9700c18c23789395c3a6a8aecf236b49983e2d955dccc6f793a3", "benchmarks.DTWF.time_long_sequence_length": "89860f21a2ad81e267314c086383279e852e4560e27f425d127937bd62fb83f9", "benchmarks.DTWF.time_many_replicates": "8f8fa44794e1a510a8052653f41596e3e11adbcdc838d7ca59f99bdb491be41b", "benchmarks.Hudson.peakmem_human_chr22": "20ef616d263e941e12a3089b8e8dbfee94d982362fe475e40174ebc3506b102a", "benchmarks.Hudson.peakmem_large_sample_size": "0b75d04c5ff9994c35ae62a490034e021485c38567b2699884e524931587881a", "benchmarks.Hudson.peakmem_long_sequence_length": "edd9dee8418f69b81347803203f176ff269220225a8939dc1c4bc1ab32289f94", "benchmarks.Hudson.peakmem_long_sequence_length_gene_conversion": "2236f20c5a4cc1e037abd099ce1f70d0dd2045a14914c96dcc48d0507f45e1da", "benchmarks.Hudson.peakmem_many_replicates": "b93569a722fa5396ed6631750fbdd02c7b47148d63973610f802eb69db85679e", "benchmarks.Hudson.time_human_chr22": "e648432b5c065478e09802f16a5658d37b625c204e147517826817bd6b04acb1", "benchmarks.Hudson.time_large_sample_size": "7bc273fa1975809170f8f4dd7776de03dd9993132a83866c1c135afe37e4d541", "benchmarks.Hudson.time_long_sequence_length": "0b6c7c537bd986f4e9c36c5549b8e939955cbd49901f29827e3ce763790fb3b7", "benchmarks.Hudson.time_long_sequence_length_gene_conversion": "19005a2b4b33b284a84cc0ad033e2d2c646f2d264fd59a5a55e3c2246a05851b", "benchmarks.Hudson.time_many_replicates": "c0f9f49074ade65f919a2db206a10f03ba6f5b53fa86dce2a6a32e96dd8a5067"}, "version": 1}