{"results": {"benchmarks.DTWF.peakmem_human_chr22": 112144384, "benchmarks.DTWF.peakmem_large_population_size": 57118720, "benchmarks.DTWF.peakmem_long_sequence_length": 59768832, "benchmarks.DTWF.peakmem_many_replicates": 49086464, "benchmarks.DTWF.time_human_chr22": {"result": [24.19847492900044], "stats": [{"ci_99": [-Infinity, Infinity], "q_25": 24.19847492900044, "q_75": 24.19847492900044, "min": 24.19847492900044, "max": 24.19847492900044, "mean": 24.19847492900044, "std": 0.0, "repeat": 1, "number": 1}]}, "benchmarks.DTWF.time_large_population_size": {"result": [10.866229182000097], "stats": [{"ci_99": [-Infinity, Infinity], "q_25": 10.866229182000097, "q_75": 10.866229182000097, "min": 10.866229182000097, "max": 10.866229182000097, "mean": 10.866229182000097, "std": 0.0, "repeat": 1, "number": 1}]}, "benchmarks.DTWF.time_long_sequence_length": {"result": [11.650394768999831], "stats": [{"ci_99": [-Infinity, Infinity], "q_25": 11.650394768999831, "q_75": 11.650394768999831, "min": 11.650394768999831, "max": 11.650394768999831, "mean": 11.650394768999831, "std": 0.0, "repeat": 1, "number": 1}]}, "benchmarks.DTWF.time_many_replicates": {"result": [47.97718717099997], "stats": [{"ci_99": [-Infinity, Infinity], "q_25": 47.97718717099997, "q_75": 47.97718717099997, "min": 47.97718717099997, "max": 47.97718717099997, "mean": 47.97718717099997, "std": 0.0, "repeat": 1, "number": 1}]}, "benchmarks.Hudson.peakmem_human_chr22": 150380544, "benchmarks.Hudson.peakmem_large_sample_size": 854208512, "benchmarks.Hudson.peakmem_long_sequence_length": 174202880, "benchmarks.Hudson.peakmem_long_sequence_length_gene_conversion": 175722496, "benchmarks.Hudson.peakmem_many_replicates": 48459776, "benchmarks.Hudson.time_human_chr22": {"result": [34.98862835200089], "stats": [{"ci_99": [-Infinity, Infinity], "q_25": 34.98862835200089, "q_75": 34.98862835200089, "min": 34.98862835200089, "max": 34.98862835200089, "mean": 34.98862835200089, "std": 0.0, "repeat": 1, "number": 1}]}, "benchmarks.Hudson.time_large_sample_size": {"result": [71.42353735599863], "stats": [{"ci_99": [-Infinity, Infinity], "q_25": 71.42353735599863, "q_75": 71.42353735599863, "min": 71.42353735599863, "max": 71.42353735599863, "mean": 71.42353735599863, "std": 0.0, "repeat": 1, "number": 1}]}, "benchmarks.Hudson.time_long_sequence_length": {"result": [49.60662279999997], "stats": [{"ci_99": [-Infinity, Infinity], "q_25": 49.60662279999997, "q_75": 49.60662279999997, "min": 49.60662279999997, "max": 49.60662279999997, "mean": 49.60662279999997, "std": 0.0, "repeat": 1, "number": 1}]}, "benchmarks.Hudson.time_long_sequence_length_gene_conversion": {"result": [50.677435214998695], "stats": [{"ci_99": [-Infinity, Infinity], "q_25": 50.677435214998695, "q_75": 50.677435214998695, "min": 50.677435214998695, "max": 50.677435214998695, "mean": 50.677435214998695, "std": 0.0, "repeat": 1, "number": 1}]}, "benchmarks.Hudson.time_many_replicates": {"result": [28.7281053530005], "stats": [{"ci_99": [-Infinity, Infinity], "q_25": 28.7281053530005, "q_75": 28.7281053530005, "min": 28.7281053530005, "max": 28.7281053530005, "mean": 28.7281053530005, "std": 0.0, "repeat": 1, "number": 1}]}}, "params": {"arch": "x86_64", "cpu": "Intel(R) Core(TM) i5-3317U CPU @ 1.70GHz", "machine": "poplar", "num_cpu": "4", "os": "Linux 3.13.0-24-generic", "ram": "3931396", "python": "3.8", "stdpopsim": ""}, "requirements": {"stdpopsim": ""}, "commit_hash": "b12a64e39212389d830a33aed918743dfb851add", "date": 1604930889000, "env_name": "virtualenv-py3.8-stdpopsim", "python": "3.8", "profiles": {}, "started_at": {"benchmarks.DTWF.peakmem_human_chr22": 1604935702632, "benchmarks.DTWF.peakmem_large_population_size": 1604935729184, "benchmarks.DTWF.peakmem_long_sequence_length": 1604935740609, "benchmarks.DTWF.peakmem_many_replicates": 1604935752828, "benchmarks.DTWF.time_human_chr22": 1604935801345, "benchmarks.DTWF.time_large_population_size": 1604935826145, "benchmarks.DTWF.time_long_sequence_length": 1604935837619, "benchmarks.DTWF.time_many_replicates": 1604935849838, "benchmarks.Hudson.peakmem_human_chr22": 1604935898452, "benchmarks.Hudson.peakmem_large_sample_size": 1604935933161, "benchmarks.Hudson.peakmem_long_sequence_length": 1604936005384, "benchmarks.Hudson.peakmem_long_sequence_length_gene_conversion": 1604936055851, "benchmarks.Hudson.peakmem_many_replicates": 1604936107465, "benchmarks.Hudson.time_human_chr22": 1604936136765, "benchmarks.Hudson.time_large_sample_size": 1604936172343, "benchmarks.Hudson.time_long_sequence_length": 1604936244334, "benchmarks.Hudson.time_long_sequence_length_gene_conversion": 1604936294515, "benchmarks.Hudson.time_many_replicates": 1604936345801}, "ended_at": {"benchmarks.DTWF.peakmem_human_chr22": 1604935729184, "benchmarks.DTWF.peakmem_large_population_size": 1604935740609, "benchmarks.DTWF.peakmem_long_sequence_length": 1604935752827, "benchmarks.DTWF.peakmem_many_replicates": 1604935801345, "benchmarks.DTWF.time_human_chr22": 1604935826144, "benchmarks.DTWF.time_large_population_size": 1604935837619, "benchmarks.DTWF.time_long_sequence_length": 1604935849838, "benchmarks.DTWF.time_many_replicates": 1604935898451, "benchmarks.Hudson.peakmem_human_chr22": 1604935933161, "benchmarks.Hudson.peakmem_large_sample_size": 1604936005384, "benchmarks.Hudson.peakmem_long_sequence_length": 1604936055851, "benchmarks.Hudson.peakmem_long_sequence_length_gene_conversion": 1604936107464, "benchmarks.Hudson.peakmem_many_replicates": 1604936136765, "benchmarks.Hudson.time_human_chr22": 1604936172343, "benchmarks.Hudson.time_large_sample_size": 1604936244333, "benchmarks.Hudson.time_long_sequence_length": 1604936294515, "benchmarks.Hudson.time_long_sequence_length_gene_conversion": 1604936345800, "benchmarks.Hudson.time_many_replicates": 1604936375091}, "benchmark_version": {"benchmarks.DTWF.peakmem_human_chr22": "f848688127844489b5870c5598d06fc61bdb8c1a31b2c71741fb842ce4869124", "benchmarks.DTWF.peakmem_large_population_size": "1c54016f27b74e5d827e0cf71dee2587b99237d50e0c3aa5bfb1e9a54bedf712", "benchmarks.DTWF.peakmem_long_sequence_length": "72b4498a433ac926a303683be39aa07c206b25c22caa613088af6cbe51544ce9", "benchmarks.DTWF.peakmem_many_replicates": "8d591fe1a84bfd039f312aef953605c494b28ed3e3b28bd41773b5a6bbab8e13", "benchmarks.DTWF.time_human_chr22": "d016729b716d45e5a6cc8608ae18480b4f3d6192cc29f39ad8e06222786408c6", "benchmarks.DTWF.time_large_population_size": "5393d907eb6d9700c18c23789395c3a6a8aecf236b49983e2d955dccc6f793a3", "benchmarks.DTWF.time_long_sequence_length": "89860f21a2ad81e267314c086383279e852e4560e27f425d127937bd62fb83f9", "benchmarks.DTWF.time_many_replicates": "8f8fa44794e1a510a8052653f41596e3e11adbcdc838d7ca59f99bdb491be41b", "benchmarks.Hudson.peakmem_human_chr22": "20ef616d263e941e12a3089b8e8dbfee94d982362fe475e40174ebc3506b102a", "benchmarks.Hudson.peakmem_large_sample_size": "0b75d04c5ff9994c35ae62a490034e021485c38567b2699884e524931587881a", "benchmarks.Hudson.peakmem_long_sequence_length": "edd9dee8418f69b81347803203f176ff269220225a8939dc1c4bc1ab32289f94", "benchmarks.Hudson.peakmem_long_sequence_length_gene_conversion": "2236f20c5a4cc1e037abd099ce1f70d0dd2045a14914c96dcc48d0507f45e1da", "benchmarks.Hudson.peakmem_many_replicates": "b93569a722fa5396ed6631750fbdd02c7b47148d63973610f802eb69db85679e", "benchmarks.Hudson.time_human_chr22": "e648432b5c065478e09802f16a5658d37b625c204e147517826817bd6b04acb1", "benchmarks.Hudson.time_large_sample_size": "7bc273fa1975809170f8f4dd7776de03dd9993132a83866c1c135afe37e4d541", "benchmarks.Hudson.time_long_sequence_length": "0b6c7c537bd986f4e9c36c5549b8e939955cbd49901f29827e3ce763790fb3b7", "benchmarks.Hudson.time_long_sequence_length_gene_conversion": "19005a2b4b33b284a84cc0ad033e2d2c646f2d264fd59a5a55e3c2246a05851b", "benchmarks.Hudson.time_many_replicates": "c0f9f49074ade65f919a2db206a10f03ba6f5b53fa86dce2a6a32e96dd8a5067"}, "version": 1}