{"results": {"benchmarks.DTWF.peakmem_human_chr22": 107102208, "benchmarks.DTWF.peakmem_large_population_size": 52645888, "benchmarks.DTWF.peakmem_long_sequence_length": 54513664, "benchmarks.DTWF.peakmem_many_replicates": 43884544, "benchmarks.DTWF.time_human_chr22": {"result": [36.77521073498065], "stats": [{"ci_99": [-Infinity, Infinity], "q_25": 36.77521073498065, "q_75": 36.77521073498065, "min": 36.77521073498065, "max": 36.77521073498065, "mean": 36.77521073498065, "std": 0.0, "repeat": 1, "number": 1}]}, "benchmarks.DTWF.time_large_population_size": {"result": [10.886905717983609], "stats": [{"ci_99": [-Infinity, Infinity], "q_25": 10.886905717983609, "q_75": 10.886905717983609, "min": 10.886905717983609, "max": 10.886905717983609, "mean": 10.886905717983609, "std": 0.0, "repeat": 1, "number": 1}]}, "benchmarks.DTWF.time_long_sequence_length": {"result": [12.548999971011654], "stats": [{"ci_99": [-Infinity, Infinity], "q_25": 12.548999971011654, "q_75": 12.548999971011654, "min": 12.548999971011654, "max": 12.548999971011654, "mean": 12.548999971011654, "std": 0.0, "repeat": 1, "number": 1}]}, "benchmarks.DTWF.time_many_replicates": {"result": [50.361054956010776], "stats": [{"ci_99": [-Infinity, Infinity], "q_25": 50.361054956010776, "q_75": 50.361054956010776, "min": 50.361054956010776, "max": 50.361054956010776, "mean": 50.361054956010776, "std": 0.0, "repeat": 1, "number": 1}]}, "benchmarks.Hudson.peakmem_human_chr22": 141082624, "benchmarks.Hudson.peakmem_large_sample_size": 836247552, "benchmarks.Hudson.peakmem_long_sequence_length": 167866368, "benchmarks.Hudson.peakmem_long_sequence_length_gene_conversion": 171143168, "benchmarks.Hudson.peakmem_many_replicates": 44138496, "benchmarks.Hudson.time_human_chr22": {"result": [32.72454806198948], "stats": [{"ci_99": [-Infinity, Infinity], "q_25": 32.72454806198948, "q_75": 32.72454806198948, "min": 32.72454806198948, "max": 32.72454806198948, "mean": 32.72454806198948, "std": 0.0, "repeat": 1, "number": 1}]}, "benchmarks.Hudson.time_large_sample_size": {"result": [54.95038823099458], "stats": [{"ci_99": [-Infinity, Infinity], "q_25": 54.95038823099458, "q_75": 54.95038823099458, "min": 54.95038823099458, "max": 54.95038823099458, "mean": 54.95038823099458, "std": 0.0, "repeat": 1, "number": 1}]}, "benchmarks.Hudson.time_long_sequence_length": {"result": [49.77576938699349], "stats": [{"ci_99": [-Infinity, Infinity], "q_25": 49.77576938699349, "q_75": 49.77576938699349, "min": 49.77576938699349, "max": 49.77576938699349, "mean": 49.77576938699349, "std": 0.0, "repeat": 1, "number": 1}]}, "benchmarks.Hudson.time_long_sequence_length_gene_conversion": {"result": [49.26076674798969], "stats": [{"ci_99": [-Infinity, Infinity], "q_25": 49.26076674798969, "q_75": 49.26076674798969, "min": 49.26076674798969, "max": 49.26076674798969, "mean": 49.26076674798969, "std": 0.0, "repeat": 1, "number": 1}]}, "benchmarks.Hudson.time_many_replicates": {"result": [31.253655546024675], "stats": [{"ci_99": [-Infinity, Infinity], "q_25": 31.253655546024675, "q_75": 31.253655546024675, "min": 31.253655546024675, "max": 31.253655546024675, "mean": 31.253655546024675, "std": 0.0, "repeat": 1, "number": 1}]}}, "params": {"arch": "x86_64", "cpu": "Intel(R) Core(TM) i5-3317U CPU @ 1.70GHz", "machine": "poplar", "num_cpu": "4", "os": "Linux 3.13.0-24-generic", "ram": "3931396", "python": "3.8", "stdpopsim": ""}, "requirements": {"stdpopsim": ""}, "commit_hash": "b1d087ec1531720bcef073d4109c1075ab274775", "date": 1587476629000, "env_name": "virtualenv-py3.8-stdpopsim", "python": "3.8", "profiles": {}, "started_at": {"benchmarks.DTWF.peakmem_human_chr22": 1602082576703, "benchmarks.DTWF.peakmem_large_population_size": 1602082616836, "benchmarks.DTWF.peakmem_long_sequence_length": 1602082627811, "benchmarks.DTWF.peakmem_many_replicates": 1602082640081, "benchmarks.DTWF.time_human_chr22": 1602082690707, "benchmarks.DTWF.time_large_population_size": 1602082727584, "benchmarks.DTWF.time_long_sequence_length": 1602082738609, "benchmarks.DTWF.time_many_replicates": 1602082751280, "benchmarks.Hudson.peakmem_human_chr22": 1602082801756, "benchmarks.Hudson.peakmem_large_sample_size": 1602082834072, "benchmarks.Hudson.peakmem_long_sequence_length": 1602082888573, "benchmarks.Hudson.peakmem_long_sequence_length_gene_conversion": 1602082937822, "benchmarks.Hudson.peakmem_many_replicates": 1602082988573, "benchmarks.Hudson.time_human_chr22": 1602083020018, "benchmarks.Hudson.time_large_sample_size": 1602083052881, "benchmarks.Hudson.time_long_sequence_length": 1602083107923, "benchmarks.Hudson.time_long_sequence_length_gene_conversion": 1602083157819, "benchmarks.Hudson.time_many_replicates": 1602083207218}, "ended_at": {"benchmarks.DTWF.peakmem_human_chr22": 1602082616836, "benchmarks.DTWF.peakmem_large_population_size": 1602082627811, "benchmarks.DTWF.peakmem_long_sequence_length": 1602082640081, "benchmarks.DTWF.peakmem_many_replicates": 1602082690707, "benchmarks.DTWF.time_human_chr22": 1602082727584, "benchmarks.DTWF.time_large_population_size": 1602082738609, "benchmarks.DTWF.time_long_sequence_length": 1602082751280, "benchmarks.DTWF.time_many_replicates": 1602082801756, "benchmarks.Hudson.peakmem_human_chr22": 1602082834071, "benchmarks.Hudson.peakmem_large_sample_size": 1602082888573, "benchmarks.Hudson.peakmem_long_sequence_length": 1602082937822, "benchmarks.Hudson.peakmem_long_sequence_length_gene_conversion": 1602082988573, "benchmarks.Hudson.peakmem_many_replicates": 1602083020018, "benchmarks.Hudson.time_human_chr22": 1602083052881, "benchmarks.Hudson.time_large_sample_size": 1602083107923, "benchmarks.Hudson.time_long_sequence_length": 1602083157818, "benchmarks.Hudson.time_long_sequence_length_gene_conversion": 1602083207218, "benchmarks.Hudson.time_many_replicates": 1602083238566}, "benchmark_version": {"benchmarks.DTWF.peakmem_human_chr22": "f848688127844489b5870c5598d06fc61bdb8c1a31b2c71741fb842ce4869124", "benchmarks.DTWF.peakmem_large_population_size": "1c54016f27b74e5d827e0cf71dee2587b99237d50e0c3aa5bfb1e9a54bedf712", "benchmarks.DTWF.peakmem_long_sequence_length": "72b4498a433ac926a303683be39aa07c206b25c22caa613088af6cbe51544ce9", "benchmarks.DTWF.peakmem_many_replicates": "8d591fe1a84bfd039f312aef953605c494b28ed3e3b28bd41773b5a6bbab8e13", "benchmarks.DTWF.time_human_chr22": "d016729b716d45e5a6cc8608ae18480b4f3d6192cc29f39ad8e06222786408c6", "benchmarks.DTWF.time_large_population_size": "5393d907eb6d9700c18c23789395c3a6a8aecf236b49983e2d955dccc6f793a3", "benchmarks.DTWF.time_long_sequence_length": "89860f21a2ad81e267314c086383279e852e4560e27f425d127937bd62fb83f9", "benchmarks.DTWF.time_many_replicates": "8f8fa44794e1a510a8052653f41596e3e11adbcdc838d7ca59f99bdb491be41b", "benchmarks.Hudson.peakmem_human_chr22": "20ef616d263e941e12a3089b8e8dbfee94d982362fe475e40174ebc3506b102a", "benchmarks.Hudson.peakmem_large_sample_size": "0b75d04c5ff9994c35ae62a490034e021485c38567b2699884e524931587881a", "benchmarks.Hudson.peakmem_long_sequence_length": "edd9dee8418f69b81347803203f176ff269220225a8939dc1c4bc1ab32289f94", "benchmarks.Hudson.peakmem_long_sequence_length_gene_conversion": "2236f20c5a4cc1e037abd099ce1f70d0dd2045a14914c96dcc48d0507f45e1da", "benchmarks.Hudson.peakmem_many_replicates": "b93569a722fa5396ed6631750fbdd02c7b47148d63973610f802eb69db85679e", "benchmarks.Hudson.time_human_chr22": "e648432b5c065478e09802f16a5658d37b625c204e147517826817bd6b04acb1", "benchmarks.Hudson.time_large_sample_size": "7bc273fa1975809170f8f4dd7776de03dd9993132a83866c1c135afe37e4d541", "benchmarks.Hudson.time_long_sequence_length": "0b6c7c537bd986f4e9c36c5549b8e939955cbd49901f29827e3ce763790fb3b7", "benchmarks.Hudson.time_long_sequence_length_gene_conversion": "19005a2b4b33b284a84cc0ad033e2d2c646f2d264fd59a5a55e3c2246a05851b", "benchmarks.Hudson.time_many_replicates": "c0f9f49074ade65f919a2db206a10f03ba6f5b53fa86dce2a6a32e96dd8a5067"}, "version": 1}