{"results": {"benchmarks.DTWF.peakmem_human_chr22": 108531712, "benchmarks.DTWF.peakmem_large_population_size": 53583872, "benchmarks.DTWF.peakmem_long_sequence_length": 55599104, "benchmarks.DTWF.peakmem_many_replicates": 45244416, "benchmarks.DTWF.time_human_chr22": {"result": [30.1061473590089], "stats": [{"ci_99": [-Infinity, Infinity], "q_25": 30.1061473590089, "q_75": 30.1061473590089, "min": 30.1061473590089, "max": 30.1061473590089, "mean": 30.1061473590089, "std": 0.0, "repeat": 1, "number": 1}]}, "benchmarks.DTWF.time_large_population_size": {"result": [11.230465654982254], "stats": [{"ci_99": [-Infinity, Infinity], "q_25": 11.230465654982254, "q_75": 11.230465654982254, "min": 11.230465654982254, "max": 11.230465654982254, "mean": 11.230465654982254, "std": 0.0, "repeat": 1, "number": 1}]}, "benchmarks.DTWF.time_long_sequence_length": {"result": [12.046025274990825], "stats": [{"ci_99": [-Infinity, Infinity], "q_25": 12.046025274990825, "q_75": 12.046025274990825, "min": 12.046025274990825, "max": 12.046025274990825, "mean": 12.046025274990825, "std": 0.0, "repeat": 1, "number": 1}]}, "benchmarks.DTWF.time_many_replicates": {"result": [52.54061896898202], "stats": [{"ci_99": [-Infinity, Infinity], "q_25": 52.54061896898202, "q_75": 52.54061896898202, "min": 52.54061896898202, "max": 52.54061896898202, "mean": 52.54061896898202, "std": 0.0, "repeat": 1, "number": 1}]}, "benchmarks.Hudson.peakmem_human_chr22": 147255296, "benchmarks.Hudson.peakmem_large_sample_size": 803389440, "benchmarks.Hudson.peakmem_long_sequence_length": 170131456, "benchmarks.Hudson.peakmem_long_sequence_length_gene_conversion": 172015616, "benchmarks.Hudson.peakmem_many_replicates": 45498368, "benchmarks.Hudson.time_human_chr22": {"result": [54.88144323998131], "stats": [{"ci_99": [-Infinity, Infinity], "q_25": 54.88144323998131, "q_75": 54.88144323998131, "min": 54.88144323998131, "max": 54.88144323998131, "mean": 54.88144323998131, "std": 0.0, "repeat": 1, "number": 1}]}, "benchmarks.Hudson.time_large_sample_size": {"result": [54.46967867499916], "stats": [{"ci_99": [-Infinity, Infinity], "q_25": 54.46967867499916, "q_75": 54.46967867499916, "min": 54.46967867499916, "max": 54.46967867499916, "mean": 54.46967867499916, "std": 0.0, "repeat": 1, "number": 1}]}, "benchmarks.Hudson.time_long_sequence_length": {"result": [48.90346147798118], "stats": [{"ci_99": [-Infinity, Infinity], "q_25": 48.90346147798118, "q_75": 48.90346147798118, "min": 48.90346147798118, "max": 48.90346147798118, "mean": 48.90346147798118, "std": 0.0, "repeat": 1, "number": 1}]}, "benchmarks.Hudson.time_long_sequence_length_gene_conversion": {"result": [52.038539931993], "stats": [{"ci_99": [-Infinity, Infinity], "q_25": 52.038539931993, "q_75": 52.038539931993, "min": 52.038539931993, "max": 52.038539931993, "mean": 52.038539931993, "std": 0.0, "repeat": 1, "number": 1}]}, "benchmarks.Hudson.time_many_replicates": {"result": [33.37041061100899], "stats": [{"ci_99": [-Infinity, Infinity], "q_25": 33.37041061100899, "q_75": 33.37041061100899, "min": 33.37041061100899, "max": 33.37041061100899, "mean": 33.37041061100899, "std": 0.0, "repeat": 1, "number": 1}]}}, "params": {"arch": "x86_64", "cpu": "Intel(R) Core(TM) i5-3317U CPU @ 1.70GHz", "machine": "poplar", "num_cpu": "4", "os": "Linux 3.13.0-24-generic", "ram": "3931396", "python": "3.8", "stdpopsim": ""}, "requirements": {"stdpopsim": ""}, "commit_hash": "b22d3472f2491b6ae52d3fcc03f1b8cd1219722e", "date": 1599735834000, "env_name": "virtualenv-py3.8-stdpopsim", "python": "3.8", "profiles": {}, "started_at": {"benchmarks.DTWF.peakmem_human_chr22": 1601998458044, "benchmarks.DTWF.peakmem_large_population_size": 1601998492463, "benchmarks.DTWF.peakmem_long_sequence_length": 1601998503788, "benchmarks.DTWF.peakmem_many_replicates": 1601998515758, "benchmarks.DTWF.time_human_chr22": 1601998568487, "benchmarks.DTWF.time_large_population_size": 1601998598699, "benchmarks.DTWF.time_long_sequence_length": 1601998610025, "benchmarks.DTWF.time_many_replicates": 1601998622195, "benchmarks.Hudson.peakmem_human_chr22": 1601998674873, "benchmarks.Hudson.peakmem_large_sample_size": 1601998729130, "benchmarks.Hudson.peakmem_long_sequence_length": 1601998791642, "benchmarks.Hudson.peakmem_long_sequence_length_gene_conversion": 1601998840989, "benchmarks.Hudson.peakmem_many_replicates": 1601998893343, "benchmarks.Hudson.time_human_chr22": 1601998926843, "benchmarks.Hudson.time_large_sample_size": 1601998981852, "benchmarks.Hudson.time_long_sequence_length": 1601999036453, "benchmarks.Hudson.time_long_sequence_length_gene_conversion": 1601999085450, "benchmarks.Hudson.time_many_replicates": 1601999137603}, "ended_at": {"benchmarks.DTWF.peakmem_human_chr22": 1601998492463, "benchmarks.DTWF.peakmem_large_population_size": 1601998503788, "benchmarks.DTWF.peakmem_long_sequence_length": 1601998515758, "benchmarks.DTWF.peakmem_many_replicates": 1601998568487, "benchmarks.DTWF.time_human_chr22": 1601998598699, "benchmarks.DTWF.time_large_population_size": 1601998610024, "benchmarks.DTWF.time_long_sequence_length": 1601998622194, "benchmarks.DTWF.time_many_replicates": 1601998674873, "benchmarks.Hudson.peakmem_human_chr22": 1601998729130, "benchmarks.Hudson.peakmem_large_sample_size": 1601998791642, "benchmarks.Hudson.peakmem_long_sequence_length": 1601998840989, "benchmarks.Hudson.peakmem_long_sequence_length_gene_conversion": 1601998893343, "benchmarks.Hudson.peakmem_many_replicates": 1601998926843, "benchmarks.Hudson.time_human_chr22": 1601998981852, "benchmarks.Hudson.time_large_sample_size": 1601999036453, "benchmarks.Hudson.time_long_sequence_length": 1601999085450, "benchmarks.Hudson.time_long_sequence_length_gene_conversion": 1601999137603, "benchmarks.Hudson.time_many_replicates": 1601999171104}, "benchmark_version": {"benchmarks.DTWF.peakmem_human_chr22": "f848688127844489b5870c5598d06fc61bdb8c1a31b2c71741fb842ce4869124", "benchmarks.DTWF.peakmem_large_population_size": "1c54016f27b74e5d827e0cf71dee2587b99237d50e0c3aa5bfb1e9a54bedf712", "benchmarks.DTWF.peakmem_long_sequence_length": "72b4498a433ac926a303683be39aa07c206b25c22caa613088af6cbe51544ce9", "benchmarks.DTWF.peakmem_many_replicates": "8d591fe1a84bfd039f312aef953605c494b28ed3e3b28bd41773b5a6bbab8e13", "benchmarks.DTWF.time_human_chr22": "d016729b716d45e5a6cc8608ae18480b4f3d6192cc29f39ad8e06222786408c6", "benchmarks.DTWF.time_large_population_size": "5393d907eb6d9700c18c23789395c3a6a8aecf236b49983e2d955dccc6f793a3", "benchmarks.DTWF.time_long_sequence_length": "89860f21a2ad81e267314c086383279e852e4560e27f425d127937bd62fb83f9", "benchmarks.DTWF.time_many_replicates": "8f8fa44794e1a510a8052653f41596e3e11adbcdc838d7ca59f99bdb491be41b", "benchmarks.Hudson.peakmem_human_chr22": "20ef616d263e941e12a3089b8e8dbfee94d982362fe475e40174ebc3506b102a", "benchmarks.Hudson.peakmem_large_sample_size": "0b75d04c5ff9994c35ae62a490034e021485c38567b2699884e524931587881a", "benchmarks.Hudson.peakmem_long_sequence_length": "edd9dee8418f69b81347803203f176ff269220225a8939dc1c4bc1ab32289f94", "benchmarks.Hudson.peakmem_long_sequence_length_gene_conversion": "2236f20c5a4cc1e037abd099ce1f70d0dd2045a14914c96dcc48d0507f45e1da", "benchmarks.Hudson.peakmem_many_replicates": "b93569a722fa5396ed6631750fbdd02c7b47148d63973610f802eb69db85679e", "benchmarks.Hudson.time_human_chr22": "e648432b5c065478e09802f16a5658d37b625c204e147517826817bd6b04acb1", "benchmarks.Hudson.time_large_sample_size": "7bc273fa1975809170f8f4dd7776de03dd9993132a83866c1c135afe37e4d541", "benchmarks.Hudson.time_long_sequence_length": "0b6c7c537bd986f4e9c36c5549b8e939955cbd49901f29827e3ce763790fb3b7", "benchmarks.Hudson.time_long_sequence_length_gene_conversion": "19005a2b4b33b284a84cc0ad033e2d2c646f2d264fd59a5a55e3c2246a05851b", "benchmarks.Hudson.time_many_replicates": "c0f9f49074ade65f919a2db206a10f03ba6f5b53fa86dce2a6a32e96dd8a5067"}, "version": 1}