{"results": {"benchmarks.DTWF.peakmem_human_chr22": 111628288, "benchmarks.DTWF.peakmem_large_population_size": 55103488, "benchmarks.DTWF.peakmem_long_sequence_length": 47128576, "benchmarks.DTWF.peakmem_many_replicates": 46399488, "benchmarks.DTWF.time_human_chr22": {"result": [30.076423006999903], "stats": [{"ci_99": [-Infinity, Infinity], "q_25": 30.076423006999903, "q_75": 30.076423006999903, "min": 30.076423006999903, "max": 30.076423006999903, "mean": 30.076423006999903, "std": 0.0, "repeat": 1, "number": 1}]}, "benchmarks.DTWF.time_large_population_size": {"result": [10.861970275999738], "stats": [{"ci_99": [-Infinity, Infinity], "q_25": 10.861970275999738, "q_75": 10.861970275999738, "min": 10.861970275999738, "max": 10.861970275999738, "mean": 10.861970275999738, "std": 0.0, "repeat": 1, "number": 1}]}, "benchmarks.DTWF.time_long_sequence_length": {"result": [0.11186171400004241], "stats": [{"ci_99": [-Infinity, Infinity], "q_25": 0.11186171400004241, "q_75": 0.11186171400004241, "min": 0.11186171400004241, "max": 0.11186171400004241, "mean": 0.11186171400004241, "std": 0.0, "repeat": 1, "number": 1}]}, "benchmarks.DTWF.time_many_replicates": {"result": [47.29010515200025], "stats": [{"ci_99": [-Infinity, Infinity], "q_25": 47.29010515200025, "q_75": 47.29010515200025, "min": 47.29010515200025, "max": 47.29010515200025, "mean": 47.29010515200025, "std": 0.0, "repeat": 1, "number": 1}]}, "benchmarks.Hudson.peakmem_human_chr22": 147984384, "benchmarks.Hudson.peakmem_large_sample_size": 852090880, "benchmarks.Hudson.peakmem_long_sequence_length": 174292992, "benchmarks.Hudson.peakmem_many_replicates": 46399488, "benchmarks.Hudson.time_human_chr22": {"result": [53.468290999999226], "stats": [{"ci_99": [-Infinity, Infinity], "q_25": 53.468290999999226, "q_75": 53.468290999999226, "min": 53.468290999999226, "max": 53.468290999999226, "mean": 53.468290999999226, "std": 0.0, "repeat": 1, "number": 1}]}, "benchmarks.Hudson.time_large_sample_size": {"result": [74.35133194900027], "stats": [{"ci_99": [-Infinity, Infinity], "q_25": 74.35133194900027, "q_75": 74.35133194900027, "min": 74.35133194900027, "max": 74.35133194900027, "mean": 74.35133194900027, "std": 0.0, "repeat": 1, "number": 1}]}, "benchmarks.Hudson.time_long_sequence_length": {"result": [49.68395369100017], "stats": [{"ci_99": [-Infinity, Infinity], "q_25": 49.68395369100017, "q_75": 49.68395369100017, "min": 49.68395369100017, "max": 49.68395369100017, "mean": 49.68395369100017, "std": 0.0, "repeat": 1, "number": 1}]}, "benchmarks.Hudson.time_many_replicates": {"result": [28.45553270899927], "stats": [{"ci_99": [-Infinity, Infinity], "q_25": 28.45553270899927, "q_75": 28.45553270899927, "min": 28.45553270899927, "max": 28.45553270899927, "mean": 28.45553270899927, "std": 0.0, "repeat": 1, "number": 1}]}, "benchmarks.Hudson.peakmem_long_sequence_length_gene_conversion": 172425216, "benchmarks.Hudson.time_long_sequence_length_gene_conversion": {"result": [49.60236853999959], "stats": [{"ci_99": [-Infinity, Infinity], "q_25": 49.60236853999959, "q_75": 49.60236853999959, "min": 49.60236853999959, "max": 49.60236853999959, "mean": 49.60236853999959, "std": 0.0, "repeat": 1, "number": 1}]}}, "params": {"arch": "x86_64", "cpu": "Intel(R) Core(TM) i5-3317U CPU @ 1.70GHz", "machine": "poplar", "num_cpu": "4", "os": "Linux 3.13.0-24-generic", "ram": "3931396", "python": "3.8", "stdpopsim": ""}, "requirements": {"stdpopsim": ""}, "commit_hash": "b5c561c460b39dfad3bef233dbe598bd25ff8bc7", "date": 1601368791000, "env_name": "virtualenv-py3.8-stdpopsim", "python": "3.8", "profiles": {}, "started_at": {"benchmarks.DTWF.peakmem_human_chr22": 1601462804199, "benchmarks.DTWF.peakmem_large_population_size": 1601462833558, "benchmarks.DTWF.peakmem_long_sequence_length": 1601462845032, "benchmarks.DTWF.peakmem_many_replicates": 1601462845735, "benchmarks.DTWF.time_human_chr22": 1601462893355, "benchmarks.DTWF.time_large_population_size": 1601462924017, "benchmarks.DTWF.time_long_sequence_length": 1601462935440, "benchmarks.DTWF.time_many_replicates": 1601462936144, "benchmarks.Hudson.peakmem_human_chr22": 1601462984014, "benchmarks.Hudson.peakmem_large_sample_size": 1601463038222, "benchmarks.Hudson.peakmem_long_sequence_length": 1601463113560, "benchmarks.Hudson.peakmem_many_replicates": 1601463164114, "benchmarks.Hudson.time_human_chr22": 1601463192910, "benchmarks.Hudson.time_large_sample_size": 1601463246970, "benchmarks.Hudson.time_long_sequence_length": 1601463321908, "benchmarks.Hudson.time_many_replicates": 1601463372161, "benchmarks.Hudson.peakmem_long_sequence_length_gene_conversion": 1601473451005, "benchmarks.Hudson.time_long_sequence_length_gene_conversion": 1601473502659}, "ended_at": {"benchmarks.DTWF.peakmem_human_chr22": 1601462833557, "benchmarks.DTWF.peakmem_large_population_size": 1601462845031, "benchmarks.DTWF.peakmem_long_sequence_length": 1601462845735, "benchmarks.DTWF.peakmem_many_replicates": 1601462893355, "benchmarks.DTWF.time_human_chr22": 1601462924016, "benchmarks.DTWF.time_large_population_size": 1601462935440, "benchmarks.DTWF.time_long_sequence_length": 1601462936144, "benchmarks.DTWF.time_many_replicates": 1601462984014, "benchmarks.Hudson.peakmem_human_chr22": 1601463038221, "benchmarks.Hudson.peakmem_large_sample_size": 1601463113560, "benchmarks.Hudson.peakmem_long_sequence_length": 1601463164114, "benchmarks.Hudson.peakmem_many_replicates": 1601463192910, "benchmarks.Hudson.time_human_chr22": 1601463246970, "benchmarks.Hudson.time_large_sample_size": 1601463321908, "benchmarks.Hudson.time_long_sequence_length": 1601463372160, "benchmarks.Hudson.time_many_replicates": 1601463401206, "benchmarks.Hudson.peakmem_long_sequence_length_gene_conversion": 1601473502659, "benchmarks.Hudson.time_long_sequence_length_gene_conversion": 1601473552859}, "benchmark_version": {"benchmarks.DTWF.peakmem_human_chr22": "f848688127844489b5870c5598d06fc61bdb8c1a31b2c71741fb842ce4869124", "benchmarks.DTWF.peakmem_large_population_size": "1c54016f27b74e5d827e0cf71dee2587b99237d50e0c3aa5bfb1e9a54bedf712", "benchmarks.DTWF.peakmem_long_sequence_length": "72b4498a433ac926a303683be39aa07c206b25c22caa613088af6cbe51544ce9", "benchmarks.DTWF.peakmem_many_replicates": "8d591fe1a84bfd039f312aef953605c494b28ed3e3b28bd41773b5a6bbab8e13", "benchmarks.DTWF.time_human_chr22": "d016729b716d45e5a6cc8608ae18480b4f3d6192cc29f39ad8e06222786408c6", "benchmarks.DTWF.time_large_population_size": "5393d907eb6d9700c18c23789395c3a6a8aecf236b49983e2d955dccc6f793a3", "benchmarks.DTWF.time_long_sequence_length": "89860f21a2ad81e267314c086383279e852e4560e27f425d127937bd62fb83f9", "benchmarks.DTWF.time_many_replicates": "8f8fa44794e1a510a8052653f41596e3e11adbcdc838d7ca59f99bdb491be41b", "benchmarks.Hudson.peakmem_human_chr22": "20ef616d263e941e12a3089b8e8dbfee94d982362fe475e40174ebc3506b102a", "benchmarks.Hudson.peakmem_large_sample_size": "0b75d04c5ff9994c35ae62a490034e021485c38567b2699884e524931587881a", "benchmarks.Hudson.peakmem_long_sequence_length": "edd9dee8418f69b81347803203f176ff269220225a8939dc1c4bc1ab32289f94", "benchmarks.Hudson.peakmem_many_replicates": "b93569a722fa5396ed6631750fbdd02c7b47148d63973610f802eb69db85679e", "benchmarks.Hudson.time_human_chr22": "e648432b5c065478e09802f16a5658d37b625c204e147517826817bd6b04acb1", "benchmarks.Hudson.time_large_sample_size": "7bc273fa1975809170f8f4dd7776de03dd9993132a83866c1c135afe37e4d541", "benchmarks.Hudson.time_long_sequence_length": "0b6c7c537bd986f4e9c36c5549b8e939955cbd49901f29827e3ce763790fb3b7", "benchmarks.Hudson.time_many_replicates": "c0f9f49074ade65f919a2db206a10f03ba6f5b53fa86dce2a6a32e96dd8a5067", "benchmarks.Hudson.peakmem_long_sequence_length_gene_conversion": "2236f20c5a4cc1e037abd099ce1f70d0dd2045a14914c96dcc48d0507f45e1da", "benchmarks.Hudson.time_long_sequence_length_gene_conversion": "19005a2b4b33b284a84cc0ad033e2d2c646f2d264fd59a5a55e3c2246a05851b"}, "version": 1}