{"results": {"benchmarks.DTWF.peakmem_human_chr22": 110256128, "benchmarks.DTWF.peakmem_large_population_size": 54870016, "benchmarks.DTWF.peakmem_long_sequence_length": 58441728, "benchmarks.DTWF.peakmem_many_replicates": 45391872, "benchmarks.DTWF.time_human_chr22": {"result": [38.56939017199329], "stats": [{"ci_99": [-Infinity, Infinity], "q_25": 38.56939017199329, "q_75": 38.56939017199329, "min": 38.56939017199329, "max": 38.56939017199329, "mean": 38.56939017199329, "std": 0.0, "repeat": 1, "number": 1}]}, "benchmarks.DTWF.time_large_population_size": {"result": [11.644510887010256], "stats": [{"ci_99": [-Infinity, Infinity], "q_25": 11.644510887010256, "q_75": 11.644510887010256, "min": 11.644510887010256, "max": 11.644510887010256, "mean": 11.644510887010256, "std": 0.0, "repeat": 1, "number": 1}]}, "benchmarks.DTWF.time_long_sequence_length": {"result": [12.867922945006285], "stats": [{"ci_99": [-Infinity, Infinity], "q_25": 12.867922945006285, "q_75": 12.867922945006285, "min": 12.867922945006285, "max": 12.867922945006285, "mean": 12.867922945006285, "std": 0.0, "repeat": 1, "number": 1}]}, "benchmarks.DTWF.time_many_replicates": {"result": [50.62876091597718], "stats": [{"ci_99": [-Infinity, Infinity], "q_25": 50.62876091597718, "q_75": 50.62876091597718, "min": 50.62876091597718, "max": 50.62876091597718, "mean": 50.62876091597718, "std": 0.0, "repeat": 1, "number": 1}]}, "benchmarks.Hudson.peakmem_human_chr22": 142352384, "benchmarks.Hudson.peakmem_large_sample_size": 852594688, "benchmarks.Hudson.peakmem_long_sequence_length": 165662720, "benchmarks.Hudson.peakmem_long_sequence_length_gene_conversion": 166379520, "benchmarks.Hudson.peakmem_many_replicates": 45584384, "benchmarks.Hudson.time_human_chr22": {"result": [32.33782753901323], "stats": [{"ci_99": [-Infinity, Infinity], "q_25": 32.33782753901323, "q_75": 32.33782753901323, "min": 32.33782753901323, "max": 32.33782753901323, "mean": 32.33782753901323, "std": 0.0, "repeat": 1, "number": 1}]}, "benchmarks.Hudson.time_large_sample_size": {"result": [53.9763599819853], "stats": [{"ci_99": [-Infinity, Infinity], "q_25": 53.9763599819853, "q_75": 53.9763599819853, "min": 53.9763599819853, "max": 53.9763599819853, "mean": 53.9763599819853, "std": 0.0, "repeat": 1, "number": 1}]}, "benchmarks.Hudson.time_long_sequence_length": {"result": [49.625380289013265], "stats": [{"ci_99": [-Infinity, Infinity], "q_25": 49.625380289013265, "q_75": 49.625380289013265, "min": 49.625380289013265, "max": 49.625380289013265, "mean": 49.625380289013265, "std": 0.0, "repeat": 1, "number": 1}]}, "benchmarks.Hudson.time_long_sequence_length_gene_conversion": {"result": [51.75031521101482], "stats": [{"ci_99": [-Infinity, Infinity], "q_25": 51.75031521101482, "q_75": 51.75031521101482, "min": 51.75031521101482, "max": 51.75031521101482, "mean": 51.75031521101482, "std": 0.0, "repeat": 1, "number": 1}]}, "benchmarks.Hudson.time_many_replicates": {"result": [30.846514015982393], "stats": [{"ci_99": [-Infinity, Infinity], "q_25": 30.846514015982393, "q_75": 30.846514015982393, "min": 30.846514015982393, "max": 30.846514015982393, "mean": 30.846514015982393, "std": 0.0, "repeat": 1, "number": 1}]}}, "params": {"arch": "x86_64", "cpu": "Intel(R) Core(TM) i5-3317U CPU @ 1.70GHz", "machine": "poplar", "num_cpu": "4", "os": "Linux 3.13.0-24-generic", "ram": "3931396", "python": "3.8", "stdpopsim": ""}, "requirements": {"stdpopsim": ""}, "commit_hash": "b76c18585ae20058ef82d6d5eb4ce568de6474c3", "date": 1591636125000, "env_name": "virtualenv-py3.8-stdpopsim", "python": "3.8", "profiles": {}, "started_at": {"benchmarks.DTWF.peakmem_human_chr22": 1602050192732, "benchmarks.DTWF.peakmem_large_population_size": 1602050232113, "benchmarks.DTWF.peakmem_long_sequence_length": 1602050243889, "benchmarks.DTWF.peakmem_many_replicates": 1602050256610, "benchmarks.DTWF.time_human_chr22": 1602050307486, "benchmarks.DTWF.time_large_population_size": 1602050346166, "benchmarks.DTWF.time_long_sequence_length": 1602050357942, "benchmarks.DTWF.time_many_replicates": 1602050370914, "benchmarks.Hudson.peakmem_human_chr22": 1602050421640, "benchmarks.Hudson.peakmem_large_sample_size": 1602050452653, "benchmarks.Hudson.peakmem_long_sequence_length": 1602050512463, "benchmarks.Hudson.peakmem_long_sequence_length_gene_conversion": 1602050562112, "benchmarks.Hudson.peakmem_many_replicates": 1602050614218, "benchmarks.Hudson.time_human_chr22": 1602050645265, "benchmarks.Hudson.time_large_sample_size": 1602050677732, "benchmarks.Hudson.time_long_sequence_length": 1602050731833, "benchmarks.Hudson.time_long_sequence_length_gene_conversion": 1602050781583, "benchmarks.Hudson.time_many_replicates": 1602050833438}, "ended_at": {"benchmarks.DTWF.peakmem_human_chr22": 1602050232113, "benchmarks.DTWF.peakmem_large_population_size": 1602050243889, "benchmarks.DTWF.peakmem_long_sequence_length": 1602050256610, "benchmarks.DTWF.peakmem_many_replicates": 1602050307486, "benchmarks.DTWF.time_human_chr22": 1602050346166, "benchmarks.DTWF.time_large_population_size": 1602050357942, "benchmarks.DTWF.time_long_sequence_length": 1602050370913, "benchmarks.DTWF.time_many_replicates": 1602050421640, "benchmarks.Hudson.peakmem_human_chr22": 1602050452653, "benchmarks.Hudson.peakmem_large_sample_size": 1602050512462, "benchmarks.Hudson.peakmem_long_sequence_length": 1602050562112, "benchmarks.Hudson.peakmem_long_sequence_length_gene_conversion": 1602050614217, "benchmarks.Hudson.peakmem_many_replicates": 1602050645265, "benchmarks.Hudson.time_human_chr22": 1602050677731, "benchmarks.Hudson.time_large_sample_size": 1602050731832, "benchmarks.Hudson.time_long_sequence_length": 1602050781583, "benchmarks.Hudson.time_long_sequence_length_gene_conversion": 1602050833438, "benchmarks.Hudson.time_many_replicates": 1602050864385}, "benchmark_version": {"benchmarks.DTWF.peakmem_human_chr22": "f848688127844489b5870c5598d06fc61bdb8c1a31b2c71741fb842ce4869124", "benchmarks.DTWF.peakmem_large_population_size": "1c54016f27b74e5d827e0cf71dee2587b99237d50e0c3aa5bfb1e9a54bedf712", "benchmarks.DTWF.peakmem_long_sequence_length": "72b4498a433ac926a303683be39aa07c206b25c22caa613088af6cbe51544ce9", "benchmarks.DTWF.peakmem_many_replicates": "8d591fe1a84bfd039f312aef953605c494b28ed3e3b28bd41773b5a6bbab8e13", "benchmarks.DTWF.time_human_chr22": "d016729b716d45e5a6cc8608ae18480b4f3d6192cc29f39ad8e06222786408c6", "benchmarks.DTWF.time_large_population_size": "5393d907eb6d9700c18c23789395c3a6a8aecf236b49983e2d955dccc6f793a3", "benchmarks.DTWF.time_long_sequence_length": "89860f21a2ad81e267314c086383279e852e4560e27f425d127937bd62fb83f9", "benchmarks.DTWF.time_many_replicates": "8f8fa44794e1a510a8052653f41596e3e11adbcdc838d7ca59f99bdb491be41b", "benchmarks.Hudson.peakmem_human_chr22": "20ef616d263e941e12a3089b8e8dbfee94d982362fe475e40174ebc3506b102a", "benchmarks.Hudson.peakmem_large_sample_size": "0b75d04c5ff9994c35ae62a490034e021485c38567b2699884e524931587881a", "benchmarks.Hudson.peakmem_long_sequence_length": "edd9dee8418f69b81347803203f176ff269220225a8939dc1c4bc1ab32289f94", "benchmarks.Hudson.peakmem_long_sequence_length_gene_conversion": "2236f20c5a4cc1e037abd099ce1f70d0dd2045a14914c96dcc48d0507f45e1da", "benchmarks.Hudson.peakmem_many_replicates": "b93569a722fa5396ed6631750fbdd02c7b47148d63973610f802eb69db85679e", "benchmarks.Hudson.time_human_chr22": "e648432b5c065478e09802f16a5658d37b625c204e147517826817bd6b04acb1", "benchmarks.Hudson.time_large_sample_size": "7bc273fa1975809170f8f4dd7776de03dd9993132a83866c1c135afe37e4d541", "benchmarks.Hudson.time_long_sequence_length": "0b6c7c537bd986f4e9c36c5549b8e939955cbd49901f29827e3ce763790fb3b7", "benchmarks.Hudson.time_long_sequence_length_gene_conversion": "19005a2b4b33b284a84cc0ad033e2d2c646f2d264fd59a5a55e3c2246a05851b", "benchmarks.Hudson.time_many_replicates": "c0f9f49074ade65f919a2db206a10f03ba6f5b53fa86dce2a6a32e96dd8a5067"}, "version": 1}