{"results": {"benchmarks.DTWF.peakmem_human_chr22": 99344384, "benchmarks.DTWF.peakmem_large_population_size": null, "benchmarks.DTWF.peakmem_long_sequence_length": 53846016, "benchmarks.DTWF.peakmem_many_replicates": null, "benchmarks.DTWF.time_human_chr22": {"result": [69.8004736060393], "stats": [{"ci_99": [-Infinity, Infinity], "q_25": 69.8004736060393, "q_75": 69.8004736060393, "min": 69.8004736060393, "max": 69.8004736060393, "mean": 69.8004736060393, "std": 0.0, "repeat": 1, "number": 1}]}, "benchmarks.DTWF.time_large_population_size": null, "benchmarks.DTWF.time_long_sequence_length": {"result": [95.54667767399224], "stats": [{"ci_99": [-Infinity, Infinity], "q_25": 95.54667767399224, "q_75": 95.54667767399224, "min": 95.54667767399224, "max": 95.54667767399224, "mean": 95.54667767399224, "std": 0.0, "repeat": 1, "number": 1}]}, "benchmarks.DTWF.time_many_replicates": null, "benchmarks.Hudson.peakmem_human_chr22": 133943296, "benchmarks.Hudson.peakmem_large_sample_size": 790151168, "benchmarks.Hudson.peakmem_long_sequence_length": 163020800, "benchmarks.Hudson.peakmem_long_sequence_length_gene_conversion": 163020800, "benchmarks.Hudson.peakmem_many_replicates": 42471424, "benchmarks.Hudson.time_human_chr22": {"result": [25.875245101982728], "stats": [{"ci_99": [-Infinity, Infinity], "q_25": 25.875245101982728, "q_75": 25.875245101982728, "min": 25.875245101982728, "max": 25.875245101982728, "mean": 25.875245101982728, "std": 0.0, "repeat": 1, "number": 1}]}, "benchmarks.Hudson.time_large_sample_size": {"result": [54.456686944002286], "stats": [{"ci_99": [-Infinity, Infinity], "q_25": 54.456686944002286, "q_75": 54.456686944002286, "min": 54.456686944002286, "max": 54.456686944002286, "mean": 54.456686944002286, "std": 0.0, "repeat": 1, "number": 1}]}, "benchmarks.Hudson.time_long_sequence_length": {"result": [45.13671243598219], "stats": [{"ci_99": [-Infinity, Infinity], "q_25": 45.13671243598219, "q_75": 45.13671243598219, "min": 45.13671243598219, "max": 45.13671243598219, "mean": 45.13671243598219, "std": 0.0, "repeat": 1, "number": 1}]}, "benchmarks.Hudson.time_long_sequence_length_gene_conversion": {"result": [48.08911428001011], "stats": [{"ci_99": [-Infinity, Infinity], "q_25": 48.08911428001011, "q_75": 48.08911428001011, "min": 48.08911428001011, "max": 48.08911428001011, "mean": 48.08911428001011, "std": 0.0, "repeat": 1, "number": 1}]}, "benchmarks.Hudson.time_many_replicates": {"result": [30.88067632797174], "stats": [{"ci_99": [-Infinity, Infinity], "q_25": 30.88067632797174, "q_75": 30.88067632797174, "min": 30.88067632797174, "max": 30.88067632797174, "mean": 30.88067632797174, "std": 0.0, "repeat": 1, "number": 1}]}}, "params": {"arch": "x86_64", "cpu": "Intel(R) Core(TM) i5-3317U CPU @ 1.70GHz", "machine": "poplar", "num_cpu": "4", "os": "Linux 3.13.0-24-generic", "ram": "3931396", "python": "3.8", "stdpopsim": ""}, "requirements": {"stdpopsim": ""}, "commit_hash": "b7e9f15e5f40745687d6771725a0bb591c30aac7", "date": 1580312576000, "env_name": "virtualenv-py3.8-stdpopsim", "python": "3.8", "profiles": {}, "started_at": {"benchmarks.DTWF.peakmem_human_chr22": 1602138149710, "benchmarks.DTWF.peakmem_large_population_size": 1602138225950, "benchmarks.DTWF.peakmem_long_sequence_length": 1602138346036, "benchmarks.DTWF.peakmem_many_replicates": 1602138441663, "benchmarks.DTWF.time_human_chr22": 1602138561739, "benchmarks.DTWF.time_large_population_size": 1602138631629, "benchmarks.DTWF.time_long_sequence_length": 1602138751690, "benchmarks.DTWF.time_many_replicates": 1602138847330, "benchmarks.Hudson.peakmem_human_chr22": 1602138967407, "benchmarks.Hudson.peakmem_large_sample_size": 1602138992207, "benchmarks.Hudson.peakmem_long_sequence_length": 1602139047607, "benchmarks.Hudson.peakmem_long_sequence_length_gene_conversion": 1602139093999, "benchmarks.Hudson.peakmem_many_replicates": 1602139140241, "benchmarks.Hudson.time_human_chr22": 1602139171087, "benchmarks.Hudson.time_large_sample_size": 1602139197085, "benchmarks.Hudson.time_long_sequence_length": 1602139251631, "benchmarks.Hudson.time_long_sequence_length_gene_conversion": 1602139296866, "benchmarks.Hudson.time_many_replicates": 1602139345057}, "ended_at": {"benchmarks.DTWF.peakmem_human_chr22": 1602138225949, "benchmarks.DTWF.peakmem_large_population_size": 1602138346036, "benchmarks.DTWF.peakmem_long_sequence_length": 1602138441663, "benchmarks.DTWF.peakmem_many_replicates": 1602138561739, "benchmarks.DTWF.time_human_chr22": 1602138631628, "benchmarks.DTWF.time_large_population_size": 1602138751689, "benchmarks.DTWF.time_long_sequence_length": 1602138847330, "benchmarks.DTWF.time_many_replicates": 1602138967407, "benchmarks.Hudson.peakmem_human_chr22": 1602138992206, "benchmarks.Hudson.peakmem_large_sample_size": 1602139047607, "benchmarks.Hudson.peakmem_long_sequence_length": 1602139093999, "benchmarks.Hudson.peakmem_long_sequence_length_gene_conversion": 1602139140241, "benchmarks.Hudson.peakmem_many_replicates": 1602139171086, "benchmarks.Hudson.time_human_chr22": 1602139197084, "benchmarks.Hudson.time_large_sample_size": 1602139251630, "benchmarks.Hudson.time_long_sequence_length": 1602139296865, "benchmarks.Hudson.time_long_sequence_length_gene_conversion": 1602139345057, "benchmarks.Hudson.time_many_replicates": 1602139376051}, "benchmark_version": {"benchmarks.DTWF.peakmem_human_chr22": "f848688127844489b5870c5598d06fc61bdb8c1a31b2c71741fb842ce4869124", "benchmarks.DTWF.peakmem_large_population_size": "1c54016f27b74e5d827e0cf71dee2587b99237d50e0c3aa5bfb1e9a54bedf712", "benchmarks.DTWF.peakmem_long_sequence_length": "72b4498a433ac926a303683be39aa07c206b25c22caa613088af6cbe51544ce9", "benchmarks.DTWF.peakmem_many_replicates": "8d591fe1a84bfd039f312aef953605c494b28ed3e3b28bd41773b5a6bbab8e13", "benchmarks.DTWF.time_human_chr22": "d016729b716d45e5a6cc8608ae18480b4f3d6192cc29f39ad8e06222786408c6", "benchmarks.DTWF.time_large_population_size": "5393d907eb6d9700c18c23789395c3a6a8aecf236b49983e2d955dccc6f793a3", "benchmarks.DTWF.time_long_sequence_length": "89860f21a2ad81e267314c086383279e852e4560e27f425d127937bd62fb83f9", "benchmarks.DTWF.time_many_replicates": "8f8fa44794e1a510a8052653f41596e3e11adbcdc838d7ca59f99bdb491be41b", "benchmarks.Hudson.peakmem_human_chr22": "20ef616d263e941e12a3089b8e8dbfee94d982362fe475e40174ebc3506b102a", "benchmarks.Hudson.peakmem_large_sample_size": "0b75d04c5ff9994c35ae62a490034e021485c38567b2699884e524931587881a", "benchmarks.Hudson.peakmem_long_sequence_length": "edd9dee8418f69b81347803203f176ff269220225a8939dc1c4bc1ab32289f94", "benchmarks.Hudson.peakmem_long_sequence_length_gene_conversion": "2236f20c5a4cc1e037abd099ce1f70d0dd2045a14914c96dcc48d0507f45e1da", "benchmarks.Hudson.peakmem_many_replicates": "b93569a722fa5396ed6631750fbdd02c7b47148d63973610f802eb69db85679e", "benchmarks.Hudson.time_human_chr22": "e648432b5c065478e09802f16a5658d37b625c204e147517826817bd6b04acb1", "benchmarks.Hudson.time_large_sample_size": "7bc273fa1975809170f8f4dd7776de03dd9993132a83866c1c135afe37e4d541", "benchmarks.Hudson.time_long_sequence_length": "0b6c7c537bd986f4e9c36c5549b8e939955cbd49901f29827e3ce763790fb3b7", "benchmarks.Hudson.time_long_sequence_length_gene_conversion": "19005a2b4b33b284a84cc0ad033e2d2c646f2d264fd59a5a55e3c2246a05851b", "benchmarks.Hudson.time_many_replicates": "c0f9f49074ade65f919a2db206a10f03ba6f5b53fa86dce2a6a32e96dd8a5067"}, "version": 1}