{"results": {"benchmarks.DTWF.peakmem_human_chr22": 113594368, "benchmarks.DTWF.peakmem_large_population_size": 57139200, "benchmarks.DTWF.peakmem_long_sequence_length": 59899904, "benchmarks.DTWF.peakmem_many_replicates": 49217536, "benchmarks.DTWF.time_human_chr22": {"result": [24.65406760299993], "stats": [{"ci_99": [-Infinity, Infinity], "q_25": 24.65406760299993, "q_75": 24.65406760299993, "min": 24.65406760299993, "max": 24.65406760299993, "mean": 24.65406760299993, "std": 0.0, "repeat": 1, "number": 1}]}, "benchmarks.DTWF.time_large_population_size": {"result": [10.86117872199975], "stats": [{"ci_99": [-Infinity, Infinity], "q_25": 10.86117872199975, "q_75": 10.86117872199975, "min": 10.86117872199975, "max": 10.86117872199975, "mean": 10.86117872199975, "std": 0.0, "repeat": 1, "number": 1}]}, "benchmarks.DTWF.time_long_sequence_length": {"result": [12.023979130999578], "stats": [{"ci_99": [-Infinity, Infinity], "q_25": 12.023979130999578, "q_75": 12.023979130999578, "min": 12.023979130999578, "max": 12.023979130999578, "mean": 12.023979130999578, "std": 0.0, "repeat": 1, "number": 1}]}, "benchmarks.DTWF.time_many_replicates": {"result": [48.19101198599856], "stats": [{"ci_99": [-Infinity, Infinity], "q_25": 48.19101198599856, "q_75": 48.19101198599856, "min": 48.19101198599856, "max": 48.19101198599856, "mean": 48.19101198599856, "std": 0.0, "repeat": 1, "number": 1}]}, "benchmarks.Hudson.peakmem_human_chr22": 149004288, "benchmarks.Hudson.peakmem_large_sample_size": 853745664, "benchmarks.Hudson.peakmem_long_sequence_length": 175456256, "benchmarks.Hudson.peakmem_long_sequence_length_gene_conversion": 175456256, "benchmarks.Hudson.peakmem_many_replicates": 48545792, "benchmarks.Hudson.time_human_chr22": {"result": [33.09237563100032], "stats": [{"ci_99": [-Infinity, Infinity], "q_25": 33.09237563100032, "q_75": 33.09237563100032, "min": 33.09237563100032, "max": 33.09237563100032, "mean": 33.09237563100032, "std": 0.0, "repeat": 1, "number": 1}]}, "benchmarks.Hudson.time_large_sample_size": {"result": [75.09723545500128], "stats": [{"ci_99": [-Infinity, Infinity], "q_25": 75.09723545500128, "q_75": 75.09723545500128, "min": 75.09723545500128, "max": 75.09723545500128, "mean": 75.09723545500128, "std": 0.0, "repeat": 1, "number": 1}]}, "benchmarks.Hudson.time_long_sequence_length": {"result": [50.741810675001034], "stats": [{"ci_99": [-Infinity, Infinity], "q_25": 50.741810675001034, "q_75": 50.741810675001034, "min": 50.741810675001034, "max": 50.741810675001034, "mean": 50.741810675001034, "std": 0.0, "repeat": 1, "number": 1}]}, "benchmarks.Hudson.time_long_sequence_length_gene_conversion": {"result": [49.684415423000246], "stats": [{"ci_99": [-Infinity, Infinity], "q_25": 49.684415423000246, "q_75": 49.684415423000246, "min": 49.684415423000246, "max": 49.684415423000246, "mean": 49.684415423000246, "std": 0.0, "repeat": 1, "number": 1}]}, "benchmarks.Hudson.time_many_replicates": {"result": [28.586168546999033], "stats": [{"ci_99": [-Infinity, Infinity], "q_25": 28.586168546999033, "q_75": 28.586168546999033, "min": 28.586168546999033, "max": 28.586168546999033, "mean": 28.586168546999033, "std": 0.0, "repeat": 1, "number": 1}]}}, "params": {"arch": "x86_64", "cpu": "Intel(R) Core(TM) i5-3317U CPU @ 1.70GHz", "machine": "poplar", "num_cpu": "4", "os": "Linux 3.13.0-24-generic", "ram": "3931396", "python": "3.8", "stdpopsim": ""}, "requirements": {"stdpopsim": ""}, "commit_hash": "ba5f0cb5ea915af24d1886bf2e383a5ef8c2cb9a", "date": 1604930519000, "env_name": "virtualenv-py3.8-stdpopsim", "python": "3.8", "profiles": {}, "started_at": {"benchmarks.DTWF.peakmem_human_chr22": 1604936390556, "benchmarks.DTWF.peakmem_large_population_size": 1604936416056, "benchmarks.DTWF.peakmem_long_sequence_length": 1604936427480, "benchmarks.DTWF.peakmem_many_replicates": 1604936439998, "benchmarks.DTWF.time_human_chr22": 1604936488166, "benchmarks.DTWF.time_large_population_size": 1604936513415, "benchmarks.DTWF.time_long_sequence_length": 1604936524835, "benchmarks.DTWF.time_many_replicates": 1604936537451, "benchmarks.Hudson.peakmem_human_chr22": 1604936586250, "benchmarks.Hudson.peakmem_large_sample_size": 1604936621860, "benchmarks.Hudson.peakmem_long_sequence_length": 1604936695307, "benchmarks.Hudson.peakmem_long_sequence_length_gene_conversion": 1604936745327, "benchmarks.Hudson.peakmem_many_replicates": 1604936797135, "benchmarks.Hudson.time_human_chr22": 1604936826031, "benchmarks.Hudson.time_large_sample_size": 1604936859701, "benchmarks.Hudson.time_long_sequence_length": 1604936935390, "benchmarks.Hudson.time_long_sequence_length_gene_conversion": 1604936986698, "benchmarks.Hudson.time_many_replicates": 1604937036952}, "ended_at": {"benchmarks.DTWF.peakmem_human_chr22": 1604936416056, "benchmarks.DTWF.peakmem_large_population_size": 1604936427479, "benchmarks.DTWF.peakmem_long_sequence_length": 1604936439998, "benchmarks.DTWF.peakmem_many_replicates": 1604936488166, "benchmarks.DTWF.time_human_chr22": 1604936513414, "benchmarks.DTWF.time_large_population_size": 1604936524835, "benchmarks.DTWF.time_long_sequence_length": 1604936537450, "benchmarks.DTWF.time_many_replicates": 1604936586250, "benchmarks.Hudson.peakmem_human_chr22": 1604936621860, "benchmarks.Hudson.peakmem_large_sample_size": 1604936695307, "benchmarks.Hudson.peakmem_long_sequence_length": 1604936745327, "benchmarks.Hudson.peakmem_long_sequence_length_gene_conversion": 1604936797135, "benchmarks.Hudson.peakmem_many_replicates": 1604936826030, "benchmarks.Hudson.time_human_chr22": 1604936859701, "benchmarks.Hudson.time_large_sample_size": 1604936935389, "benchmarks.Hudson.time_long_sequence_length": 1604936986697, "benchmarks.Hudson.time_long_sequence_length_gene_conversion": 1604937036951, "benchmarks.Hudson.time_many_replicates": 1604937066095}, "benchmark_version": {"benchmarks.DTWF.peakmem_human_chr22": "f848688127844489b5870c5598d06fc61bdb8c1a31b2c71741fb842ce4869124", "benchmarks.DTWF.peakmem_large_population_size": "1c54016f27b74e5d827e0cf71dee2587b99237d50e0c3aa5bfb1e9a54bedf712", "benchmarks.DTWF.peakmem_long_sequence_length": "72b4498a433ac926a303683be39aa07c206b25c22caa613088af6cbe51544ce9", "benchmarks.DTWF.peakmem_many_replicates": "8d591fe1a84bfd039f312aef953605c494b28ed3e3b28bd41773b5a6bbab8e13", "benchmarks.DTWF.time_human_chr22": "d016729b716d45e5a6cc8608ae18480b4f3d6192cc29f39ad8e06222786408c6", "benchmarks.DTWF.time_large_population_size": "5393d907eb6d9700c18c23789395c3a6a8aecf236b49983e2d955dccc6f793a3", "benchmarks.DTWF.time_long_sequence_length": "89860f21a2ad81e267314c086383279e852e4560e27f425d127937bd62fb83f9", "benchmarks.DTWF.time_many_replicates": "8f8fa44794e1a510a8052653f41596e3e11adbcdc838d7ca59f99bdb491be41b", "benchmarks.Hudson.peakmem_human_chr22": "20ef616d263e941e12a3089b8e8dbfee94d982362fe475e40174ebc3506b102a", "benchmarks.Hudson.peakmem_large_sample_size": "0b75d04c5ff9994c35ae62a490034e021485c38567b2699884e524931587881a", "benchmarks.Hudson.peakmem_long_sequence_length": "edd9dee8418f69b81347803203f176ff269220225a8939dc1c4bc1ab32289f94", "benchmarks.Hudson.peakmem_long_sequence_length_gene_conversion": "2236f20c5a4cc1e037abd099ce1f70d0dd2045a14914c96dcc48d0507f45e1da", "benchmarks.Hudson.peakmem_many_replicates": "b93569a722fa5396ed6631750fbdd02c7b47148d63973610f802eb69db85679e", "benchmarks.Hudson.time_human_chr22": "e648432b5c065478e09802f16a5658d37b625c204e147517826817bd6b04acb1", "benchmarks.Hudson.time_large_sample_size": "7bc273fa1975809170f8f4dd7776de03dd9993132a83866c1c135afe37e4d541", "benchmarks.Hudson.time_long_sequence_length": "0b6c7c537bd986f4e9c36c5549b8e939955cbd49901f29827e3ce763790fb3b7", "benchmarks.Hudson.time_long_sequence_length_gene_conversion": "19005a2b4b33b284a84cc0ad033e2d2c646f2d264fd59a5a55e3c2246a05851b", "benchmarks.Hudson.time_many_replicates": "c0f9f49074ade65f919a2db206a10f03ba6f5b53fa86dce2a6a32e96dd8a5067"}, "version": 1}