{"results": {"benchmarks.DTWF.peakmem_human_chr22": 107233280, "benchmarks.DTWF.peakmem_large_population_size": 52682752, "benchmarks.DTWF.peakmem_long_sequence_length": 57274368, "benchmarks.DTWF.peakmem_many_replicates": 45572096, "benchmarks.DTWF.time_human_chr22": {"result": [37.02870304699172], "stats": [{"ci_99": [-Infinity, Infinity], "q_25": 37.02870304699172, "q_75": 37.02870304699172, "min": 37.02870304699172, "max": 37.02870304699172, "mean": 37.02870304699172, "std": 0.0, "repeat": 1, "number": 1}]}, "benchmarks.DTWF.time_large_population_size": {"result": [11.66732742000022], "stats": [{"ci_99": [-Infinity, Infinity], "q_25": 11.66732742000022, "q_75": 11.66732742000022, "min": 11.66732742000022, "max": 11.66732742000022, "mean": 11.66732742000022, "std": 0.0, "repeat": 1, "number": 1}]}, "benchmarks.DTWF.time_long_sequence_length": {"result": [12.538133224006742], "stats": [{"ci_99": [-Infinity, Infinity], "q_25": 12.538133224006742, "q_75": 12.538133224006742, "min": 12.538133224006742, "max": 12.538133224006742, "mean": 12.538133224006742, "std": 0.0, "repeat": 1, "number": 1}]}, "benchmarks.DTWF.time_many_replicates": {"result": [51.26338437999948], "stats": [{"ci_99": [-Infinity, Infinity], "q_25": 51.26338437999948, "q_75": 51.26338437999948, "min": 51.26338437999948, "max": 51.26338437999948, "mean": 51.26338437999948, "std": 0.0, "repeat": 1, "number": 1}]}, "benchmarks.Hudson.peakmem_human_chr22": 142462976, "benchmarks.Hudson.peakmem_large_sample_size": 852303872, "benchmarks.Hudson.peakmem_long_sequence_length": 167313408, "benchmarks.Hudson.peakmem_long_sequence_length_gene_conversion": 167981056, "benchmarks.Hudson.peakmem_many_replicates": 45539328, "benchmarks.Hudson.time_human_chr22": {"result": [31.912030309002148], "stats": [{"ci_99": [-Infinity, Infinity], "q_25": 31.912030309002148, "q_75": 31.912030309002148, "min": 31.912030309002148, "max": 31.912030309002148, "mean": 31.912030309002148, "std": 0.0, "repeat": 1, "number": 1}]}, "benchmarks.Hudson.time_large_sample_size": {"result": [54.12757902900921], "stats": [{"ci_99": [-Infinity, Infinity], "q_25": 54.12757902900921, "q_75": 54.12757902900921, "min": 54.12757902900921, "max": 54.12757902900921, "mean": 54.12757902900921, "std": 0.0, "repeat": 1, "number": 1}]}, "benchmarks.Hudson.time_long_sequence_length": {"result": [49.39301429101033], "stats": [{"ci_99": [-Infinity, Infinity], "q_25": 49.39301429101033, "q_75": 49.39301429101033, "min": 49.39301429101033, "max": 49.39301429101033, "mean": 49.39301429101033, "std": 0.0, "repeat": 1, "number": 1}]}, "benchmarks.Hudson.time_long_sequence_length_gene_conversion": {"result": [50.19630482600769], "stats": [{"ci_99": [-Infinity, Infinity], "q_25": 50.19630482600769, "q_75": 50.19630482600769, "min": 50.19630482600769, "max": 50.19630482600769, "mean": 50.19630482600769, "std": 0.0, "repeat": 1, "number": 1}]}, "benchmarks.Hudson.time_many_replicates": {"result": [31.26792767099687], "stats": [{"ci_99": [-Infinity, Infinity], "q_25": 31.26792767099687, "q_75": 31.26792767099687, "min": 31.26792767099687, "max": 31.26792767099687, "mean": 31.26792767099687, "std": 0.0, "repeat": 1, "number": 1}]}}, "params": {"arch": "x86_64", "cpu": "Intel(R) Core(TM) i5-3317U CPU @ 1.70GHz", "machine": "poplar", "num_cpu": "4", "os": "Linux 3.13.0-24-generic", "ram": "3931396", "python": "3.8", "stdpopsim": ""}, "requirements": {"stdpopsim": ""}, "commit_hash": "bab3da39bb4fc075c6733caac52ca920f1f8b5c0", "date": 1591696651000, "env_name": "virtualenv-py3.8-stdpopsim", "python": "3.8", "profiles": {}, "started_at": {"benchmarks.DTWF.peakmem_human_chr22": 1602048840911, "benchmarks.DTWF.peakmem_large_population_size": 1602048877982, "benchmarks.DTWF.peakmem_long_sequence_length": 1602048889706, "benchmarks.DTWF.peakmem_many_replicates": 1602048902375, "benchmarks.DTWF.time_human_chr22": 1602048954049, "benchmarks.DTWF.time_large_population_size": 1602048991176, "benchmarks.DTWF.time_long_sequence_length": 1602049002952, "benchmarks.DTWF.time_many_replicates": 1602049015623, "benchmarks.Hudson.peakmem_human_chr22": 1602049067000, "benchmarks.Hudson.peakmem_large_sample_size": 1602049099566, "benchmarks.Hudson.peakmem_long_sequence_length": 1602049152264, "benchmarks.Hudson.peakmem_long_sequence_length_gene_conversion": 1602049201663, "benchmarks.Hudson.peakmem_many_replicates": 1602049251864, "benchmarks.Hudson.time_human_chr22": 1602049283562, "benchmarks.Hudson.time_large_sample_size": 1602049315577, "benchmarks.Hudson.time_long_sequence_length": 1602049369830, "benchmarks.Hudson.time_long_sequence_length_gene_conversion": 1602049419329, "benchmarks.Hudson.time_many_replicates": 1602049469629}, "ended_at": {"benchmarks.DTWF.peakmem_human_chr22": 1602048877982, "benchmarks.DTWF.peakmem_large_population_size": 1602048889706, "benchmarks.DTWF.peakmem_long_sequence_length": 1602048902374, "benchmarks.DTWF.peakmem_many_replicates": 1602048954048, "benchmarks.DTWF.time_human_chr22": 1602048991175, "benchmarks.DTWF.time_large_population_size": 1602049002952, "benchmarks.DTWF.time_long_sequence_length": 1602049015622, "benchmarks.DTWF.time_many_replicates": 1602049066999, "benchmarks.Hudson.peakmem_human_chr22": 1602049099566, "benchmarks.Hudson.peakmem_large_sample_size": 1602049152264, "benchmarks.Hudson.peakmem_long_sequence_length": 1602049201663, "benchmarks.Hudson.peakmem_long_sequence_length_gene_conversion": 1602049251863, "benchmarks.Hudson.peakmem_many_replicates": 1602049283562, "benchmarks.Hudson.time_human_chr22": 1602049315577, "benchmarks.Hudson.time_large_sample_size": 1602049369829, "benchmarks.Hudson.time_long_sequence_length": 1602049419329, "benchmarks.Hudson.time_long_sequence_length_gene_conversion": 1602049469629, "benchmarks.Hudson.time_many_replicates": 1602049501027}, "benchmark_version": {"benchmarks.DTWF.peakmem_human_chr22": "f848688127844489b5870c5598d06fc61bdb8c1a31b2c71741fb842ce4869124", "benchmarks.DTWF.peakmem_large_population_size": "1c54016f27b74e5d827e0cf71dee2587b99237d50e0c3aa5bfb1e9a54bedf712", "benchmarks.DTWF.peakmem_long_sequence_length": "72b4498a433ac926a303683be39aa07c206b25c22caa613088af6cbe51544ce9", "benchmarks.DTWF.peakmem_many_replicates": "8d591fe1a84bfd039f312aef953605c494b28ed3e3b28bd41773b5a6bbab8e13", "benchmarks.DTWF.time_human_chr22": "d016729b716d45e5a6cc8608ae18480b4f3d6192cc29f39ad8e06222786408c6", "benchmarks.DTWF.time_large_population_size": "5393d907eb6d9700c18c23789395c3a6a8aecf236b49983e2d955dccc6f793a3", "benchmarks.DTWF.time_long_sequence_length": "89860f21a2ad81e267314c086383279e852e4560e27f425d127937bd62fb83f9", "benchmarks.DTWF.time_many_replicates": "8f8fa44794e1a510a8052653f41596e3e11adbcdc838d7ca59f99bdb491be41b", "benchmarks.Hudson.peakmem_human_chr22": "20ef616d263e941e12a3089b8e8dbfee94d982362fe475e40174ebc3506b102a", "benchmarks.Hudson.peakmem_large_sample_size": "0b75d04c5ff9994c35ae62a490034e021485c38567b2699884e524931587881a", "benchmarks.Hudson.peakmem_long_sequence_length": "edd9dee8418f69b81347803203f176ff269220225a8939dc1c4bc1ab32289f94", "benchmarks.Hudson.peakmem_long_sequence_length_gene_conversion": "2236f20c5a4cc1e037abd099ce1f70d0dd2045a14914c96dcc48d0507f45e1da", "benchmarks.Hudson.peakmem_many_replicates": "b93569a722fa5396ed6631750fbdd02c7b47148d63973610f802eb69db85679e", "benchmarks.Hudson.time_human_chr22": "e648432b5c065478e09802f16a5658d37b625c204e147517826817bd6b04acb1", "benchmarks.Hudson.time_large_sample_size": "7bc273fa1975809170f8f4dd7776de03dd9993132a83866c1c135afe37e4d541", "benchmarks.Hudson.time_long_sequence_length": "0b6c7c537bd986f4e9c36c5549b8e939955cbd49901f29827e3ce763790fb3b7", "benchmarks.Hudson.time_long_sequence_length_gene_conversion": "19005a2b4b33b284a84cc0ad033e2d2c646f2d264fd59a5a55e3c2246a05851b", "benchmarks.Hudson.time_many_replicates": "c0f9f49074ade65f919a2db206a10f03ba6f5b53fa86dce2a6a32e96dd8a5067"}, "version": 1}