{"results": {"benchmarks.DTWF.peakmem_human_chr22": 109654016, "benchmarks.DTWF.peakmem_large_population_size": 52105216, "benchmarks.DTWF.peakmem_long_sequence_length": 56291328, "benchmarks.DTWF.peakmem_many_replicates": 44937216, "benchmarks.DTWF.time_human_chr22": {"result": [39.587120762997074], "stats": [{"ci_99": [-Infinity, Infinity], "q_25": 39.587120762997074, "q_75": 39.587120762997074, "min": 39.587120762997074, "max": 39.587120762997074, "mean": 39.587120762997074, "std": 0.0, "repeat": 1, "number": 1}]}, "benchmarks.DTWF.time_large_population_size": {"result": [12.020955233980203], "stats": [{"ci_99": [-Infinity, Infinity], "q_25": 12.020955233980203, "q_75": 12.020955233980203, "min": 12.020955233980203, "max": 12.020955233980203, "mean": 12.020955233980203, "std": 0.0, "repeat": 1, "number": 1}]}, "benchmarks.DTWF.time_long_sequence_length": {"result": [13.14264499800629], "stats": [{"ci_99": [-Infinity, Infinity], "q_25": 13.14264499800629, "q_75": 13.14264499800629, "min": 13.14264499800629, "max": 13.14264499800629, "mean": 13.14264499800629, "std": 0.0, "repeat": 1, "number": 1}]}, "benchmarks.DTWF.time_many_replicates": {"result": [52.35467003201484], "stats": [{"ci_99": [-Infinity, Infinity], "q_25": 52.35467003201484, "q_75": 52.35467003201484, "min": 52.35467003201484, "max": 52.35467003201484, "mean": 52.35467003201484, "std": 0.0, "repeat": 1, "number": 1}]}, "benchmarks.Hudson.peakmem_human_chr22": 142458880, "benchmarks.Hudson.peakmem_large_sample_size": 836055040, "benchmarks.Hudson.peakmem_long_sequence_length": 166350848, "benchmarks.Hudson.peakmem_long_sequence_length_gene_conversion": 168443904, "benchmarks.Hudson.peakmem_many_replicates": 45191168, "benchmarks.Hudson.time_human_chr22": {"result": [31.858314381999662], "stats": [{"ci_99": [-Infinity, Infinity], "q_25": 31.858314381999662, "q_75": 31.858314381999662, "min": 31.858314381999662, "max": 31.858314381999662, "mean": 31.858314381999662, "std": 0.0, "repeat": 1, "number": 1}]}, "benchmarks.Hudson.time_large_sample_size": {"result": [55.154028757999185], "stats": [{"ci_99": [-Infinity, Infinity], "q_25": 55.154028757999185, "q_75": 55.154028757999185, "min": 55.154028757999185, "max": 55.154028757999185, "mean": 55.154028757999185, "std": 0.0, "repeat": 1, "number": 1}]}, "benchmarks.Hudson.time_long_sequence_length": {"result": [49.748702517012134], "stats": [{"ci_99": [-Infinity, Infinity], "q_25": 49.748702517012134, "q_75": 49.748702517012134, "min": 49.748702517012134, "max": 49.748702517012134, "mean": 49.748702517012134, "std": 0.0, "repeat": 1, "number": 1}]}, "benchmarks.Hudson.time_long_sequence_length_gene_conversion": {"result": [51.817192832008004], "stats": [{"ci_99": [-Infinity, Infinity], "q_25": 51.817192832008004, "q_75": 51.817192832008004, "min": 51.817192832008004, "max": 51.817192832008004, "mean": 51.817192832008004, "std": 0.0, "repeat": 1, "number": 1}]}, "benchmarks.Hudson.time_many_replicates": {"result": [32.118527918995824], "stats": [{"ci_99": [-Infinity, Infinity], "q_25": 32.118527918995824, "q_75": 32.118527918995824, "min": 32.118527918995824, "max": 32.118527918995824, "mean": 32.118527918995824, "std": 0.0, "repeat": 1, "number": 1}]}}, "params": {"arch": "x86_64", "cpu": "Intel(R) Core(TM) i5-3317U CPU @ 1.70GHz", "machine": "poplar", "num_cpu": "4", "os": "Linux 3.13.0-24-generic", "ram": "3931396", "python": "3.8", "stdpopsim": ""}, "requirements": {"stdpopsim": ""}, "commit_hash": "bcef1bd91c80e9e5cc5dfa462220a21a1b023da8", "date": 1590676068000, "env_name": "virtualenv-py3.8-stdpopsim", "python": "3.8", "profiles": {}, "started_at": {"benchmarks.DTWF.peakmem_human_chr22": 1602057403364, "benchmarks.DTWF.peakmem_large_population_size": 1602057440842, "benchmarks.DTWF.peakmem_long_sequence_length": 1602057453019, "benchmarks.DTWF.peakmem_many_replicates": 1602057466041, "benchmarks.DTWF.time_human_chr22": 1602057518520, "benchmarks.DTWF.time_large_population_size": 1602057558252, "benchmarks.DTWF.time_long_sequence_length": 1602057570379, "benchmarks.DTWF.time_many_replicates": 1602057583651, "benchmarks.Hudson.peakmem_human_chr22": 1602057636129, "benchmarks.Hudson.peakmem_large_sample_size": 1602057667844, "benchmarks.Hudson.peakmem_long_sequence_length": 1602057730958, "benchmarks.Hudson.peakmem_long_sequence_length_gene_conversion": 1602057781109, "benchmarks.Hudson.peakmem_many_replicates": 1602057832964, "benchmarks.Hudson.time_human_chr22": 1602057865113, "benchmarks.Hudson.time_large_sample_size": 1602057897078, "benchmarks.Hudson.time_long_sequence_length": 1602057952330, "benchmarks.Hudson.time_long_sequence_length_gene_conversion": 1602058002181, "benchmarks.Hudson.time_many_replicates": 1602058054136}, "ended_at": {"benchmarks.DTWF.peakmem_human_chr22": 1602057440842, "benchmarks.DTWF.peakmem_large_population_size": 1602057453019, "benchmarks.DTWF.peakmem_long_sequence_length": 1602057466040, "benchmarks.DTWF.peakmem_many_replicates": 1602057518519, "benchmarks.DTWF.time_human_chr22": 1602057558252, "benchmarks.DTWF.time_large_population_size": 1602057570379, "benchmarks.DTWF.time_long_sequence_length": 1602057583651, "benchmarks.DTWF.time_many_replicates": 1602057636129, "benchmarks.Hudson.peakmem_human_chr22": 1602057667844, "benchmarks.Hudson.peakmem_large_sample_size": 1602057730958, "benchmarks.Hudson.peakmem_long_sequence_length": 1602057781109, "benchmarks.Hudson.peakmem_long_sequence_length_gene_conversion": 1602057832963, "benchmarks.Hudson.peakmem_many_replicates": 1602057865112, "benchmarks.Hudson.time_human_chr22": 1602057897078, "benchmarks.Hudson.time_large_sample_size": 1602057952330, "benchmarks.Hudson.time_long_sequence_length": 1602058002180, "benchmarks.Hudson.time_long_sequence_length_gene_conversion": 1602058054136, "benchmarks.Hudson.time_many_replicates": 1602058086385}, "benchmark_version": {"benchmarks.DTWF.peakmem_human_chr22": "f848688127844489b5870c5598d06fc61bdb8c1a31b2c71741fb842ce4869124", "benchmarks.DTWF.peakmem_large_population_size": "1c54016f27b74e5d827e0cf71dee2587b99237d50e0c3aa5bfb1e9a54bedf712", "benchmarks.DTWF.peakmem_long_sequence_length": "72b4498a433ac926a303683be39aa07c206b25c22caa613088af6cbe51544ce9", "benchmarks.DTWF.peakmem_many_replicates": "8d591fe1a84bfd039f312aef953605c494b28ed3e3b28bd41773b5a6bbab8e13", "benchmarks.DTWF.time_human_chr22": "d016729b716d45e5a6cc8608ae18480b4f3d6192cc29f39ad8e06222786408c6", "benchmarks.DTWF.time_large_population_size": "5393d907eb6d9700c18c23789395c3a6a8aecf236b49983e2d955dccc6f793a3", "benchmarks.DTWF.time_long_sequence_length": "89860f21a2ad81e267314c086383279e852e4560e27f425d127937bd62fb83f9", "benchmarks.DTWF.time_many_replicates": "8f8fa44794e1a510a8052653f41596e3e11adbcdc838d7ca59f99bdb491be41b", "benchmarks.Hudson.peakmem_human_chr22": "20ef616d263e941e12a3089b8e8dbfee94d982362fe475e40174ebc3506b102a", "benchmarks.Hudson.peakmem_large_sample_size": "0b75d04c5ff9994c35ae62a490034e021485c38567b2699884e524931587881a", "benchmarks.Hudson.peakmem_long_sequence_length": "edd9dee8418f69b81347803203f176ff269220225a8939dc1c4bc1ab32289f94", "benchmarks.Hudson.peakmem_long_sequence_length_gene_conversion": "2236f20c5a4cc1e037abd099ce1f70d0dd2045a14914c96dcc48d0507f45e1da", "benchmarks.Hudson.peakmem_many_replicates": "b93569a722fa5396ed6631750fbdd02c7b47148d63973610f802eb69db85679e", "benchmarks.Hudson.time_human_chr22": "e648432b5c065478e09802f16a5658d37b625c204e147517826817bd6b04acb1", "benchmarks.Hudson.time_large_sample_size": "7bc273fa1975809170f8f4dd7776de03dd9993132a83866c1c135afe37e4d541", "benchmarks.Hudson.time_long_sequence_length": "0b6c7c537bd986f4e9c36c5549b8e939955cbd49901f29827e3ce763790fb3b7", "benchmarks.Hudson.time_long_sequence_length_gene_conversion": "19005a2b4b33b284a84cc0ad033e2d2c646f2d264fd59a5a55e3c2246a05851b", "benchmarks.Hudson.time_many_replicates": "c0f9f49074ade65f919a2db206a10f03ba6f5b53fa86dce2a6a32e96dd8a5067"}, "version": 1}