{"results": {"benchmarks.DTWF.peakmem_human_chr22": 110108672, "benchmarks.DTWF.peakmem_large_population_size": 54624256, "benchmarks.DTWF.peakmem_long_sequence_length": 57278464, "benchmarks.DTWF.peakmem_many_replicates": 47812608, "benchmarks.DTWF.time_human_chr22": {"result": [37.113092180981766], "stats": [{"ci_99": [-Infinity, Infinity], "q_25": 37.113092180981766, "q_75": 37.113092180981766, "min": 37.113092180981766, "max": 37.113092180981766, "mean": 37.113092180981766, "std": 0.0, "repeat": 1, "number": 1}]}, "benchmarks.DTWF.time_large_population_size": {"result": [11.636677995003993], "stats": [{"ci_99": [-Infinity, Infinity], "q_25": 11.636677995003993, "q_75": 11.636677995003993, "min": 11.636677995003993, "max": 11.636677995003993, "mean": 11.636677995003993, "std": 0.0, "repeat": 1, "number": 1}]}, "benchmarks.DTWF.time_long_sequence_length": {"result": [12.574326492002001], "stats": [{"ci_99": [-Infinity, Infinity], "q_25": 12.574326492002001, "q_75": 12.574326492002001, "min": 12.574326492002001, "max": 12.574326492002001, "mean": 12.574326492002001, "std": 0.0, "repeat": 1, "number": 1}]}, "benchmarks.DTWF.time_many_replicates": {"result": [51.66731982698548], "stats": [{"ci_99": [-Infinity, Infinity], "q_25": 51.66731982698548, "q_75": 51.66731982698548, "min": 51.66731982698548, "max": 51.66731982698548, "mean": 51.66731982698548, "std": 0.0, "repeat": 1, "number": 1}]}, "benchmarks.Hudson.peakmem_human_chr22": 142782464, "benchmarks.Hudson.peakmem_large_sample_size": 852520960, "benchmarks.Hudson.peakmem_long_sequence_length": 167538688, "benchmarks.Hudson.peakmem_long_sequence_length_gene_conversion": 167407616, "benchmarks.Hudson.peakmem_many_replicates": 47857664, "benchmarks.Hudson.time_human_chr22": {"result": [31.753394617990125], "stats": [{"ci_99": [-Infinity, Infinity], "q_25": 31.753394617990125, "q_75": 31.753394617990125, "min": 31.753394617990125, "max": 31.753394617990125, "mean": 31.753394617990125, "std": 0.0, "repeat": 1, "number": 1}]}, "benchmarks.Hudson.time_large_sample_size": {"result": [54.19738121199771], "stats": [{"ci_99": [-Infinity, Infinity], "q_25": 54.19738121199771, "q_75": 54.19738121199771, "min": 54.19738121199771, "max": 54.19738121199771, "mean": 54.19738121199771, "std": 0.0, "repeat": 1, "number": 1}]}, "benchmarks.Hudson.time_long_sequence_length": {"result": [49.34342039900366], "stats": [{"ci_99": [-Infinity, Infinity], "q_25": 49.34342039900366, "q_75": 49.34342039900366, "min": 49.34342039900366, "max": 49.34342039900366, "mean": 49.34342039900366, "std": 0.0, "repeat": 1, "number": 1}]}, "benchmarks.Hudson.time_long_sequence_length_gene_conversion": {"result": [50.79354056500597], "stats": [{"ci_99": [-Infinity, Infinity], "q_25": 50.79354056500597, "q_75": 50.79354056500597, "min": 50.79354056500597, "max": 50.79354056500597, "mean": 50.79354056500597, "std": 0.0, "repeat": 1, "number": 1}]}, "benchmarks.Hudson.time_many_replicates": {"result": [31.69220485299593], "stats": [{"ci_99": [-Infinity, Infinity], "q_25": 31.69220485299593, "q_75": 31.69220485299593, "min": 31.69220485299593, "max": 31.69220485299593, "mean": 31.69220485299593, "std": 0.0, "repeat": 1, "number": 1}]}}, "params": {"arch": "x86_64", "cpu": "Intel(R) Core(TM) i5-3317U CPU @ 1.70GHz", "machine": "poplar", "num_cpu": "4", "os": "Linux 3.13.0-24-generic", "ram": "3931396", "python": "3.8", "stdpopsim": ""}, "requirements": {"stdpopsim": ""}, "commit_hash": "c100aefde6423be25dc563fa26c7a2f79f07aa6a", "date": 1591631670000, "env_name": "virtualenv-py3.8-stdpopsim", "python": "3.8", "profiles": {}, "started_at": {"benchmarks.DTWF.peakmem_human_chr22": 1602051748682, "benchmarks.DTWF.peakmem_large_population_size": 1602051787362, "benchmarks.DTWF.peakmem_long_sequence_length": 1602051799139, "benchmarks.DTWF.peakmem_many_replicates": 1602051811860, "benchmarks.DTWF.time_human_chr22": 1602051863637, "benchmarks.DTWF.time_large_population_size": 1602051900865, "benchmarks.DTWF.time_long_sequence_length": 1602051912591, "benchmarks.DTWF.time_many_replicates": 1602051925262, "benchmarks.Hudson.peakmem_human_chr22": 1602051977040, "benchmarks.Hudson.peakmem_large_sample_size": 1602052009856, "benchmarks.Hudson.peakmem_long_sequence_length": 1602052062405, "benchmarks.Hudson.peakmem_long_sequence_length_gene_conversion": 1602052111904, "benchmarks.Hudson.peakmem_many_replicates": 1602052162305, "benchmarks.Hudson.time_human_chr22": 1602052194254, "benchmarks.Hudson.time_large_sample_size": 1602052226119, "benchmarks.Hudson.time_long_sequence_length": 1602052280422, "benchmarks.Hudson.time_long_sequence_length_gene_conversion": 1602052329871, "benchmarks.Hudson.time_many_replicates": 1602052380775}, "ended_at": {"benchmarks.DTWF.peakmem_human_chr22": 1602051787362, "benchmarks.DTWF.peakmem_large_population_size": 1602051799138, "benchmarks.DTWF.peakmem_long_sequence_length": 1602051811859, "benchmarks.DTWF.peakmem_many_replicates": 1602051863637, "benchmarks.DTWF.time_human_chr22": 1602051900865, "benchmarks.DTWF.time_large_population_size": 1602051912591, "benchmarks.DTWF.time_long_sequence_length": 1602051925262, "benchmarks.DTWF.time_many_replicates": 1602051977039, "benchmarks.Hudson.peakmem_human_chr22": 1602052009856, "benchmarks.Hudson.peakmem_large_sample_size": 1602052062405, "benchmarks.Hudson.peakmem_long_sequence_length": 1602052111904, "benchmarks.Hudson.peakmem_long_sequence_length_gene_conversion": 1602052162305, "benchmarks.Hudson.peakmem_many_replicates": 1602052194254, "benchmarks.Hudson.time_human_chr22": 1602052226119, "benchmarks.Hudson.time_large_sample_size": 1602052280421, "benchmarks.Hudson.time_long_sequence_length": 1602052329871, "benchmarks.Hudson.time_long_sequence_length_gene_conversion": 1602052380774, "benchmarks.Hudson.time_many_replicates": 1602052412573}, "benchmark_version": {"benchmarks.DTWF.peakmem_human_chr22": "f848688127844489b5870c5598d06fc61bdb8c1a31b2c71741fb842ce4869124", "benchmarks.DTWF.peakmem_large_population_size": "1c54016f27b74e5d827e0cf71dee2587b99237d50e0c3aa5bfb1e9a54bedf712", "benchmarks.DTWF.peakmem_long_sequence_length": "72b4498a433ac926a303683be39aa07c206b25c22caa613088af6cbe51544ce9", "benchmarks.DTWF.peakmem_many_replicates": "8d591fe1a84bfd039f312aef953605c494b28ed3e3b28bd41773b5a6bbab8e13", "benchmarks.DTWF.time_human_chr22": "d016729b716d45e5a6cc8608ae18480b4f3d6192cc29f39ad8e06222786408c6", "benchmarks.DTWF.time_large_population_size": "5393d907eb6d9700c18c23789395c3a6a8aecf236b49983e2d955dccc6f793a3", "benchmarks.DTWF.time_long_sequence_length": "89860f21a2ad81e267314c086383279e852e4560e27f425d127937bd62fb83f9", "benchmarks.DTWF.time_many_replicates": "8f8fa44794e1a510a8052653f41596e3e11adbcdc838d7ca59f99bdb491be41b", "benchmarks.Hudson.peakmem_human_chr22": "20ef616d263e941e12a3089b8e8dbfee94d982362fe475e40174ebc3506b102a", "benchmarks.Hudson.peakmem_large_sample_size": "0b75d04c5ff9994c35ae62a490034e021485c38567b2699884e524931587881a", "benchmarks.Hudson.peakmem_long_sequence_length": "edd9dee8418f69b81347803203f176ff269220225a8939dc1c4bc1ab32289f94", "benchmarks.Hudson.peakmem_long_sequence_length_gene_conversion": "2236f20c5a4cc1e037abd099ce1f70d0dd2045a14914c96dcc48d0507f45e1da", "benchmarks.Hudson.peakmem_many_replicates": "b93569a722fa5396ed6631750fbdd02c7b47148d63973610f802eb69db85679e", "benchmarks.Hudson.time_human_chr22": "e648432b5c065478e09802f16a5658d37b625c204e147517826817bd6b04acb1", "benchmarks.Hudson.time_large_sample_size": "7bc273fa1975809170f8f4dd7776de03dd9993132a83866c1c135afe37e4d541", "benchmarks.Hudson.time_long_sequence_length": "0b6c7c537bd986f4e9c36c5549b8e939955cbd49901f29827e3ce763790fb3b7", "benchmarks.Hudson.time_long_sequence_length_gene_conversion": "19005a2b4b33b284a84cc0ad033e2d2c646f2d264fd59a5a55e3c2246a05851b", "benchmarks.Hudson.time_many_replicates": "c0f9f49074ade65f919a2db206a10f03ba6f5b53fa86dce2a6a32e96dd8a5067"}, "version": 1}