{"results": {"benchmarks.DTWF.peakmem_human_chr22": 113704960, "benchmarks.DTWF.peakmem_large_population_size": 56803328, "benchmarks.DTWF.peakmem_long_sequence_length": 59695104, "benchmarks.DTWF.peakmem_many_replicates": 48947200, "benchmarks.DTWF.time_human_chr22": {"result": [25.383384329001274], "stats": [{"ci_99": [-Infinity, Infinity], "q_25": 25.383384329001274, "q_75": 25.383384329001274, "min": 25.383384329001274, "max": 25.383384329001274, "mean": 25.383384329001274, "std": 0.0, "repeat": 1, "number": 1}]}, "benchmarks.DTWF.time_large_population_size": {"result": [10.864622536999377], "stats": [{"ci_99": [-Infinity, Infinity], "q_25": 10.864622536999377, "q_75": 10.864622536999377, "min": 10.864622536999377, "max": 10.864622536999377, "mean": 10.864622536999377, "std": 0.0, "repeat": 1, "number": 1}]}, "benchmarks.DTWF.time_long_sequence_length": {"result": [11.918587149000814], "stats": [{"ci_99": [-Infinity, Infinity], "q_25": 11.918587149000814, "q_75": 11.918587149000814, "min": 11.918587149000814, "max": 11.918587149000814, "mean": 11.918587149000814, "std": 0.0, "repeat": 1, "number": 1}]}, "benchmarks.DTWF.time_many_replicates": {"result": [47.641396397999415], "stats": [{"ci_99": [-Infinity, Infinity], "q_25": 47.641396397999415, "q_75": 47.641396397999415, "min": 47.641396397999415, "max": 47.641396397999415, "mean": 47.641396397999415, "std": 0.0, "repeat": 1, "number": 1}]}, "benchmarks.Hudson.peakmem_human_chr22": 151482368, "benchmarks.Hudson.peakmem_large_sample_size": 853086208, "benchmarks.Hudson.peakmem_long_sequence_length": 175501312, "benchmarks.Hudson.peakmem_long_sequence_length_gene_conversion": 177594368, "benchmarks.Hudson.peakmem_many_replicates": 48394240, "benchmarks.Hudson.time_human_chr22": {"result": [34.54673538899988], "stats": [{"ci_99": [-Infinity, Infinity], "q_25": 34.54673538899988, "q_75": 34.54673538899988, "min": 34.54673538899988, "max": 34.54673538899988, "mean": 34.54673538899988, "std": 0.0, "repeat": 1, "number": 1}]}, "benchmarks.Hudson.time_large_sample_size": {"result": [71.51741687600042], "stats": [{"ci_99": [-Infinity, Infinity], "q_25": 71.51741687600042, "q_75": 71.51741687600042, "min": 71.51741687600042, "max": 71.51741687600042, "mean": 71.51741687600042, "std": 0.0, "repeat": 1, "number": 1}]}, "benchmarks.Hudson.time_long_sequence_length": {"result": [49.58866031999969], "stats": [{"ci_99": [-Infinity, Infinity], "q_25": 49.58866031999969, "q_75": 49.58866031999969, "min": 49.58866031999969, "max": 49.58866031999969, "mean": 49.58866031999969, "std": 0.0, "repeat": 1, "number": 1}]}, "benchmarks.Hudson.time_long_sequence_length_gene_conversion": {"result": [49.998771557999135], "stats": [{"ci_99": [-Infinity, Infinity], "q_25": 49.998771557999135, "q_75": 49.998771557999135, "min": 49.998771557999135, "max": 49.998771557999135, "mean": 49.998771557999135, "std": 0.0, "repeat": 1, "number": 1}]}, "benchmarks.Hudson.time_many_replicates": {"result": [28.314678529000957], "stats": [{"ci_99": [-Infinity, Infinity], "q_25": 28.314678529000957, "q_75": 28.314678529000957, "min": 28.314678529000957, "max": 28.314678529000957, "mean": 28.314678529000957, "std": 0.0, "repeat": 1, "number": 1}]}}, "params": {"arch": "x86_64", "cpu": "Intel(R) Core(TM) i5-3317U CPU @ 1.70GHz", "machine": "poplar", "num_cpu": "4", "os": "Linux 3.13.0-24-generic", "ram": "3931396", "python": "3.8", "stdpopsim": ""}, "requirements": {"stdpopsim": ""}, "commit_hash": "c10cdfb26fa63db3efefc75b5774bc137619ea5c", "date": 1604931346000, "env_name": "virtualenv-py3.8-stdpopsim", "python": "3.8", "profiles": {}, "started_at": {"benchmarks.DTWF.peakmem_human_chr22": 1604935017333, "benchmarks.DTWF.peakmem_large_population_size": 1604935044287, "benchmarks.DTWF.peakmem_long_sequence_length": 1604935055761, "benchmarks.DTWF.peakmem_many_replicates": 1604935068331, "benchmarks.DTWF.time_human_chr22": 1604935116311, "benchmarks.DTWF.time_large_population_size": 1604935142267, "benchmarks.DTWF.time_long_sequence_length": 1604935153694, "benchmarks.DTWF.time_many_replicates": 1604935166215, "benchmarks.Hudson.peakmem_human_chr22": 1604935214435, "benchmarks.Hudson.peakmem_large_sample_size": 1604935248903, "benchmarks.Hudson.peakmem_long_sequence_length": 1604935321373, "benchmarks.Hudson.peakmem_long_sequence_length_gene_conversion": 1604935370761, "benchmarks.Hudson.peakmem_many_replicates": 1604935421403, "benchmarks.Hudson.time_human_chr22": 1604935450294, "benchmarks.Hudson.time_large_sample_size": 1604935485410, "benchmarks.Hudson.time_long_sequence_length": 1604935557526, "benchmarks.Hudson.time_long_sequence_length_gene_conversion": 1604935607720, "benchmarks.Hudson.time_many_replicates": 1604935658314}, "ended_at": {"benchmarks.DTWF.peakmem_human_chr22": 1604935044286, "benchmarks.DTWF.peakmem_large_population_size": 1604935055761, "benchmarks.DTWF.peakmem_long_sequence_length": 1604935068330, "benchmarks.DTWF.peakmem_many_replicates": 1604935116310, "benchmarks.DTWF.time_human_chr22": 1604935142267, "benchmarks.DTWF.time_large_population_size": 1604935153693, "benchmarks.DTWF.time_long_sequence_length": 1604935166214, "benchmarks.DTWF.time_many_replicates": 1604935214435, "benchmarks.Hudson.peakmem_human_chr22": 1604935248903, "benchmarks.Hudson.peakmem_large_sample_size": 1604935321372, "benchmarks.Hudson.peakmem_long_sequence_length": 1604935370761, "benchmarks.Hudson.peakmem_long_sequence_length_gene_conversion": 1604935421403, "benchmarks.Hudson.peakmem_many_replicates": 1604935450294, "benchmarks.Hudson.time_human_chr22": 1604935485410, "benchmarks.Hudson.time_large_sample_size": 1604935557525, "benchmarks.Hudson.time_long_sequence_length": 1604935607720, "benchmarks.Hudson.time_long_sequence_length_gene_conversion": 1604935658314, "benchmarks.Hudson.time_many_replicates": 1604935687205}, "benchmark_version": {"benchmarks.DTWF.peakmem_human_chr22": "f848688127844489b5870c5598d06fc61bdb8c1a31b2c71741fb842ce4869124", "benchmarks.DTWF.peakmem_large_population_size": "1c54016f27b74e5d827e0cf71dee2587b99237d50e0c3aa5bfb1e9a54bedf712", "benchmarks.DTWF.peakmem_long_sequence_length": "72b4498a433ac926a303683be39aa07c206b25c22caa613088af6cbe51544ce9", "benchmarks.DTWF.peakmem_many_replicates": "8d591fe1a84bfd039f312aef953605c494b28ed3e3b28bd41773b5a6bbab8e13", "benchmarks.DTWF.time_human_chr22": "d016729b716d45e5a6cc8608ae18480b4f3d6192cc29f39ad8e06222786408c6", "benchmarks.DTWF.time_large_population_size": "5393d907eb6d9700c18c23789395c3a6a8aecf236b49983e2d955dccc6f793a3", "benchmarks.DTWF.time_long_sequence_length": "89860f21a2ad81e267314c086383279e852e4560e27f425d127937bd62fb83f9", "benchmarks.DTWF.time_many_replicates": "8f8fa44794e1a510a8052653f41596e3e11adbcdc838d7ca59f99bdb491be41b", "benchmarks.Hudson.peakmem_human_chr22": "20ef616d263e941e12a3089b8e8dbfee94d982362fe475e40174ebc3506b102a", "benchmarks.Hudson.peakmem_large_sample_size": "0b75d04c5ff9994c35ae62a490034e021485c38567b2699884e524931587881a", "benchmarks.Hudson.peakmem_long_sequence_length": "edd9dee8418f69b81347803203f176ff269220225a8939dc1c4bc1ab32289f94", "benchmarks.Hudson.peakmem_long_sequence_length_gene_conversion": "2236f20c5a4cc1e037abd099ce1f70d0dd2045a14914c96dcc48d0507f45e1da", "benchmarks.Hudson.peakmem_many_replicates": "b93569a722fa5396ed6631750fbdd02c7b47148d63973610f802eb69db85679e", "benchmarks.Hudson.time_human_chr22": "e648432b5c065478e09802f16a5658d37b625c204e147517826817bd6b04acb1", "benchmarks.Hudson.time_large_sample_size": "7bc273fa1975809170f8f4dd7776de03dd9993132a83866c1c135afe37e4d541", "benchmarks.Hudson.time_long_sequence_length": "0b6c7c537bd986f4e9c36c5549b8e939955cbd49901f29827e3ce763790fb3b7", "benchmarks.Hudson.time_long_sequence_length_gene_conversion": "19005a2b4b33b284a84cc0ad033e2d2c646f2d264fd59a5a55e3c2246a05851b", "benchmarks.Hudson.time_many_replicates": "c0f9f49074ade65f919a2db206a10f03ba6f5b53fa86dce2a6a32e96dd8a5067"}, "version": 1}