{"results": {"benchmarks.DTWF.peakmem_human_chr22": 103190528, "benchmarks.DTWF.peakmem_large_population_size": null, "benchmarks.DTWF.peakmem_long_sequence_length": 56049664, "benchmarks.DTWF.peakmem_many_replicates": null, "benchmarks.DTWF.time_human_chr22": {"result": [89.44902905798517], "stats": [{"ci_99": [-Infinity, Infinity], "q_25": 89.44902905798517, "q_75": 89.44902905798517, "min": 89.44902905798517, "max": 89.44902905798517, "mean": 89.44902905798517, "std": 0.0, "repeat": 1, "number": 1}]}, "benchmarks.DTWF.time_large_population_size": null, "benchmarks.DTWF.time_long_sequence_length": {"result": [97.50748646701686], "stats": [{"ci_99": [-Infinity, Infinity], "q_25": 97.50748646701686, "q_75": 97.50748646701686, "min": 97.50748646701686, "max": 97.50748646701686, "mean": 97.50748646701686, "std": 0.0, "repeat": 1, "number": 1}]}, "benchmarks.DTWF.time_many_replicates": null, "benchmarks.Hudson.peakmem_human_chr22": 136679424, "benchmarks.Hudson.peakmem_large_sample_size": 836018176, "benchmarks.Hudson.peakmem_long_sequence_length": 166715392, "benchmarks.Hudson.peakmem_long_sequence_length_gene_conversion": 166715392, "benchmarks.Hudson.peakmem_many_replicates": 44998656, "benchmarks.Hudson.time_human_chr22": {"result": [33.37502195604611], "stats": [{"ci_99": [-Infinity, Infinity], "q_25": 33.37502195604611, "q_75": 33.37502195604611, "min": 33.37502195604611, "max": 33.37502195604611, "mean": 33.37502195604611, "std": 0.0, "repeat": 1, "number": 1}]}, "benchmarks.Hudson.time_large_sample_size": {"result": [54.84259123401716], "stats": [{"ci_99": [-Infinity, Infinity], "q_25": 54.84259123401716, "q_75": 54.84259123401716, "min": 54.84259123401716, "max": 54.84259123401716, "mean": 54.84259123401716, "std": 0.0, "repeat": 1, "number": 1}]}, "benchmarks.Hudson.time_long_sequence_length": {"result": [48.77200317801908], "stats": [{"ci_99": [-Infinity, Infinity], "q_25": 48.77200317801908, "q_75": 48.77200317801908, "min": 48.77200317801908, "max": 48.77200317801908, "mean": 48.77200317801908, "std": 0.0, "repeat": 1, "number": 1}]}, "benchmarks.Hudson.time_long_sequence_length_gene_conversion": {"result": [50.66713781602448], "stats": [{"ci_99": [-Infinity, Infinity], "q_25": 50.66713781602448, "q_75": 50.66713781602448, "min": 50.66713781602448, "max": 50.66713781602448, "mean": 50.66713781602448, "std": 0.0, "repeat": 1, "number": 1}]}, "benchmarks.Hudson.time_many_replicates": {"result": [31.070143574965186], "stats": [{"ci_99": [-Infinity, Infinity], "q_25": 31.070143574965186, "q_75": 31.070143574965186, "min": 31.070143574965186, "max": 31.070143574965186, "mean": 31.070143574965186, "std": 0.0, "repeat": 1, "number": 1}]}}, "params": {"arch": "x86_64", "cpu": "Intel(R) Core(TM) i5-3317U CPU @ 1.70GHz", "machine": "poplar", "num_cpu": "4", "os": "Linux 3.13.0-24-generic", "ram": "3931396", "python": "3.8", "stdpopsim": ""}, "requirements": {"stdpopsim": ""}, "commit_hash": "c1f82387b697d7e7ac3fe8a3aad75a3a49e6d426", "date": 1582037500000, "env_name": "virtualenv-py3.8-stdpopsim", "python": "3.8", "profiles": {}, "started_at": {"benchmarks.DTWF.peakmem_human_chr22": 1602121464720, "benchmarks.DTWF.peakmem_large_population_size": 1602121554151, "benchmarks.DTWF.peakmem_long_sequence_length": 1602121674216, "benchmarks.DTWF.peakmem_many_replicates": 1602121771408, "benchmarks.DTWF.time_human_chr22": 1602121891482, "benchmarks.DTWF.time_large_population_size": 1602121981064, "benchmarks.DTWF.time_long_sequence_length": 1602122101130, "benchmarks.DTWF.time_many_replicates": 1602122198772, "benchmarks.Hudson.peakmem_human_chr22": 1602122318847, "benchmarks.Hudson.peakmem_large_sample_size": 1602122351964, "benchmarks.Hudson.peakmem_long_sequence_length": 1602122406864, "benchmarks.Hudson.peakmem_long_sequence_length_gene_conversion": 1602122455813, "benchmarks.Hudson.peakmem_many_replicates": 1602122506565, "benchmarks.Hudson.time_human_chr22": 1602122537862, "benchmarks.Hudson.time_large_sample_size": 1602122571330, "benchmarks.Hudson.time_long_sequence_length": 1602122626283, "benchmarks.Hudson.time_long_sequence_length_gene_conversion": 1602122675181, "benchmarks.Hudson.time_many_replicates": 1602122725983}, "ended_at": {"benchmarks.DTWF.peakmem_human_chr22": 1602121554151, "benchmarks.DTWF.peakmem_large_population_size": 1602121674216, "benchmarks.DTWF.peakmem_long_sequence_length": 1602121771407, "benchmarks.DTWF.peakmem_many_replicates": 1602121891482, "benchmarks.DTWF.time_human_chr22": 1602121981064, "benchmarks.DTWF.time_large_population_size": 1602122101129, "benchmarks.DTWF.time_long_sequence_length": 1602122198772, "benchmarks.DTWF.time_many_replicates": 1602122318846, "benchmarks.Hudson.peakmem_human_chr22": 1602122351964, "benchmarks.Hudson.peakmem_large_sample_size": 1602122406864, "benchmarks.Hudson.peakmem_long_sequence_length": 1602122455812, "benchmarks.Hudson.peakmem_long_sequence_length_gene_conversion": 1602122506564, "benchmarks.Hudson.peakmem_many_replicates": 1602122537862, "benchmarks.Hudson.time_human_chr22": 1602122571330, "benchmarks.Hudson.time_large_sample_size": 1602122626283, "benchmarks.Hudson.time_long_sequence_length": 1602122675181, "benchmarks.Hudson.time_long_sequence_length_gene_conversion": 1602122725983, "benchmarks.Hudson.time_many_replicates": 1602122757180}, "benchmark_version": {"benchmarks.DTWF.peakmem_human_chr22": "f848688127844489b5870c5598d06fc61bdb8c1a31b2c71741fb842ce4869124", "benchmarks.DTWF.peakmem_large_population_size": "1c54016f27b74e5d827e0cf71dee2587b99237d50e0c3aa5bfb1e9a54bedf712", "benchmarks.DTWF.peakmem_long_sequence_length": "72b4498a433ac926a303683be39aa07c206b25c22caa613088af6cbe51544ce9", "benchmarks.DTWF.peakmem_many_replicates": "8d591fe1a84bfd039f312aef953605c494b28ed3e3b28bd41773b5a6bbab8e13", "benchmarks.DTWF.time_human_chr22": "d016729b716d45e5a6cc8608ae18480b4f3d6192cc29f39ad8e06222786408c6", "benchmarks.DTWF.time_large_population_size": "5393d907eb6d9700c18c23789395c3a6a8aecf236b49983e2d955dccc6f793a3", "benchmarks.DTWF.time_long_sequence_length": "89860f21a2ad81e267314c086383279e852e4560e27f425d127937bd62fb83f9", "benchmarks.DTWF.time_many_replicates": "8f8fa44794e1a510a8052653f41596e3e11adbcdc838d7ca59f99bdb491be41b", "benchmarks.Hudson.peakmem_human_chr22": "20ef616d263e941e12a3089b8e8dbfee94d982362fe475e40174ebc3506b102a", "benchmarks.Hudson.peakmem_large_sample_size": "0b75d04c5ff9994c35ae62a490034e021485c38567b2699884e524931587881a", "benchmarks.Hudson.peakmem_long_sequence_length": "edd9dee8418f69b81347803203f176ff269220225a8939dc1c4bc1ab32289f94", "benchmarks.Hudson.peakmem_long_sequence_length_gene_conversion": "2236f20c5a4cc1e037abd099ce1f70d0dd2045a14914c96dcc48d0507f45e1da", "benchmarks.Hudson.peakmem_many_replicates": "b93569a722fa5396ed6631750fbdd02c7b47148d63973610f802eb69db85679e", "benchmarks.Hudson.time_human_chr22": "e648432b5c065478e09802f16a5658d37b625c204e147517826817bd6b04acb1", "benchmarks.Hudson.time_large_sample_size": "7bc273fa1975809170f8f4dd7776de03dd9993132a83866c1c135afe37e4d541", "benchmarks.Hudson.time_long_sequence_length": "0b6c7c537bd986f4e9c36c5549b8e939955cbd49901f29827e3ce763790fb3b7", "benchmarks.Hudson.time_long_sequence_length_gene_conversion": "19005a2b4b33b284a84cc0ad033e2d2c646f2d264fd59a5a55e3c2246a05851b", "benchmarks.Hudson.time_many_replicates": "c0f9f49074ade65f919a2db206a10f03ba6f5b53fa86dce2a6a32e96dd8a5067"}, "version": 1}