{"results": {"benchmarks.DTWF.peakmem_human_chr22": 103215104, "benchmarks.DTWF.peakmem_large_population_size": null, "benchmarks.DTWF.peakmem_long_sequence_length": 55918592, "benchmarks.DTWF.peakmem_many_replicates": null, "benchmarks.DTWF.time_human_chr22": {"result": [89.25271631398937], "stats": [{"ci_99": [-Infinity, Infinity], "q_25": 89.25271631398937, "q_75": 89.25271631398937, "min": 89.25271631398937, "max": 89.25271631398937, "mean": 89.25271631398937, "std": 0.0, "repeat": 1, "number": 1}]}, "benchmarks.DTWF.time_large_population_size": null, "benchmarks.DTWF.time_long_sequence_length": {"result": [96.63418961898424], "stats": [{"ci_99": [-Infinity, Infinity], "q_25": 96.63418961898424, "q_75": 96.63418961898424, "min": 96.63418961898424, "max": 96.63418961898424, "mean": 96.63418961898424, "std": 0.0, "repeat": 1, "number": 1}]}, "benchmarks.DTWF.time_many_replicates": null, "benchmarks.Hudson.peakmem_human_chr22": 134877184, "benchmarks.Hudson.peakmem_large_sample_size": 836104192, "benchmarks.Hudson.peakmem_long_sequence_length": 166842368, "benchmarks.Hudson.peakmem_long_sequence_length_gene_conversion": 166842368, "benchmarks.Hudson.peakmem_many_replicates": 43696128, "benchmarks.Hudson.time_human_chr22": {"result": [31.211482606013305], "stats": [{"ci_99": [-Infinity, Infinity], "q_25": 31.211482606013305, "q_75": 31.211482606013305, "min": 31.211482606013305, "max": 31.211482606013305, "mean": 31.211482606013305, "std": 0.0, "repeat": 1, "number": 1}]}, "benchmarks.Hudson.time_large_sample_size": {"result": [53.35055492201354], "stats": [{"ci_99": [-Infinity, Infinity], "q_25": 53.35055492201354, "q_75": 53.35055492201354, "min": 53.35055492201354, "max": 53.35055492201354, "mean": 53.35055492201354, "std": 0.0, "repeat": 1, "number": 1}]}, "benchmarks.Hudson.time_long_sequence_length": {"result": [48.710837644001], "stats": [{"ci_99": [-Infinity, Infinity], "q_25": 48.710837644001, "q_75": 48.710837644001, "min": 48.710837644001, "max": 48.710837644001, "mean": 48.710837644001, "std": 0.0, "repeat": 1, "number": 1}]}, "benchmarks.Hudson.time_long_sequence_length_gene_conversion": {"result": [50.37828551098937], "stats": [{"ci_99": [-Infinity, Infinity], "q_25": 50.37828551098937, "q_75": 50.37828551098937, "min": 50.37828551098937, "max": 50.37828551098937, "mean": 50.37828551098937, "std": 0.0, "repeat": 1, "number": 1}]}, "benchmarks.Hudson.time_many_replicates": {"result": [30.627732897002716], "stats": [{"ci_99": [-Infinity, Infinity], "q_25": 30.627732897002716, "q_75": 30.627732897002716, "min": 30.627732897002716, "max": 30.627732897002716, "mean": 30.627732897002716, "std": 0.0, "repeat": 1, "number": 1}]}}, "params": {"arch": "x86_64", "cpu": "Intel(R) Core(TM) i5-3317U CPU @ 1.70GHz", "machine": "poplar", "num_cpu": "4", "os": "Linux 3.13.0-24-generic", "ram": "3931396", "python": "3.8", "stdpopsim": ""}, "requirements": {"stdpopsim": ""}, "commit_hash": "cb025cd376e0a9d06207c53dc1653c5a83fea928", "date": 1582027245000, "env_name": "virtualenv-py3.8-stdpopsim", "python": "3.8", "profiles": {}, "started_at": {"benchmarks.DTWF.peakmem_human_chr22": 1602123749866, "benchmarks.DTWF.peakmem_large_population_size": 1602123839504, "benchmarks.DTWF.peakmem_long_sequence_length": 1602123959571, "benchmarks.DTWF.peakmem_many_replicates": 1602124056718, "benchmarks.DTWF.time_human_chr22": 1602124176798, "benchmarks.DTWF.time_large_population_size": 1602124266184, "benchmarks.DTWF.time_long_sequence_length": 1602124386250, "benchmarks.DTWF.time_many_replicates": 1602124482995, "benchmarks.Hudson.peakmem_human_chr22": 1602124603075, "benchmarks.Hudson.peakmem_large_sample_size": 1602124634841, "benchmarks.Hudson.peakmem_long_sequence_length": 1602124687440, "benchmarks.Hudson.peakmem_long_sequence_length_gene_conversion": 1602124737742, "benchmarks.Hudson.peakmem_many_replicates": 1602124787794, "benchmarks.Hudson.time_human_chr22": 1602124818291, "benchmarks.Hudson.time_large_sample_size": 1602124849603, "benchmarks.Hudson.time_long_sequence_length": 1602124903043, "benchmarks.Hudson.time_long_sequence_length_gene_conversion": 1602124951881, "benchmarks.Hudson.time_many_replicates": 1602125002372}, "ended_at": {"benchmarks.DTWF.peakmem_human_chr22": 1602123839504, "benchmarks.DTWF.peakmem_large_population_size": 1602123959571, "benchmarks.DTWF.peakmem_long_sequence_length": 1602124056717, "benchmarks.DTWF.peakmem_many_replicates": 1602124176798, "benchmarks.DTWF.time_human_chr22": 1602124266184, "benchmarks.DTWF.time_large_population_size": 1602124386250, "benchmarks.DTWF.time_long_sequence_length": 1602124482995, "benchmarks.DTWF.time_many_replicates": 1602124603075, "benchmarks.Hudson.peakmem_human_chr22": 1602124634841, "benchmarks.Hudson.peakmem_large_sample_size": 1602124687440, "benchmarks.Hudson.peakmem_long_sequence_length": 1602124737742, "benchmarks.Hudson.peakmem_long_sequence_length_gene_conversion": 1602124787794, "benchmarks.Hudson.peakmem_many_replicates": 1602124818291, "benchmarks.Hudson.time_human_chr22": 1602124849603, "benchmarks.Hudson.time_large_sample_size": 1602124903043, "benchmarks.Hudson.time_long_sequence_length": 1602124951881, "benchmarks.Hudson.time_long_sequence_length_gene_conversion": 1602125002372, "benchmarks.Hudson.time_many_replicates": 1602125033115}, "benchmark_version": {"benchmarks.DTWF.peakmem_human_chr22": "f848688127844489b5870c5598d06fc61bdb8c1a31b2c71741fb842ce4869124", "benchmarks.DTWF.peakmem_large_population_size": "1c54016f27b74e5d827e0cf71dee2587b99237d50e0c3aa5bfb1e9a54bedf712", "benchmarks.DTWF.peakmem_long_sequence_length": "72b4498a433ac926a303683be39aa07c206b25c22caa613088af6cbe51544ce9", "benchmarks.DTWF.peakmem_many_replicates": "8d591fe1a84bfd039f312aef953605c494b28ed3e3b28bd41773b5a6bbab8e13", "benchmarks.DTWF.time_human_chr22": "d016729b716d45e5a6cc8608ae18480b4f3d6192cc29f39ad8e06222786408c6", "benchmarks.DTWF.time_large_population_size": "5393d907eb6d9700c18c23789395c3a6a8aecf236b49983e2d955dccc6f793a3", "benchmarks.DTWF.time_long_sequence_length": "89860f21a2ad81e267314c086383279e852e4560e27f425d127937bd62fb83f9", "benchmarks.DTWF.time_many_replicates": "8f8fa44794e1a510a8052653f41596e3e11adbcdc838d7ca59f99bdb491be41b", "benchmarks.Hudson.peakmem_human_chr22": "20ef616d263e941e12a3089b8e8dbfee94d982362fe475e40174ebc3506b102a", "benchmarks.Hudson.peakmem_large_sample_size": "0b75d04c5ff9994c35ae62a490034e021485c38567b2699884e524931587881a", "benchmarks.Hudson.peakmem_long_sequence_length": "edd9dee8418f69b81347803203f176ff269220225a8939dc1c4bc1ab32289f94", "benchmarks.Hudson.peakmem_long_sequence_length_gene_conversion": "2236f20c5a4cc1e037abd099ce1f70d0dd2045a14914c96dcc48d0507f45e1da", "benchmarks.Hudson.peakmem_many_replicates": "b93569a722fa5396ed6631750fbdd02c7b47148d63973610f802eb69db85679e", "benchmarks.Hudson.time_human_chr22": "e648432b5c065478e09802f16a5658d37b625c204e147517826817bd6b04acb1", "benchmarks.Hudson.time_large_sample_size": "7bc273fa1975809170f8f4dd7776de03dd9993132a83866c1c135afe37e4d541", "benchmarks.Hudson.time_long_sequence_length": "0b6c7c537bd986f4e9c36c5549b8e939955cbd49901f29827e3ce763790fb3b7", "benchmarks.Hudson.time_long_sequence_length_gene_conversion": "19005a2b4b33b284a84cc0ad033e2d2c646f2d264fd59a5a55e3c2246a05851b", "benchmarks.Hudson.time_many_replicates": "c0f9f49074ade65f919a2db206a10f03ba6f5b53fa86dce2a6a32e96dd8a5067"}, "version": 1}