{"results": {"benchmarks.DTWF.peakmem_human_chr22": 109465600, "benchmarks.DTWF.peakmem_large_population_size": 53919744, "benchmarks.DTWF.peakmem_long_sequence_length": 56188928, "benchmarks.DTWF.peakmem_many_replicates": 45453312, "benchmarks.DTWF.time_human_chr22": {"result": [37.995808539999416], "stats": [{"ci_99": [-Infinity, Infinity], "q_25": 37.995808539999416, "q_75": 37.995808539999416, "min": 37.995808539999416, "max": 37.995808539999416, "mean": 37.995808539999416, "std": 0.0, "repeat": 1, "number": 1}]}, "benchmarks.DTWF.time_large_population_size": {"result": [11.257139780005673], "stats": [{"ci_99": [-Infinity, Infinity], "q_25": 11.257139780005673, "q_75": 11.257139780005673, "min": 11.257139780005673, "max": 11.257139780005673, "mean": 11.257139780005673, "std": 0.0, "repeat": 1, "number": 1}]}, "benchmarks.DTWF.time_long_sequence_length": {"result": [12.437024860002566], "stats": [{"ci_99": [-Infinity, Infinity], "q_25": 12.437024860002566, "q_75": 12.437024860002566, "min": 12.437024860002566, "max": 12.437024860002566, "mean": 12.437024860002566, "std": 0.0, "repeat": 1, "number": 1}]}, "benchmarks.DTWF.time_many_replicates": {"result": [51.60014414199395], "stats": [{"ci_99": [-Infinity, Infinity], "q_25": 51.60014414199395, "q_75": 51.60014414199395, "min": 51.60014414199395, "max": 51.60014414199395, "mean": 51.60014414199395, "std": 0.0, "repeat": 1, "number": 1}]}, "benchmarks.Hudson.peakmem_human_chr22": 144596992, "benchmarks.Hudson.peakmem_large_sample_size": 842797056, "benchmarks.Hudson.peakmem_long_sequence_length": 165851136, "benchmarks.Hudson.peakmem_long_sequence_length_gene_conversion": 169324544, "benchmarks.Hudson.peakmem_many_replicates": 45531136, "benchmarks.Hudson.time_human_chr22": {"result": [32.90610701299738], "stats": [{"ci_99": [-Infinity, Infinity], "q_25": 32.90610701299738, "q_75": 32.90610701299738, "min": 32.90610701299738, "max": 32.90610701299738, "mean": 32.90610701299738, "std": 0.0, "repeat": 1, "number": 1}]}, "benchmarks.Hudson.time_large_sample_size": {"result": [53.41710695801885], "stats": [{"ci_99": [-Infinity, Infinity], "q_25": 53.41710695801885, "q_75": 53.41710695801885, "min": 53.41710695801885, "max": 53.41710695801885, "mean": 53.41710695801885, "std": 0.0, "repeat": 1, "number": 1}]}, "benchmarks.Hudson.time_long_sequence_length": {"result": [49.420946215017466], "stats": [{"ci_99": [-Infinity, Infinity], "q_25": 49.420946215017466, "q_75": 49.420946215017466, "min": 49.420946215017466, "max": 49.420946215017466, "mean": 49.420946215017466, "std": 0.0, "repeat": 1, "number": 1}]}, "benchmarks.Hudson.time_long_sequence_length_gene_conversion": {"result": [51.41265091698733], "stats": [{"ci_99": [-Infinity, Infinity], "q_25": 51.41265091698733, "q_75": 51.41265091698733, "min": 51.41265091698733, "max": 51.41265091698733, "mean": 51.41265091698733, "std": 0.0, "repeat": 1, "number": 1}]}, "benchmarks.Hudson.time_many_replicates": {"result": [31.99579218198778], "stats": [{"ci_99": [-Infinity, Infinity], "q_25": 31.99579218198778, "q_75": 31.99579218198778, "min": 31.99579218198778, "max": 31.99579218198778, "mean": 31.99579218198778, "std": 0.0, "repeat": 1, "number": 1}]}}, "params": {"arch": "x86_64", "cpu": "Intel(R) Core(TM) i5-3317U CPU @ 1.70GHz", "machine": "poplar", "num_cpu": "4", "os": "Linux 3.13.0-24-generic", "ram": "3931396", "python": "3.8", "stdpopsim": ""}, "requirements": {"stdpopsim": ""}, "commit_hash": "cb1b8d457cdca6753e5b6c97ff3375be28332493", "date": 1594230516000, "env_name": "virtualenv-py3.8-stdpopsim", "python": "3.8", "profiles": {}, "started_at": {"benchmarks.DTWF.peakmem_human_chr22": 1602032209125, "benchmarks.DTWF.peakmem_large_population_size": 1602032247449, "benchmarks.DTWF.peakmem_long_sequence_length": 1602032258823, "benchmarks.DTWF.peakmem_many_replicates": 1602032271493, "benchmarks.DTWF.time_human_chr22": 1602032323171, "benchmarks.DTWF.time_large_population_size": 1602032361300, "benchmarks.DTWF.time_long_sequence_length": 1602032372676, "benchmarks.DTWF.time_many_replicates": 1602032385246, "benchmarks.Hudson.peakmem_human_chr22": 1602032436974, "benchmarks.Hudson.peakmem_large_sample_size": 1602032469790, "benchmarks.Hudson.peakmem_long_sequence_length": 1602032522388, "benchmarks.Hudson.peakmem_long_sequence_length_gene_conversion": 1602032571836, "benchmarks.Hudson.peakmem_many_replicates": 1602032623590, "benchmarks.Hudson.time_human_chr22": 1602032655789, "benchmarks.Hudson.time_large_sample_size": 1602032688806, "benchmarks.Hudson.time_long_sequence_length": 1602032742355, "benchmarks.Hudson.time_long_sequence_length_gene_conversion": 1602032791904, "benchmarks.Hudson.time_many_replicates": 1602032843407}, "ended_at": {"benchmarks.DTWF.peakmem_human_chr22": 1602032247448, "benchmarks.DTWF.peakmem_large_population_size": 1602032258822, "benchmarks.DTWF.peakmem_long_sequence_length": 1602032271493, "benchmarks.DTWF.peakmem_many_replicates": 1602032323171, "benchmarks.DTWF.time_human_chr22": 1602032361300, "benchmarks.DTWF.time_large_population_size": 1602032372675, "benchmarks.DTWF.time_long_sequence_length": 1602032385246, "benchmarks.DTWF.time_many_replicates": 1602032436974, "benchmarks.Hudson.peakmem_human_chr22": 1602032469790, "benchmarks.Hudson.peakmem_large_sample_size": 1602032522387, "benchmarks.Hudson.peakmem_long_sequence_length": 1602032571836, "benchmarks.Hudson.peakmem_long_sequence_length_gene_conversion": 1602032623589, "benchmarks.Hudson.peakmem_many_replicates": 1602032655789, "benchmarks.Hudson.time_human_chr22": 1602032688806, "benchmarks.Hudson.time_large_sample_size": 1602032742354, "benchmarks.Hudson.time_long_sequence_length": 1602032791903, "benchmarks.Hudson.time_long_sequence_length_gene_conversion": 1602032843406, "benchmarks.Hudson.time_many_replicates": 1602032875505}, "benchmark_version": {"benchmarks.DTWF.peakmem_human_chr22": "f848688127844489b5870c5598d06fc61bdb8c1a31b2c71741fb842ce4869124", "benchmarks.DTWF.peakmem_large_population_size": "1c54016f27b74e5d827e0cf71dee2587b99237d50e0c3aa5bfb1e9a54bedf712", "benchmarks.DTWF.peakmem_long_sequence_length": "72b4498a433ac926a303683be39aa07c206b25c22caa613088af6cbe51544ce9", "benchmarks.DTWF.peakmem_many_replicates": "8d591fe1a84bfd039f312aef953605c494b28ed3e3b28bd41773b5a6bbab8e13", "benchmarks.DTWF.time_human_chr22": "d016729b716d45e5a6cc8608ae18480b4f3d6192cc29f39ad8e06222786408c6", "benchmarks.DTWF.time_large_population_size": "5393d907eb6d9700c18c23789395c3a6a8aecf236b49983e2d955dccc6f793a3", "benchmarks.DTWF.time_long_sequence_length": "89860f21a2ad81e267314c086383279e852e4560e27f425d127937bd62fb83f9", "benchmarks.DTWF.time_many_replicates": "8f8fa44794e1a510a8052653f41596e3e11adbcdc838d7ca59f99bdb491be41b", "benchmarks.Hudson.peakmem_human_chr22": "20ef616d263e941e12a3089b8e8dbfee94d982362fe475e40174ebc3506b102a", "benchmarks.Hudson.peakmem_large_sample_size": "0b75d04c5ff9994c35ae62a490034e021485c38567b2699884e524931587881a", "benchmarks.Hudson.peakmem_long_sequence_length": "edd9dee8418f69b81347803203f176ff269220225a8939dc1c4bc1ab32289f94", "benchmarks.Hudson.peakmem_long_sequence_length_gene_conversion": "2236f20c5a4cc1e037abd099ce1f70d0dd2045a14914c96dcc48d0507f45e1da", "benchmarks.Hudson.peakmem_many_replicates": "b93569a722fa5396ed6631750fbdd02c7b47148d63973610f802eb69db85679e", "benchmarks.Hudson.time_human_chr22": "e648432b5c065478e09802f16a5658d37b625c204e147517826817bd6b04acb1", "benchmarks.Hudson.time_large_sample_size": "7bc273fa1975809170f8f4dd7776de03dd9993132a83866c1c135afe37e4d541", "benchmarks.Hudson.time_long_sequence_length": "0b6c7c537bd986f4e9c36c5549b8e939955cbd49901f29827e3ce763790fb3b7", "benchmarks.Hudson.time_long_sequence_length_gene_conversion": "19005a2b4b33b284a84cc0ad033e2d2c646f2d264fd59a5a55e3c2246a05851b", "benchmarks.Hudson.time_many_replicates": "c0f9f49074ade65f919a2db206a10f03ba6f5b53fa86dce2a6a32e96dd8a5067"}, "version": 1}