{"results": {"benchmarks.DTWF.peakmem_human_chr22": 109445120, "benchmarks.DTWF.peakmem_large_population_size": 52240384, "benchmarks.DTWF.peakmem_long_sequence_length": 54972416, "benchmarks.DTWF.peakmem_many_replicates": 46194688, "benchmarks.DTWF.time_human_chr22": {"result": [36.62210263698944], "stats": [{"ci_99": [-Infinity, Infinity], "q_25": 36.62210263698944, "q_75": 36.62210263698944, "min": 36.62210263698944, "max": 36.62210263698944, "mean": 36.62210263698944, "std": 0.0, "repeat": 1, "number": 1}]}, "benchmarks.DTWF.time_large_population_size": {"result": [14.60623176099034], "stats": [{"ci_99": [-Infinity, Infinity], "q_25": 14.60623176099034, "q_75": 14.60623176099034, "min": 14.60623176099034, "max": 14.60623176099034, "mean": 14.60623176099034, "std": 0.0, "repeat": 1, "number": 1}]}, "benchmarks.DTWF.time_long_sequence_length": {"result": [12.810564546001842], "stats": [{"ci_99": [-Infinity, Infinity], "q_25": 12.810564546001842, "q_75": 12.810564546001842, "min": 12.810564546001842, "max": 12.810564546001842, "mean": 12.810564546001842, "std": 0.0, "repeat": 1, "number": 1}]}, "benchmarks.DTWF.time_many_replicates": {"result": [51.9868102830078], "stats": [{"ci_99": [-Infinity, Infinity], "q_25": 51.9868102830078, "q_75": 51.9868102830078, "min": 51.9868102830078, "max": 51.9868102830078, "mean": 51.9868102830078, "std": 0.0, "repeat": 1, "number": 1}]}, "benchmarks.Hudson.peakmem_human_chr22": 143200256, "benchmarks.Hudson.peakmem_large_sample_size": 852844544, "benchmarks.Hudson.peakmem_long_sequence_length": 166801408, "benchmarks.Hudson.peakmem_long_sequence_length_gene_conversion": 167010304, "benchmarks.Hudson.peakmem_many_replicates": 46518272, "benchmarks.Hudson.time_human_chr22": {"result": [31.51156103302492], "stats": [{"ci_99": [-Infinity, Infinity], "q_25": 31.51156103302492, "q_75": 31.51156103302492, "min": 31.51156103302492, "max": 31.51156103302492, "mean": 31.51156103302492, "std": 0.0, "repeat": 1, "number": 1}]}, "benchmarks.Hudson.time_large_sample_size": {"result": [52.81485292300931], "stats": [{"ci_99": [-Infinity, Infinity], "q_25": 52.81485292300931, "q_75": 52.81485292300931, "min": 52.81485292300931, "max": 52.81485292300931, "mean": 52.81485292300931, "std": 0.0, "repeat": 1, "number": 1}]}, "benchmarks.Hudson.time_long_sequence_length": {"result": [49.24394171999302], "stats": [{"ci_99": [-Infinity, Infinity], "q_25": 49.24394171999302, "q_75": 49.24394171999302, "min": 49.24394171999302, "max": 49.24394171999302, "mean": 49.24394171999302, "std": 0.0, "repeat": 1, "number": 1}]}, "benchmarks.Hudson.time_long_sequence_length_gene_conversion": {"result": [49.818294716998935], "stats": [{"ci_99": [-Infinity, Infinity], "q_25": 49.818294716998935, "q_75": 49.818294716998935, "min": 49.818294716998935, "max": 49.818294716998935, "mean": 49.818294716998935, "std": 0.0, "repeat": 1, "number": 1}]}, "benchmarks.Hudson.time_many_replicates": {"result": [31.591106245003175], "stats": [{"ci_99": [-Infinity, Infinity], "q_25": 31.591106245003175, "q_75": 31.591106245003175, "min": 31.591106245003175, "max": 31.591106245003175, "mean": 31.591106245003175, "std": 0.0, "repeat": 1, "number": 1}]}}, "params": {"arch": "x86_64", "cpu": "Intel(R) Core(TM) i5-3317U CPU @ 1.70GHz", "machine": "poplar", "num_cpu": "4", "os": "Linux 3.13.0-24-generic", "ram": "3931396", "python": "3.8", "stdpopsim": ""}, "requirements": {"stdpopsim": ""}, "commit_hash": "cf5258239f7b4642653f6db0e00d8349a5722226", "date": 1589710333000, "env_name": "virtualenv-py3.8-stdpopsim", "python": "3.8", "profiles": {}, "started_at": {"benchmarks.DTWF.peakmem_human_chr22": 1602060318242, "benchmarks.DTWF.peakmem_large_population_size": 1602060354668, "benchmarks.DTWF.peakmem_long_sequence_length": 1602060366895, "benchmarks.DTWF.peakmem_many_replicates": 1602060379917, "benchmarks.DTWF.time_human_chr22": 1602060432045, "benchmarks.DTWF.time_large_population_size": 1602060468772, "benchmarks.DTWF.time_long_sequence_length": 1602060483509, "benchmarks.DTWF.time_many_replicates": 1602060496430, "benchmarks.Hudson.peakmem_human_chr22": 1602060548508, "benchmarks.Hudson.peakmem_large_sample_size": 1602060580023, "benchmarks.Hudson.peakmem_long_sequence_length": 1602060633373, "benchmarks.Hudson.peakmem_long_sequence_length_gene_conversion": 1602060682723, "benchmarks.Hudson.peakmem_many_replicates": 1602060732523, "benchmarks.Hudson.time_human_chr22": 1602060764372, "benchmarks.Hudson.time_large_sample_size": 1602060795987, "benchmarks.Hudson.time_long_sequence_length": 1602060848936, "benchmarks.Hudson.time_long_sequence_length_gene_conversion": 1602060898285, "benchmarks.Hudson.time_many_replicates": 1602060948235}, "ended_at": {"benchmarks.DTWF.peakmem_human_chr22": 1602060354668, "benchmarks.DTWF.peakmem_large_population_size": 1602060366895, "benchmarks.DTWF.peakmem_long_sequence_length": 1602060379917, "benchmarks.DTWF.peakmem_many_replicates": 1602060432045, "benchmarks.DTWF.time_human_chr22": 1602060468771, "benchmarks.DTWF.time_large_population_size": 1602060483508, "benchmarks.DTWF.time_long_sequence_length": 1602060496430, "benchmarks.DTWF.time_many_replicates": 1602060548508, "benchmarks.Hudson.peakmem_human_chr22": 1602060580023, "benchmarks.Hudson.peakmem_large_sample_size": 1602060633373, "benchmarks.Hudson.peakmem_long_sequence_length": 1602060682723, "benchmarks.Hudson.peakmem_long_sequence_length_gene_conversion": 1602060732523, "benchmarks.Hudson.peakmem_many_replicates": 1602060764372, "benchmarks.Hudson.time_human_chr22": 1602060795987, "benchmarks.Hudson.time_large_sample_size": 1602060848935, "benchmarks.Hudson.time_long_sequence_length": 1602060898285, "benchmarks.Hudson.time_long_sequence_length_gene_conversion": 1602060948235, "benchmarks.Hudson.time_many_replicates": 1602060979934}, "benchmark_version": {"benchmarks.DTWF.peakmem_human_chr22": "f848688127844489b5870c5598d06fc61bdb8c1a31b2c71741fb842ce4869124", "benchmarks.DTWF.peakmem_large_population_size": "1c54016f27b74e5d827e0cf71dee2587b99237d50e0c3aa5bfb1e9a54bedf712", "benchmarks.DTWF.peakmem_long_sequence_length": "72b4498a433ac926a303683be39aa07c206b25c22caa613088af6cbe51544ce9", "benchmarks.DTWF.peakmem_many_replicates": "8d591fe1a84bfd039f312aef953605c494b28ed3e3b28bd41773b5a6bbab8e13", "benchmarks.DTWF.time_human_chr22": "d016729b716d45e5a6cc8608ae18480b4f3d6192cc29f39ad8e06222786408c6", "benchmarks.DTWF.time_large_population_size": "5393d907eb6d9700c18c23789395c3a6a8aecf236b49983e2d955dccc6f793a3", "benchmarks.DTWF.time_long_sequence_length": "89860f21a2ad81e267314c086383279e852e4560e27f425d127937bd62fb83f9", "benchmarks.DTWF.time_many_replicates": "8f8fa44794e1a510a8052653f41596e3e11adbcdc838d7ca59f99bdb491be41b", "benchmarks.Hudson.peakmem_human_chr22": "20ef616d263e941e12a3089b8e8dbfee94d982362fe475e40174ebc3506b102a", "benchmarks.Hudson.peakmem_large_sample_size": "0b75d04c5ff9994c35ae62a490034e021485c38567b2699884e524931587881a", "benchmarks.Hudson.peakmem_long_sequence_length": "edd9dee8418f69b81347803203f176ff269220225a8939dc1c4bc1ab32289f94", "benchmarks.Hudson.peakmem_long_sequence_length_gene_conversion": "2236f20c5a4cc1e037abd099ce1f70d0dd2045a14914c96dcc48d0507f45e1da", "benchmarks.Hudson.peakmem_many_replicates": "b93569a722fa5396ed6631750fbdd02c7b47148d63973610f802eb69db85679e", "benchmarks.Hudson.time_human_chr22": "e648432b5c065478e09802f16a5658d37b625c204e147517826817bd6b04acb1", "benchmarks.Hudson.time_large_sample_size": "7bc273fa1975809170f8f4dd7776de03dd9993132a83866c1c135afe37e4d541", "benchmarks.Hudson.time_long_sequence_length": "0b6c7c537bd986f4e9c36c5549b8e939955cbd49901f29827e3ce763790fb3b7", "benchmarks.Hudson.time_long_sequence_length_gene_conversion": "19005a2b4b33b284a84cc0ad033e2d2c646f2d264fd59a5a55e3c2246a05851b", "benchmarks.Hudson.time_many_replicates": "c0f9f49074ade65f919a2db206a10f03ba6f5b53fa86dce2a6a32e96dd8a5067"}, "version": 1}