{"results": {"benchmarks.DTWF.peakmem_human_chr22": 107462656, "benchmarks.DTWF.peakmem_large_population_size": 54935552, "benchmarks.DTWF.peakmem_long_sequence_length": 57294848, "benchmarks.DTWF.peakmem_many_replicates": 46575616, "benchmarks.DTWF.time_human_chr22": {"result": [36.39669604698429], "stats": [{"ci_99": [-Infinity, Infinity], "q_25": 36.39669604698429, "q_75": 36.39669604698429, "min": 36.39669604698429, "max": 36.39669604698429, "mean": 36.39669604698429, "std": 0.0, "repeat": 1, "number": 1}]}, "benchmarks.DTWF.time_large_population_size": {"result": [11.64910123401205], "stats": [{"ci_99": [-Infinity, Infinity], "q_25": 11.64910123401205, "q_75": 11.64910123401205, "min": 11.64910123401205, "max": 11.64910123401205, "mean": 11.64910123401205, "std": 0.0, "repeat": 1, "number": 1}]}, "benchmarks.DTWF.time_long_sequence_length": {"result": [12.583120519993827], "stats": [{"ci_99": [-Infinity, Infinity], "q_25": 12.583120519993827, "q_75": 12.583120519993827, "min": 12.583120519993827, "max": 12.583120519993827, "mean": 12.583120519993827, "std": 0.0, "repeat": 1, "number": 1}]}, "benchmarks.DTWF.time_many_replicates": {"result": [51.45899835898308], "stats": [{"ci_99": [-Infinity, Infinity], "q_25": 51.45899835898308, "q_75": 51.45899835898308, "min": 51.45899835898308, "max": 51.45899835898308, "mean": 51.45899835898308, "std": 0.0, "repeat": 1, "number": 1}]}, "benchmarks.Hudson.peakmem_human_chr22": 141930496, "benchmarks.Hudson.peakmem_large_sample_size": 821731328, "benchmarks.Hudson.peakmem_long_sequence_length": 167407616, "benchmarks.Hudson.peakmem_long_sequence_length_gene_conversion": 169115648, "benchmarks.Hudson.peakmem_many_replicates": 46727168, "benchmarks.Hudson.time_human_chr22": {"result": [31.824609781004256], "stats": [{"ci_99": [-Infinity, Infinity], "q_25": 31.824609781004256, "q_75": 31.824609781004256, "min": 31.824609781004256, "max": 31.824609781004256, "mean": 31.824609781004256, "std": 0.0, "repeat": 1, "number": 1}]}, "benchmarks.Hudson.time_large_sample_size": {"result": [55.08076356400852], "stats": [{"ci_99": [-Infinity, Infinity], "q_25": 55.08076356400852, "q_75": 55.08076356400852, "min": 55.08076356400852, "max": 55.08076356400852, "mean": 55.08076356400852, "std": 0.0, "repeat": 1, "number": 1}]}, "benchmarks.Hudson.time_long_sequence_length": {"result": [49.286453279986745], "stats": [{"ci_99": [-Infinity, Infinity], "q_25": 49.286453279986745, "q_75": 49.286453279986745, "min": 49.286453279986745, "max": 49.286453279986745, "mean": 49.286453279986745, "std": 0.0, "repeat": 1, "number": 1}]}, "benchmarks.Hudson.time_long_sequence_length_gene_conversion": {"result": [50.17038697999669], "stats": [{"ci_99": [-Infinity, Infinity], "q_25": 50.17038697999669, "q_75": 50.17038697999669, "min": 50.17038697999669, "max": 50.17038697999669, "mean": 50.17038697999669, "std": 0.0, "repeat": 1, "number": 1}]}, "benchmarks.Hudson.time_many_replicates": {"result": [31.562977038993267], "stats": [{"ci_99": [-Infinity, Infinity], "q_25": 31.562977038993267, "q_75": 31.562977038993267, "min": 31.562977038993267, "max": 31.562977038993267, "mean": 31.562977038993267, "std": 0.0, "repeat": 1, "number": 1}]}}, "params": {"arch": "x86_64", "cpu": "Intel(R) Core(TM) i5-3317U CPU @ 1.70GHz", "machine": "poplar", "num_cpu": "4", "os": "Linux 3.13.0-24-generic", "ram": "3931396", "python": "3.8", "stdpopsim": ""}, "requirements": {"stdpopsim": ""}, "commit_hash": "cf58c8cfe15532a53db5db4ee333fd45b98400b5", "date": 1591807918000, "env_name": "virtualenv-py3.8-stdpopsim", "python": "3.8", "profiles": {}, "started_at": {"benchmarks.DTWF.peakmem_human_chr22": 1602046607893, "benchmarks.DTWF.peakmem_large_population_size": 1602046647074, "benchmarks.DTWF.peakmem_long_sequence_length": 1602046658851, "benchmarks.DTWF.peakmem_many_replicates": 1602046671521, "benchmarks.DTWF.time_human_chr22": 1602046722898, "benchmarks.DTWF.time_large_population_size": 1602046759424, "benchmarks.DTWF.time_long_sequence_length": 1602046771200, "benchmarks.DTWF.time_many_replicates": 1602046783921, "benchmarks.Hudson.peakmem_human_chr22": 1602046835499, "benchmarks.Hudson.peakmem_large_sample_size": 1602046868315, "benchmarks.Hudson.peakmem_long_sequence_length": 1602046921567, "benchmarks.Hudson.peakmem_long_sequence_length_gene_conversion": 1602046970565, "benchmarks.Hudson.peakmem_many_replicates": 1602047020265, "benchmarks.Hudson.time_human_chr22": 1602047051713, "benchmarks.Hudson.time_large_sample_size": 1602047083627, "benchmarks.Hudson.time_long_sequence_length": 1602047138830, "benchmarks.Hudson.time_long_sequence_length_gene_conversion": 1602047188223, "benchmarks.Hudson.time_many_replicates": 1602047238522}, "ended_at": {"benchmarks.DTWF.peakmem_human_chr22": 1602046647074, "benchmarks.DTWF.peakmem_large_population_size": 1602046658850, "benchmarks.DTWF.peakmem_long_sequence_length": 1602046671521, "benchmarks.DTWF.peakmem_many_replicates": 1602046722898, "benchmarks.DTWF.time_human_chr22": 1602046759424, "benchmarks.DTWF.time_large_population_size": 1602046771200, "benchmarks.DTWF.time_long_sequence_length": 1602046783921, "benchmarks.DTWF.time_many_replicates": 1602046835498, "benchmarks.Hudson.peakmem_human_chr22": 1602046868315, "benchmarks.Hudson.peakmem_large_sample_size": 1602046921567, "benchmarks.Hudson.peakmem_long_sequence_length": 1602046970565, "benchmarks.Hudson.peakmem_long_sequence_length_gene_conversion": 1602047020264, "benchmarks.Hudson.peakmem_many_replicates": 1602047051712, "benchmarks.Hudson.time_human_chr22": 1602047083627, "benchmarks.Hudson.time_large_sample_size": 1602047138830, "benchmarks.Hudson.time_long_sequence_length": 1602047188223, "benchmarks.Hudson.time_long_sequence_length_gene_conversion": 1602047238521, "benchmarks.Hudson.time_many_replicates": 1602047270220}, "benchmark_version": {"benchmarks.DTWF.peakmem_human_chr22": "f848688127844489b5870c5598d06fc61bdb8c1a31b2c71741fb842ce4869124", "benchmarks.DTWF.peakmem_large_population_size": "1c54016f27b74e5d827e0cf71dee2587b99237d50e0c3aa5bfb1e9a54bedf712", "benchmarks.DTWF.peakmem_long_sequence_length": "72b4498a433ac926a303683be39aa07c206b25c22caa613088af6cbe51544ce9", "benchmarks.DTWF.peakmem_many_replicates": "8d591fe1a84bfd039f312aef953605c494b28ed3e3b28bd41773b5a6bbab8e13", "benchmarks.DTWF.time_human_chr22": "d016729b716d45e5a6cc8608ae18480b4f3d6192cc29f39ad8e06222786408c6", "benchmarks.DTWF.time_large_population_size": "5393d907eb6d9700c18c23789395c3a6a8aecf236b49983e2d955dccc6f793a3", "benchmarks.DTWF.time_long_sequence_length": "89860f21a2ad81e267314c086383279e852e4560e27f425d127937bd62fb83f9", "benchmarks.DTWF.time_many_replicates": "8f8fa44794e1a510a8052653f41596e3e11adbcdc838d7ca59f99bdb491be41b", "benchmarks.Hudson.peakmem_human_chr22": "20ef616d263e941e12a3089b8e8dbfee94d982362fe475e40174ebc3506b102a", "benchmarks.Hudson.peakmem_large_sample_size": "0b75d04c5ff9994c35ae62a490034e021485c38567b2699884e524931587881a", "benchmarks.Hudson.peakmem_long_sequence_length": "edd9dee8418f69b81347803203f176ff269220225a8939dc1c4bc1ab32289f94", "benchmarks.Hudson.peakmem_long_sequence_length_gene_conversion": "2236f20c5a4cc1e037abd099ce1f70d0dd2045a14914c96dcc48d0507f45e1da", "benchmarks.Hudson.peakmem_many_replicates": "b93569a722fa5396ed6631750fbdd02c7b47148d63973610f802eb69db85679e", "benchmarks.Hudson.time_human_chr22": "e648432b5c065478e09802f16a5658d37b625c204e147517826817bd6b04acb1", "benchmarks.Hudson.time_large_sample_size": "7bc273fa1975809170f8f4dd7776de03dd9993132a83866c1c135afe37e4d541", "benchmarks.Hudson.time_long_sequence_length": "0b6c7c537bd986f4e9c36c5549b8e939955cbd49901f29827e3ce763790fb3b7", "benchmarks.Hudson.time_long_sequence_length_gene_conversion": "19005a2b4b33b284a84cc0ad033e2d2c646f2d264fd59a5a55e3c2246a05851b", "benchmarks.Hudson.time_many_replicates": "c0f9f49074ade65f919a2db206a10f03ba6f5b53fa86dce2a6a32e96dd8a5067"}, "version": 1}