{"results": {"benchmarks.DTWF.peakmem_human_chr22": 107311104, "benchmarks.DTWF.peakmem_large_population_size": 53219328, "benchmarks.DTWF.peakmem_long_sequence_length": 57368576, "benchmarks.DTWF.peakmem_many_replicates": 45973504, "benchmarks.DTWF.time_human_chr22": {"result": [37.18523727499996], "stats": [{"ci_99": [-Infinity, Infinity], "q_25": 37.18523727499996, "q_75": 37.18523727499996, "min": 37.18523727499996, "max": 37.18523727499996, "mean": 37.18523727499996, "std": 0.0, "repeat": 1, "number": 1}]}, "benchmarks.DTWF.time_large_population_size": {"result": [11.262500696990173], "stats": [{"ci_99": [-Infinity, Infinity], "q_25": 11.262500696990173, "q_75": 11.262500696990173, "min": 11.262500696990173, "max": 11.262500696990173, "mean": 11.262500696990173, "std": 0.0, "repeat": 1, "number": 1}]}, "benchmarks.DTWF.time_long_sequence_length": {"result": [12.330615926999599], "stats": [{"ci_99": [-Infinity, Infinity], "q_25": 12.330615926999599, "q_75": 12.330615926999599, "min": 12.330615926999599, "max": 12.330615926999599, "mean": 12.330615926999599, "std": 0.0, "repeat": 1, "number": 1}]}, "benchmarks.DTWF.time_many_replicates": {"result": [52.27517905298737], "stats": [{"ci_99": [-Infinity, Infinity], "q_25": 52.27517905298737, "q_75": 52.27517905298737, "min": 52.27517905298737, "max": 52.27517905298737, "mean": 52.27517905298737, "std": 0.0, "repeat": 1, "number": 1}]}, "benchmarks.Hudson.peakmem_human_chr22": 143294464, "benchmarks.Hudson.peakmem_large_sample_size": 842571776, "benchmarks.Hudson.peakmem_long_sequence_length": 167071744, "benchmarks.Hudson.peakmem_long_sequence_length_gene_conversion": 170889216, "benchmarks.Hudson.peakmem_many_replicates": 46166016, "benchmarks.Hudson.time_human_chr22": {"result": [32.08590345000266], "stats": [{"ci_99": [-Infinity, Infinity], "q_25": 32.08590345000266, "q_75": 32.08590345000266, "min": 32.08590345000266, "max": 32.08590345000266, "mean": 32.08590345000266, "std": 0.0, "repeat": 1, "number": 1}]}, "benchmarks.Hudson.time_large_sample_size": {"result": [56.42197178999777], "stats": [{"ci_99": [-Infinity, Infinity], "q_25": 56.42197178999777, "q_75": 56.42197178999777, "min": 56.42197178999777, "max": 56.42197178999777, "mean": 56.42197178999777, "std": 0.0, "repeat": 1, "number": 1}]}, "benchmarks.Hudson.time_long_sequence_length": {"result": [49.0431658430025], "stats": [{"ci_99": [-Infinity, Infinity], "q_25": 49.0431658430025, "q_75": 49.0431658430025, "min": 49.0431658430025, "max": 49.0431658430025, "mean": 49.0431658430025, "std": 0.0, "repeat": 1, "number": 1}]}, "benchmarks.Hudson.time_long_sequence_length_gene_conversion": {"result": [50.43349268499878], "stats": [{"ci_99": [-Infinity, Infinity], "q_25": 50.43349268499878, "q_75": 50.43349268499878, "min": 50.43349268499878, "max": 50.43349268499878, "mean": 50.43349268499878, "std": 0.0, "repeat": 1, "number": 1}]}, "benchmarks.Hudson.time_many_replicates": {"result": [32.55541221500607], "stats": [{"ci_99": [-Infinity, Infinity], "q_25": 32.55541221500607, "q_75": 32.55541221500607, "min": 32.55541221500607, "max": 32.55541221500607, "mean": 32.55541221500607, "std": 0.0, "repeat": 1, "number": 1}]}}, "params": {"arch": "x86_64", "cpu": "Intel(R) Core(TM) i5-3317U CPU @ 1.70GHz", "machine": "poplar", "num_cpu": "4", "os": "Linux 3.13.0-24-generic", "ram": "3931396", "python": "3.8", "stdpopsim": ""}, "requirements": {"stdpopsim": ""}, "commit_hash": "cfc263e911a093df9a5f2a08992730e260e6a350", "date": 1594304241000, "env_name": "virtualenv-py3.8-stdpopsim", "python": "3.8", "profiles": {}, "started_at": {"benchmarks.DTWF.peakmem_human_chr22": 1602030836858, "benchmarks.DTWF.peakmem_large_population_size": 1602030873684, "benchmarks.DTWF.peakmem_long_sequence_length": 1602030885060, "benchmarks.DTWF.peakmem_many_replicates": 1602030897480, "benchmarks.DTWF.time_human_chr22": 1602030949809, "benchmarks.DTWF.time_large_population_size": 1602030987136, "benchmarks.DTWF.time_long_sequence_length": 1602030998511, "benchmarks.DTWF.time_many_replicates": 1602031010982, "benchmarks.Hudson.peakmem_human_chr22": 1602031063360, "benchmarks.Hudson.peakmem_large_sample_size": 1602031095977, "benchmarks.Hudson.peakmem_long_sequence_length": 1602031149125, "benchmarks.Hudson.peakmem_long_sequence_length_gene_conversion": 1602031198675, "benchmarks.Hudson.peakmem_many_replicates": 1602031249226, "benchmarks.Hudson.time_human_chr22": 1602031282026, "benchmarks.Hudson.time_large_sample_size": 1602031314242, "benchmarks.Hudson.time_long_sequence_length": 1602031370796, "benchmarks.Hudson.time_long_sequence_length_gene_conversion": 1602031419944, "benchmarks.Hudson.time_many_replicates": 1602031470496}, "ended_at": {"benchmarks.DTWF.peakmem_human_chr22": 1602030873684, "benchmarks.DTWF.peakmem_large_population_size": 1602030885060, "benchmarks.DTWF.peakmem_long_sequence_length": 1602030897480, "benchmarks.DTWF.peakmem_many_replicates": 1602030949808, "benchmarks.DTWF.time_human_chr22": 1602030987135, "benchmarks.DTWF.time_large_population_size": 1602030998511, "benchmarks.DTWF.time_long_sequence_length": 1602031010981, "benchmarks.DTWF.time_many_replicates": 1602031063360, "benchmarks.Hudson.peakmem_human_chr22": 1602031095977, "benchmarks.Hudson.peakmem_large_sample_size": 1602031149125, "benchmarks.Hudson.peakmem_long_sequence_length": 1602031198674, "benchmarks.Hudson.peakmem_long_sequence_length_gene_conversion": 1602031249226, "benchmarks.Hudson.peakmem_many_replicates": 1602031282026, "benchmarks.Hudson.time_human_chr22": 1602031314241, "benchmarks.Hudson.time_large_sample_size": 1602031370796, "benchmarks.Hudson.time_long_sequence_length": 1602031419943, "benchmarks.Hudson.time_long_sequence_length_gene_conversion": 1602031470495, "benchmarks.Hudson.time_many_replicates": 1602031503196}, "benchmark_version": {"benchmarks.DTWF.peakmem_human_chr22": "f848688127844489b5870c5598d06fc61bdb8c1a31b2c71741fb842ce4869124", "benchmarks.DTWF.peakmem_large_population_size": "1c54016f27b74e5d827e0cf71dee2587b99237d50e0c3aa5bfb1e9a54bedf712", "benchmarks.DTWF.peakmem_long_sequence_length": "72b4498a433ac926a303683be39aa07c206b25c22caa613088af6cbe51544ce9", "benchmarks.DTWF.peakmem_many_replicates": "8d591fe1a84bfd039f312aef953605c494b28ed3e3b28bd41773b5a6bbab8e13", "benchmarks.DTWF.time_human_chr22": "d016729b716d45e5a6cc8608ae18480b4f3d6192cc29f39ad8e06222786408c6", "benchmarks.DTWF.time_large_population_size": "5393d907eb6d9700c18c23789395c3a6a8aecf236b49983e2d955dccc6f793a3", "benchmarks.DTWF.time_long_sequence_length": "89860f21a2ad81e267314c086383279e852e4560e27f425d127937bd62fb83f9", "benchmarks.DTWF.time_many_replicates": "8f8fa44794e1a510a8052653f41596e3e11adbcdc838d7ca59f99bdb491be41b", "benchmarks.Hudson.peakmem_human_chr22": "20ef616d263e941e12a3089b8e8dbfee94d982362fe475e40174ebc3506b102a", "benchmarks.Hudson.peakmem_large_sample_size": "0b75d04c5ff9994c35ae62a490034e021485c38567b2699884e524931587881a", "benchmarks.Hudson.peakmem_long_sequence_length": "edd9dee8418f69b81347803203f176ff269220225a8939dc1c4bc1ab32289f94", "benchmarks.Hudson.peakmem_long_sequence_length_gene_conversion": "2236f20c5a4cc1e037abd099ce1f70d0dd2045a14914c96dcc48d0507f45e1da", "benchmarks.Hudson.peakmem_many_replicates": "b93569a722fa5396ed6631750fbdd02c7b47148d63973610f802eb69db85679e", "benchmarks.Hudson.time_human_chr22": "e648432b5c065478e09802f16a5658d37b625c204e147517826817bd6b04acb1", "benchmarks.Hudson.time_large_sample_size": "7bc273fa1975809170f8f4dd7776de03dd9993132a83866c1c135afe37e4d541", "benchmarks.Hudson.time_long_sequence_length": "0b6c7c537bd986f4e9c36c5549b8e939955cbd49901f29827e3ce763790fb3b7", "benchmarks.Hudson.time_long_sequence_length_gene_conversion": "19005a2b4b33b284a84cc0ad033e2d2c646f2d264fd59a5a55e3c2246a05851b", "benchmarks.Hudson.time_many_replicates": "c0f9f49074ade65f919a2db206a10f03ba6f5b53fa86dce2a6a32e96dd8a5067"}, "version": 1}