{"results": {"benchmarks.DTWF.peakmem_human_chr22": 104198144, "benchmarks.DTWF.peakmem_large_population_size": null, "benchmarks.DTWF.peakmem_long_sequence_length": 58335232, "benchmarks.DTWF.peakmem_many_replicates": null, "benchmarks.DTWF.time_human_chr22": {"result": [88.41967708599987], "stats": [{"ci_99": [-Infinity, Infinity], "q_25": 88.41967708599987, "q_75": 88.41967708599987, "min": 88.41967708599987, "max": 88.41967708599987, "mean": 88.41967708599987, "std": 0.0, "repeat": 1, "number": 1}]}, "benchmarks.DTWF.time_large_population_size": null, "benchmarks.DTWF.time_long_sequence_length": {"result": [95.97674231400015], "stats": [{"ci_99": [-Infinity, Infinity], "q_25": 95.97674231400015, "q_75": 95.97674231400015, "min": 95.97674231400015, "max": 95.97674231400015, "mean": 95.97674231400015, "std": 0.0, "repeat": 1, "number": 1}]}, "benchmarks.DTWF.time_many_replicates": null, "benchmarks.Hudson.peakmem_human_chr22": 134909952, "benchmarks.Hudson.peakmem_large_sample_size": 835776512, "benchmarks.Hudson.peakmem_long_sequence_length": 166703104, "benchmarks.Hudson.peakmem_long_sequence_length_gene_conversion": 166703104, "benchmarks.Hudson.peakmem_many_replicates": 43679744, "benchmarks.Hudson.time_human_chr22": {"result": [30.83620089897886], "stats": [{"ci_99": [-Infinity, Infinity], "q_25": 30.83620089897886, "q_75": 30.83620089897886, "min": 30.83620089897886, "max": 30.83620089897886, "mean": 30.83620089897886, "std": 0.0, "repeat": 1, "number": 1}]}, "benchmarks.Hudson.time_large_sample_size": {"result": [50.98568001698004], "stats": [{"ci_99": [-Infinity, Infinity], "q_25": 50.98568001698004, "q_75": 50.98568001698004, "min": 50.98568001698004, "max": 50.98568001698004, "mean": 50.98568001698004, "std": 0.0, "repeat": 1, "number": 1}]}, "benchmarks.Hudson.time_long_sequence_length": {"result": [50.62049325497355], "stats": [{"ci_99": [-Infinity, Infinity], "q_25": 50.62049325497355, "q_75": 50.62049325497355, "min": 50.62049325497355, "max": 50.62049325497355, "mean": 50.62049325497355, "std": 0.0, "repeat": 1, "number": 1}]}, "benchmarks.Hudson.time_long_sequence_length_gene_conversion": {"result": [51.28491832403233], "stats": [{"ci_99": [-Infinity, Infinity], "q_25": 51.28491832403233, "q_75": 51.28491832403233, "min": 51.28491832403233, "max": 51.28491832403233, "mean": 51.28491832403233, "std": 0.0, "repeat": 1, "number": 1}]}, "benchmarks.Hudson.time_many_replicates": {"result": [30.680565070011653], "stats": [{"ci_99": [-Infinity, Infinity], "q_25": 30.680565070011653, "q_75": 30.680565070011653, "min": 30.680565070011653, "max": 30.680565070011653, "mean": 30.680565070011653, "std": 0.0, "repeat": 1, "number": 1}]}}, "params": {"arch": "x86_64", "cpu": "Intel(R) Core(TM) i5-3317U CPU @ 1.70GHz", "machine": "poplar", "num_cpu": "4", "os": "Linux 3.13.0-24-generic", "ram": "3931396", "python": "3.8", "stdpopsim": ""}, "requirements": {"stdpopsim": ""}, "commit_hash": "d1bfd5dfbcfc1ca4ddb3aba2fd4eb6c384d50dc8", "date": 1582562082000, "env_name": "virtualenv-py3.8-stdpopsim", "python": "3.8", "profiles": {}, "started_at": {"benchmarks.DTWF.peakmem_human_chr22": 1602114267565, "benchmarks.DTWF.peakmem_large_population_size": 1602114358702, "benchmarks.DTWF.peakmem_long_sequence_length": 1602114478764, "benchmarks.DTWF.peakmem_many_replicates": 1602114575055, "benchmarks.DTWF.time_human_chr22": 1602114695130, "benchmarks.DTWF.time_large_population_size": 1602114783660, "benchmarks.DTWF.time_long_sequence_length": 1602114903721, "benchmarks.DTWF.time_many_replicates": 1602114999812, "benchmarks.Hudson.peakmem_human_chr22": 1602115119888, "benchmarks.Hudson.peakmem_large_sample_size": 1602115152054, "benchmarks.Hudson.peakmem_long_sequence_length": 1602115204503, "benchmarks.Hudson.peakmem_long_sequence_length_gene_conversion": 1602115254704, "benchmarks.Hudson.peakmem_many_replicates": 1602115305556, "benchmarks.Hudson.time_human_chr22": 1602115336453, "benchmarks.Hudson.time_large_sample_size": 1602115367416, "benchmarks.Hudson.time_long_sequence_length": 1602115418511, "benchmarks.Hudson.time_long_sequence_length_gene_conversion": 1602115469263, "benchmarks.Hudson.time_many_replicates": 1602115520668}, "ended_at": {"benchmarks.DTWF.peakmem_human_chr22": 1602114358702, "benchmarks.DTWF.peakmem_large_population_size": 1602114478763, "benchmarks.DTWF.peakmem_long_sequence_length": 1602114575055, "benchmarks.DTWF.peakmem_many_replicates": 1602114695130, "benchmarks.DTWF.time_human_chr22": 1602114783660, "benchmarks.DTWF.time_large_population_size": 1602114903721, "benchmarks.DTWF.time_long_sequence_length": 1602114999812, "benchmarks.DTWF.time_many_replicates": 1602115119888, "benchmarks.Hudson.peakmem_human_chr22": 1602115152054, "benchmarks.Hudson.peakmem_large_sample_size": 1602115204503, "benchmarks.Hudson.peakmem_long_sequence_length": 1602115254704, "benchmarks.Hudson.peakmem_long_sequence_length_gene_conversion": 1602115305555, "benchmarks.Hudson.peakmem_many_replicates": 1602115336453, "benchmarks.Hudson.time_human_chr22": 1602115367416, "benchmarks.Hudson.time_large_sample_size": 1602115418511, "benchmarks.Hudson.time_long_sequence_length": 1602115469263, "benchmarks.Hudson.time_long_sequence_length_gene_conversion": 1602115520667, "benchmarks.Hudson.time_many_replicates": 1602115551464}, "benchmark_version": {"benchmarks.DTWF.peakmem_human_chr22": "f848688127844489b5870c5598d06fc61bdb8c1a31b2c71741fb842ce4869124", "benchmarks.DTWF.peakmem_large_population_size": "1c54016f27b74e5d827e0cf71dee2587b99237d50e0c3aa5bfb1e9a54bedf712", "benchmarks.DTWF.peakmem_long_sequence_length": "72b4498a433ac926a303683be39aa07c206b25c22caa613088af6cbe51544ce9", "benchmarks.DTWF.peakmem_many_replicates": "8d591fe1a84bfd039f312aef953605c494b28ed3e3b28bd41773b5a6bbab8e13", "benchmarks.DTWF.time_human_chr22": "d016729b716d45e5a6cc8608ae18480b4f3d6192cc29f39ad8e06222786408c6", "benchmarks.DTWF.time_large_population_size": "5393d907eb6d9700c18c23789395c3a6a8aecf236b49983e2d955dccc6f793a3", "benchmarks.DTWF.time_long_sequence_length": "89860f21a2ad81e267314c086383279e852e4560e27f425d127937bd62fb83f9", "benchmarks.DTWF.time_many_replicates": "8f8fa44794e1a510a8052653f41596e3e11adbcdc838d7ca59f99bdb491be41b", "benchmarks.Hudson.peakmem_human_chr22": "20ef616d263e941e12a3089b8e8dbfee94d982362fe475e40174ebc3506b102a", "benchmarks.Hudson.peakmem_large_sample_size": "0b75d04c5ff9994c35ae62a490034e021485c38567b2699884e524931587881a", "benchmarks.Hudson.peakmem_long_sequence_length": "edd9dee8418f69b81347803203f176ff269220225a8939dc1c4bc1ab32289f94", "benchmarks.Hudson.peakmem_long_sequence_length_gene_conversion": "2236f20c5a4cc1e037abd099ce1f70d0dd2045a14914c96dcc48d0507f45e1da", "benchmarks.Hudson.peakmem_many_replicates": "b93569a722fa5396ed6631750fbdd02c7b47148d63973610f802eb69db85679e", "benchmarks.Hudson.time_human_chr22": "e648432b5c065478e09802f16a5658d37b625c204e147517826817bd6b04acb1", "benchmarks.Hudson.time_large_sample_size": "7bc273fa1975809170f8f4dd7776de03dd9993132a83866c1c135afe37e4d541", "benchmarks.Hudson.time_long_sequence_length": "0b6c7c537bd986f4e9c36c5549b8e939955cbd49901f29827e3ce763790fb3b7", "benchmarks.Hudson.time_long_sequence_length_gene_conversion": "19005a2b4b33b284a84cc0ad033e2d2c646f2d264fd59a5a55e3c2246a05851b", "benchmarks.Hudson.time_many_replicates": "c0f9f49074ade65f919a2db206a10f03ba6f5b53fa86dce2a6a32e96dd8a5067"}, "version": 1}