{"results": {"benchmarks.DTWF.peakmem_human_chr22": 110112768, "benchmarks.DTWF.peakmem_large_population_size": 55361536, "benchmarks.DTWF.peakmem_long_sequence_length": 47390720, "benchmarks.DTWF.peakmem_many_replicates": 46858240, "benchmarks.DTWF.time_human_chr22": {"result": [32.69300772099996], "stats": [{"ci_99": [-Infinity, Infinity], "q_25": 32.69300772099996, "q_75": 32.69300772099996, "min": 32.69300772099996, "max": 32.69300772099996, "mean": 32.69300772099996, "std": 0.0, "repeat": 1, "number": 1}]}, "benchmarks.DTWF.time_large_population_size": {"result": [10.913112117999844], "stats": [{"ci_99": [-Infinity, Infinity], "q_25": 10.913112117999844, "q_75": 10.913112117999844, "min": 10.913112117999844, "max": 10.913112117999844, "mean": 10.913112117999844, "std": 0.0, "repeat": 1, "number": 1}]}, "benchmarks.DTWF.time_long_sequence_length": {"result": [0.11240149400146038], "stats": [{"ci_99": [-Infinity, Infinity], "q_25": 0.11240149400146038, "q_75": 0.11240149400146038, "min": 0.11240149400146038, "max": 0.11240149400146038, "mean": 0.11240149400146038, "std": 0.0, "repeat": 1, "number": 1}]}, "benchmarks.DTWF.time_many_replicates": {"result": [47.41700553999908], "stats": [{"ci_99": [-Infinity, Infinity], "q_25": 47.41700553999908, "q_75": 47.41700553999908, "min": 47.41700553999908, "max": 47.41700553999908, "mean": 47.41700553999908, "std": 0.0, "repeat": 1, "number": 1}]}, "benchmarks.Hudson.peakmem_human_chr22": 146915328, "benchmarks.Hudson.peakmem_large_sample_size": 850898944, "benchmarks.Hudson.peakmem_long_sequence_length": 172601344, "benchmarks.Hudson.peakmem_many_replicates": 46641152, "benchmarks.Hudson.time_human_chr22": {"result": [56.29933031899964], "stats": [{"ci_99": [-Infinity, Infinity], "q_25": 56.29933031899964, "q_75": 56.29933031899964, "min": 56.29933031899964, "max": 56.29933031899964, "mean": 56.29933031899964, "std": 0.0, "repeat": 1, "number": 1}]}, "benchmarks.Hudson.time_large_sample_size": {"result": [69.33666622899909], "stats": [{"ci_99": [-Infinity, Infinity], "q_25": 69.33666622899909, "q_75": 69.33666622899909, "min": 69.33666622899909, "max": 69.33666622899909, "mean": 69.33666622899909, "std": 0.0, "repeat": 1, "number": 1}]}, "benchmarks.Hudson.time_long_sequence_length": {"result": [52.2340048799997], "stats": [{"ci_99": [-Infinity, Infinity], "q_25": 52.2340048799997, "q_75": 52.2340048799997, "min": 52.2340048799997, "max": 52.2340048799997, "mean": 52.2340048799997, "std": 0.0, "repeat": 1, "number": 1}]}, "benchmarks.Hudson.time_many_replicates": {"result": [28.628638748999947], "stats": [{"ci_99": [-Infinity, Infinity], "q_25": 28.628638748999947, "q_75": 28.628638748999947, "min": 28.628638748999947, "max": 28.628638748999947, "mean": 28.628638748999947, "std": 0.0, "repeat": 1, "number": 1}]}, "benchmarks.Hudson.peakmem_long_sequence_length_gene_conversion": 174223360, "benchmarks.Hudson.time_long_sequence_length_gene_conversion": {"result": [51.326165008002135], "stats": [{"ci_99": [-Infinity, Infinity], "q_25": 51.326165008002135, "q_75": 51.326165008002135, "min": 51.326165008002135, "max": 51.326165008002135, "mean": 51.326165008002135, "std": 0.0, "repeat": 1, "number": 1}]}}, "params": {"arch": "x86_64", "cpu": "Intel(R) Core(TM) i5-3317U CPU @ 1.70GHz", "machine": "poplar", "num_cpu": "4", "os": "Linux 3.13.0-24-generic", "ram": "3931396", "python": "3.8", "stdpopsim": ""}, "requirements": {"stdpopsim": ""}, "commit_hash": "d8fa22731ca98e6ddb0da07f6177473de72eaade", "date": 1601295849000, "env_name": "virtualenv-py3.8-stdpopsim", "python": "3.8", "profiles": {}, "started_at": {"benchmarks.DTWF.peakmem_human_chr22": 1601467636046, "benchmarks.DTWF.peakmem_large_population_size": 1601467667161, "benchmarks.DTWF.peakmem_long_sequence_length": 1601467678637, "benchmarks.DTWF.peakmem_many_replicates": 1601467679340, "benchmarks.DTWF.time_human_chr22": 1601467727214, "benchmarks.DTWF.time_large_population_size": 1601467760482, "benchmarks.DTWF.time_long_sequence_length": 1601467772008, "benchmarks.DTWF.time_many_replicates": 1601467772712, "benchmarks.Hudson.peakmem_human_chr22": 1601467820735, "benchmarks.Hudson.peakmem_large_sample_size": 1601467877798, "benchmarks.Hudson.peakmem_long_sequence_length": 1601467947720, "benchmarks.Hudson.peakmem_many_replicates": 1601468000475, "benchmarks.Hudson.time_human_chr22": 1601468029520, "benchmarks.Hudson.time_large_sample_size": 1601468086383, "benchmarks.Hudson.time_long_sequence_length": 1601468156305, "benchmarks.Hudson.time_many_replicates": 1601468209110, "benchmarks.Hudson.peakmem_long_sequence_length_gene_conversion": 1601474048289, "benchmarks.Hudson.time_long_sequence_length_gene_conversion": 1601474099791}, "ended_at": {"benchmarks.DTWF.peakmem_human_chr22": 1601467667161, "benchmarks.DTWF.peakmem_large_population_size": 1601467678637, "benchmarks.DTWF.peakmem_long_sequence_length": 1601467679340, "benchmarks.DTWF.peakmem_many_replicates": 1601467727213, "benchmarks.DTWF.time_human_chr22": 1601467760482, "benchmarks.DTWF.time_large_population_size": 1601467772008, "benchmarks.DTWF.time_long_sequence_length": 1601467772711, "benchmarks.DTWF.time_many_replicates": 1601467820734, "benchmarks.Hudson.peakmem_human_chr22": 1601467877798, "benchmarks.Hudson.peakmem_large_sample_size": 1601467947720, "benchmarks.Hudson.peakmem_long_sequence_length": 1601468000475, "benchmarks.Hudson.peakmem_many_replicates": 1601468029520, "benchmarks.Hudson.time_human_chr22": 1601468086382, "benchmarks.Hudson.time_large_sample_size": 1601468156305, "benchmarks.Hudson.time_long_sequence_length": 1601468209110, "benchmarks.Hudson.time_many_replicates": 1601468238305, "benchmarks.Hudson.peakmem_long_sequence_length_gene_conversion": 1601474099790, "benchmarks.Hudson.time_long_sequence_length_gene_conversion": 1601474151743}, "benchmark_version": {"benchmarks.DTWF.peakmem_human_chr22": "f848688127844489b5870c5598d06fc61bdb8c1a31b2c71741fb842ce4869124", "benchmarks.DTWF.peakmem_large_population_size": "1c54016f27b74e5d827e0cf71dee2587b99237d50e0c3aa5bfb1e9a54bedf712", "benchmarks.DTWF.peakmem_long_sequence_length": "72b4498a433ac926a303683be39aa07c206b25c22caa613088af6cbe51544ce9", "benchmarks.DTWF.peakmem_many_replicates": "8d591fe1a84bfd039f312aef953605c494b28ed3e3b28bd41773b5a6bbab8e13", "benchmarks.DTWF.time_human_chr22": "d016729b716d45e5a6cc8608ae18480b4f3d6192cc29f39ad8e06222786408c6", "benchmarks.DTWF.time_large_population_size": "5393d907eb6d9700c18c23789395c3a6a8aecf236b49983e2d955dccc6f793a3", "benchmarks.DTWF.time_long_sequence_length": "89860f21a2ad81e267314c086383279e852e4560e27f425d127937bd62fb83f9", "benchmarks.DTWF.time_many_replicates": "8f8fa44794e1a510a8052653f41596e3e11adbcdc838d7ca59f99bdb491be41b", "benchmarks.Hudson.peakmem_human_chr22": "20ef616d263e941e12a3089b8e8dbfee94d982362fe475e40174ebc3506b102a", "benchmarks.Hudson.peakmem_large_sample_size": "0b75d04c5ff9994c35ae62a490034e021485c38567b2699884e524931587881a", "benchmarks.Hudson.peakmem_long_sequence_length": "edd9dee8418f69b81347803203f176ff269220225a8939dc1c4bc1ab32289f94", "benchmarks.Hudson.peakmem_many_replicates": "b93569a722fa5396ed6631750fbdd02c7b47148d63973610f802eb69db85679e", "benchmarks.Hudson.time_human_chr22": "e648432b5c065478e09802f16a5658d37b625c204e147517826817bd6b04acb1", "benchmarks.Hudson.time_large_sample_size": "7bc273fa1975809170f8f4dd7776de03dd9993132a83866c1c135afe37e4d541", "benchmarks.Hudson.time_long_sequence_length": "0b6c7c537bd986f4e9c36c5549b8e939955cbd49901f29827e3ce763790fb3b7", "benchmarks.Hudson.time_many_replicates": "c0f9f49074ade65f919a2db206a10f03ba6f5b53fa86dce2a6a32e96dd8a5067", "benchmarks.Hudson.peakmem_long_sequence_length_gene_conversion": "2236f20c5a4cc1e037abd099ce1f70d0dd2045a14914c96dcc48d0507f45e1da", "benchmarks.Hudson.time_long_sequence_length_gene_conversion": "19005a2b4b33b284a84cc0ad033e2d2c646f2d264fd59a5a55e3c2246a05851b"}, "version": 1}