{"results": {"benchmarks.DTWF.peakmem_human_chr22": 109379584, "benchmarks.DTWF.peakmem_large_population_size": 52260864, "benchmarks.DTWF.peakmem_long_sequence_length": 56545280, "benchmarks.DTWF.peakmem_many_replicates": 44724224, "benchmarks.DTWF.time_human_chr22": {"result": [41.308850109024206], "stats": [{"ci_99": [-Infinity, Infinity], "q_25": 41.308850109024206, "q_75": 41.308850109024206, "min": 41.308850109024206, "max": 41.308850109024206, "mean": 41.308850109024206, "std": 0.0, "repeat": 1, "number": 1}]}, "benchmarks.DTWF.time_large_population_size": {"result": [12.031659935979405], "stats": [{"ci_99": [-Infinity, Infinity], "q_25": 12.031659935979405, "q_75": 12.031659935979405, "min": 12.031659935979405, "max": 12.031659935979405, "mean": 12.031659935979405, "std": 0.0, "repeat": 1, "number": 1}]}, "benchmarks.DTWF.time_long_sequence_length": {"result": [12.95376776001649], "stats": [{"ci_99": [-Infinity, Infinity], "q_25": 12.95376776001649, "q_75": 12.95376776001649, "min": 12.95376776001649, "max": 12.95376776001649, "mean": 12.95376776001649, "std": 0.0, "repeat": 1, "number": 1}]}, "benchmarks.DTWF.time_many_replicates": {"result": [51.58260279998649], "stats": [{"ci_99": [-Infinity, Infinity], "q_25": 51.58260279998649, "q_75": 51.58260279998649, "min": 51.58260279998649, "max": 51.58260279998649, "mean": 51.58260279998649, "std": 0.0, "repeat": 1, "number": 1}]}, "benchmarks.Hudson.peakmem_human_chr22": 141811712, "benchmarks.Hudson.peakmem_large_sample_size": 852721664, "benchmarks.Hudson.peakmem_long_sequence_length": 166809600, "benchmarks.Hudson.peakmem_long_sequence_length_gene_conversion": 166809600, "benchmarks.Hudson.peakmem_many_replicates": 45047808, "benchmarks.Hudson.time_human_chr22": {"result": [31.18933252702118], "stats": [{"ci_99": [-Infinity, Infinity], "q_25": 31.18933252702118, "q_75": 31.18933252702118, "min": 31.18933252702118, "max": 31.18933252702118, "mean": 31.18933252702118, "std": 0.0, "repeat": 1, "number": 1}]}, "benchmarks.Hudson.time_large_sample_size": {"result": [57.55800016701687], "stats": [{"ci_99": [-Infinity, Infinity], "q_25": 57.55800016701687, "q_75": 57.55800016701687, "min": 57.55800016701687, "max": 57.55800016701687, "mean": 57.55800016701687, "std": 0.0, "repeat": 1, "number": 1}]}, "benchmarks.Hudson.time_long_sequence_length": {"result": [49.225099420989864], "stats": [{"ci_99": [-Infinity, Infinity], "q_25": 49.225099420989864, "q_75": 49.225099420989864, "min": 49.225099420989864, "max": 49.225099420989864, "mean": 49.225099420989864, "std": 0.0, "repeat": 1, "number": 1}]}, "benchmarks.Hudson.time_long_sequence_length_gene_conversion": {"result": [51.68267397300224], "stats": [{"ci_99": [-Infinity, Infinity], "q_25": 51.68267397300224, "q_75": 51.68267397300224, "min": 51.68267397300224, "max": 51.68267397300224, "mean": 51.68267397300224, "std": 0.0, "repeat": 1, "number": 1}]}, "benchmarks.Hudson.time_many_replicates": {"result": [31.266411210992374], "stats": [{"ci_99": [-Infinity, Infinity], "q_25": 31.266411210992374, "q_75": 31.266411210992374, "min": 31.266411210992374, "max": 31.266411210992374, "mean": 31.266411210992374, "std": 0.0, "repeat": 1, "number": 1}]}}, "params": {"arch": "x86_64", "cpu": "Intel(R) Core(TM) i5-3317U CPU @ 1.70GHz", "machine": "poplar", "num_cpu": "4", "os": "Linux 3.13.0-24-generic", "ram": "3931396", "python": "3.8", "stdpopsim": ""}, "requirements": {"stdpopsim": ""}, "commit_hash": "dd17e7dcfa72ac1b4df7c37010ad303a659e079e", "date": 1589483144000, "env_name": "virtualenv-py3.8-stdpopsim", "python": "3.8", "profiles": {}, "started_at": {"benchmarks.DTWF.peakmem_human_chr22": 1602060992865, "benchmarks.DTWF.peakmem_large_population_size": 1602061031095, "benchmarks.DTWF.peakmem_long_sequence_length": 1602061043271, "benchmarks.DTWF.peakmem_many_replicates": 1602061056393, "benchmarks.DTWF.time_human_chr22": 1602061108070, "benchmarks.DTWF.time_large_population_size": 1602061149505, "benchmarks.DTWF.time_long_sequence_length": 1602061161632, "benchmarks.DTWF.time_many_replicates": 1602061174704, "benchmarks.Hudson.peakmem_human_chr22": 1602061226381, "benchmarks.Hudson.peakmem_large_sample_size": 1602061258147, "benchmarks.Hudson.peakmem_long_sequence_length": 1602061318761, "benchmarks.Hudson.peakmem_long_sequence_length_gene_conversion": 1602061368211, "benchmarks.Hudson.peakmem_many_replicates": 1602061420115, "benchmarks.Hudson.time_human_chr22": 1602061451462, "benchmarks.Hudson.time_large_sample_size": 1602061482776, "benchmarks.Hudson.time_long_sequence_length": 1602061540434, "benchmarks.Hudson.time_long_sequence_length_gene_conversion": 1602061589783, "benchmarks.Hudson.time_many_replicates": 1602061641587}, "ended_at": {"benchmarks.DTWF.peakmem_human_chr22": 1602061031094, "benchmarks.DTWF.peakmem_large_population_size": 1602061043271, "benchmarks.DTWF.peakmem_long_sequence_length": 1602061056393, "benchmarks.DTWF.peakmem_many_replicates": 1602061108070, "benchmarks.DTWF.time_human_chr22": 1602061149505, "benchmarks.DTWF.time_large_population_size": 1602061161632, "benchmarks.DTWF.time_long_sequence_length": 1602061174703, "benchmarks.DTWF.time_many_replicates": 1602061226381, "benchmarks.Hudson.peakmem_human_chr22": 1602061258146, "benchmarks.Hudson.peakmem_large_sample_size": 1602061318761, "benchmarks.Hudson.peakmem_long_sequence_length": 1602061368211, "benchmarks.Hudson.peakmem_long_sequence_length_gene_conversion": 1602061420114, "benchmarks.Hudson.peakmem_many_replicates": 1602061451462, "benchmarks.Hudson.time_human_chr22": 1602061482776, "benchmarks.Hudson.time_large_sample_size": 1602061540434, "benchmarks.Hudson.time_long_sequence_length": 1602061589783, "benchmarks.Hudson.time_long_sequence_length_gene_conversion": 1602061641587, "benchmarks.Hudson.time_many_replicates": 1602061672984}, "benchmark_version": {"benchmarks.DTWF.peakmem_human_chr22": "f848688127844489b5870c5598d06fc61bdb8c1a31b2c71741fb842ce4869124", "benchmarks.DTWF.peakmem_large_population_size": "1c54016f27b74e5d827e0cf71dee2587b99237d50e0c3aa5bfb1e9a54bedf712", "benchmarks.DTWF.peakmem_long_sequence_length": "72b4498a433ac926a303683be39aa07c206b25c22caa613088af6cbe51544ce9", "benchmarks.DTWF.peakmem_many_replicates": "8d591fe1a84bfd039f312aef953605c494b28ed3e3b28bd41773b5a6bbab8e13", "benchmarks.DTWF.time_human_chr22": "d016729b716d45e5a6cc8608ae18480b4f3d6192cc29f39ad8e06222786408c6", "benchmarks.DTWF.time_large_population_size": "5393d907eb6d9700c18c23789395c3a6a8aecf236b49983e2d955dccc6f793a3", "benchmarks.DTWF.time_long_sequence_length": "89860f21a2ad81e267314c086383279e852e4560e27f425d127937bd62fb83f9", "benchmarks.DTWF.time_many_replicates": "8f8fa44794e1a510a8052653f41596e3e11adbcdc838d7ca59f99bdb491be41b", "benchmarks.Hudson.peakmem_human_chr22": "20ef616d263e941e12a3089b8e8dbfee94d982362fe475e40174ebc3506b102a", "benchmarks.Hudson.peakmem_large_sample_size": "0b75d04c5ff9994c35ae62a490034e021485c38567b2699884e524931587881a", "benchmarks.Hudson.peakmem_long_sequence_length": "edd9dee8418f69b81347803203f176ff269220225a8939dc1c4bc1ab32289f94", "benchmarks.Hudson.peakmem_long_sequence_length_gene_conversion": "2236f20c5a4cc1e037abd099ce1f70d0dd2045a14914c96dcc48d0507f45e1da", "benchmarks.Hudson.peakmem_many_replicates": "b93569a722fa5396ed6631750fbdd02c7b47148d63973610f802eb69db85679e", "benchmarks.Hudson.time_human_chr22": "e648432b5c065478e09802f16a5658d37b625c204e147517826817bd6b04acb1", "benchmarks.Hudson.time_large_sample_size": "7bc273fa1975809170f8f4dd7776de03dd9993132a83866c1c135afe37e4d541", "benchmarks.Hudson.time_long_sequence_length": "0b6c7c537bd986f4e9c36c5549b8e939955cbd49901f29827e3ce763790fb3b7", "benchmarks.Hudson.time_long_sequence_length_gene_conversion": "19005a2b4b33b284a84cc0ad033e2d2c646f2d264fd59a5a55e3c2246a05851b", "benchmarks.Hudson.time_many_replicates": "c0f9f49074ade65f919a2db206a10f03ba6f5b53fa86dce2a6a32e96dd8a5067"}, "version": 1}