{"results": {"benchmarks.DTWF.peakmem_human_chr22": 109916160, "benchmarks.DTWF.peakmem_large_population_size": 55144448, "benchmarks.DTWF.peakmem_long_sequence_length": 47177728, "benchmarks.DTWF.peakmem_many_replicates": 46592000, "benchmarks.DTWF.time_human_chr22": {"result": [32.9311855520009], "stats": [{"ci_99": [-Infinity, Infinity], "q_25": 32.9311855520009, "q_75": 32.9311855520009, "min": 32.9311855520009, "max": 32.9311855520009, "mean": 32.9311855520009, "std": 0.0, "repeat": 1, "number": 1}]}, "benchmarks.DTWF.time_large_population_size": {"result": [10.883797464999589], "stats": [{"ci_99": [-Infinity, Infinity], "q_25": 10.883797464999589, "q_75": 10.883797464999589, "min": 10.883797464999589, "max": 10.883797464999589, "mean": 10.883797464999589, "std": 0.0, "repeat": 1, "number": 1}]}, "benchmarks.DTWF.time_long_sequence_length": {"result": [0.11229388500032655], "stats": [{"ci_99": [-Infinity, Infinity], "q_25": 0.11229388500032655, "q_75": 0.11229388500032655, "min": 0.11229388500032655, "max": 0.11229388500032655, "mean": 0.11229388500032655, "std": 0.0, "repeat": 1, "number": 1}]}, "benchmarks.DTWF.time_many_replicates": {"result": [47.10276609599896], "stats": [{"ci_99": [-Infinity, Infinity], "q_25": 47.10276609599896, "q_75": 47.10276609599896, "min": 47.10276609599896, "max": 47.10276609599896, "mean": 47.10276609599896, "std": 0.0, "repeat": 1, "number": 1}]}, "benchmarks.Hudson.peakmem_human_chr22": 149372928, "benchmarks.Hudson.peakmem_large_sample_size": 854499328, "benchmarks.Hudson.peakmem_long_sequence_length": 172236800, "benchmarks.Hudson.peakmem_many_replicates": 46583808, "benchmarks.Hudson.time_human_chr22": {"result": [56.32847179000055], "stats": [{"ci_99": [-Infinity, Infinity], "q_25": 56.32847179000055, "q_75": 56.32847179000055, "min": 56.32847179000055, "max": 56.32847179000055, "mean": 56.32847179000055, "std": 0.0, "repeat": 1, "number": 1}]}, "benchmarks.Hudson.time_large_sample_size": {"result": [66.7099243169996], "stats": [{"ci_99": [-Infinity, Infinity], "q_25": 66.7099243169996, "q_75": 66.7099243169996, "min": 66.7099243169996, "max": 66.7099243169996, "mean": 66.7099243169996, "std": 0.0, "repeat": 1, "number": 1}]}, "benchmarks.Hudson.time_long_sequence_length": {"result": [51.858542195001064], "stats": [{"ci_99": [-Infinity, Infinity], "q_25": 51.858542195001064, "q_75": 51.858542195001064, "min": 51.858542195001064, "max": 51.858542195001064, "mean": 51.858542195001064, "std": 0.0, "repeat": 1, "number": 1}]}, "benchmarks.Hudson.time_many_replicates": {"result": [28.358963194999887], "stats": [{"ci_99": [-Infinity, Infinity], "q_25": 28.358963194999887, "q_75": 28.358963194999887, "min": 28.358963194999887, "max": 28.358963194999887, "mean": 28.358963194999887, "std": 0.0, "repeat": 1, "number": 1}]}, "benchmarks.Hudson.peakmem_long_sequence_length_gene_conversion": 173821952, "benchmarks.Hudson.time_long_sequence_length_gene_conversion": {"result": [51.86368148800102], "stats": [{"ci_99": [-Infinity, Infinity], "q_25": 51.86368148800102, "q_75": 51.86368148800102, "min": 51.86368148800102, "max": 51.86368148800102, "mean": 51.86368148800102, "std": 0.0, "repeat": 1, "number": 1}]}}, "params": {"arch": "x86_64", "cpu": "Intel(R) Core(TM) i5-3317U CPU @ 1.70GHz", "machine": "poplar", "num_cpu": "4", "os": "Linux 3.13.0-24-generic", "ram": "3931396", "python": "3.8", "stdpopsim": ""}, "requirements": {"stdpopsim": ""}, "commit_hash": "df33450a9efded42e5058a06c8356f8e99bc8f68", "date": 1601300270000, "env_name": "virtualenv-py3.8-stdpopsim", "python": "3.8", "profiles": {}, "started_at": {"benchmarks.DTWF.peakmem_human_chr22": 1601467017029, "benchmarks.DTWF.peakmem_large_population_size": 1601467050499, "benchmarks.DTWF.peakmem_long_sequence_length": 1601467061925, "benchmarks.DTWF.peakmem_many_replicates": 1601467062628, "benchmarks.DTWF.time_human_chr22": 1601467110952, "benchmarks.DTWF.time_large_population_size": 1601467144471, "benchmarks.DTWF.time_long_sequence_length": 1601467155947, "benchmarks.DTWF.time_many_replicates": 1601467156651, "benchmarks.Hudson.peakmem_human_chr22": 1601467204324, "benchmarks.Hudson.peakmem_large_sample_size": 1601467260787, "benchmarks.Hudson.peakmem_long_sequence_length": 1601467330863, "benchmarks.Hudson.peakmem_many_replicates": 1601467385572, "benchmarks.Hudson.time_human_chr22": 1601467415068, "benchmarks.Hudson.time_large_sample_size": 1601467471982, "benchmarks.Hudson.time_long_sequence_length": 1601467539251, "benchmarks.Hudson.time_many_replicates": 1601467591706, "benchmarks.Hudson.peakmem_long_sequence_length_gene_conversion": 1601473927283, "benchmarks.Hudson.time_long_sequence_length_gene_conversion": 1601473978584}, "ended_at": {"benchmarks.DTWF.peakmem_human_chr22": 1601467050498, "benchmarks.DTWF.peakmem_large_population_size": 1601467061924, "benchmarks.DTWF.peakmem_long_sequence_length": 1601467062628, "benchmarks.DTWF.peakmem_many_replicates": 1601467110952, "benchmarks.DTWF.time_human_chr22": 1601467144471, "benchmarks.DTWF.time_large_population_size": 1601467155947, "benchmarks.DTWF.time_long_sequence_length": 1601467156651, "benchmarks.DTWF.time_many_replicates": 1601467204324, "benchmarks.Hudson.peakmem_human_chr22": 1601467260786, "benchmarks.Hudson.peakmem_large_sample_size": 1601467330862, "benchmarks.Hudson.peakmem_long_sequence_length": 1601467385571, "benchmarks.Hudson.peakmem_many_replicates": 1601467415068, "benchmarks.Hudson.time_human_chr22": 1601467471981, "benchmarks.Hudson.time_large_sample_size": 1601467539250, "benchmarks.Hudson.time_long_sequence_length": 1601467591706, "benchmarks.Hudson.time_many_replicates": 1601467620651, "benchmarks.Hudson.peakmem_long_sequence_length_gene_conversion": 1601473978584, "benchmarks.Hudson.time_long_sequence_length_gene_conversion": 1601474031038}, "benchmark_version": {"benchmarks.DTWF.peakmem_human_chr22": "f848688127844489b5870c5598d06fc61bdb8c1a31b2c71741fb842ce4869124", "benchmarks.DTWF.peakmem_large_population_size": "1c54016f27b74e5d827e0cf71dee2587b99237d50e0c3aa5bfb1e9a54bedf712", "benchmarks.DTWF.peakmem_long_sequence_length": "72b4498a433ac926a303683be39aa07c206b25c22caa613088af6cbe51544ce9", "benchmarks.DTWF.peakmem_many_replicates": "8d591fe1a84bfd039f312aef953605c494b28ed3e3b28bd41773b5a6bbab8e13", "benchmarks.DTWF.time_human_chr22": "d016729b716d45e5a6cc8608ae18480b4f3d6192cc29f39ad8e06222786408c6", "benchmarks.DTWF.time_large_population_size": "5393d907eb6d9700c18c23789395c3a6a8aecf236b49983e2d955dccc6f793a3", "benchmarks.DTWF.time_long_sequence_length": "89860f21a2ad81e267314c086383279e852e4560e27f425d127937bd62fb83f9", "benchmarks.DTWF.time_many_replicates": "8f8fa44794e1a510a8052653f41596e3e11adbcdc838d7ca59f99bdb491be41b", "benchmarks.Hudson.peakmem_human_chr22": "20ef616d263e941e12a3089b8e8dbfee94d982362fe475e40174ebc3506b102a", "benchmarks.Hudson.peakmem_large_sample_size": "0b75d04c5ff9994c35ae62a490034e021485c38567b2699884e524931587881a", "benchmarks.Hudson.peakmem_long_sequence_length": "edd9dee8418f69b81347803203f176ff269220225a8939dc1c4bc1ab32289f94", "benchmarks.Hudson.peakmem_many_replicates": "b93569a722fa5396ed6631750fbdd02c7b47148d63973610f802eb69db85679e", "benchmarks.Hudson.time_human_chr22": "e648432b5c065478e09802f16a5658d37b625c204e147517826817bd6b04acb1", "benchmarks.Hudson.time_large_sample_size": "7bc273fa1975809170f8f4dd7776de03dd9993132a83866c1c135afe37e4d541", "benchmarks.Hudson.time_long_sequence_length": "0b6c7c537bd986f4e9c36c5549b8e939955cbd49901f29827e3ce763790fb3b7", "benchmarks.Hudson.time_many_replicates": "c0f9f49074ade65f919a2db206a10f03ba6f5b53fa86dce2a6a32e96dd8a5067", "benchmarks.Hudson.peakmem_long_sequence_length_gene_conversion": "2236f20c5a4cc1e037abd099ce1f70d0dd2045a14914c96dcc48d0507f45e1da", "benchmarks.Hudson.time_long_sequence_length_gene_conversion": "19005a2b4b33b284a84cc0ad033e2d2c646f2d264fd59a5a55e3c2246a05851b"}, "version": 1}