{"results": {"benchmarks.DTWF.peakmem_human_chr22": 107220992, "benchmarks.DTWF.peakmem_large_population_size": 54611968, "benchmarks.DTWF.peakmem_long_sequence_length": 55300096, "benchmarks.DTWF.peakmem_many_replicates": 47837184, "benchmarks.DTWF.time_human_chr22": {"result": [36.88711280399002], "stats": [{"ci_99": [-Infinity, Infinity], "q_25": 36.88711280399002, "q_75": 36.88711280399002, "min": 36.88711280399002, "max": 36.88711280399002, "mean": 36.88711280399002, "std": 0.0, "repeat": 1, "number": 1}]}, "benchmarks.DTWF.time_large_population_size": {"result": [11.254623790999176], "stats": [{"ci_99": [-Infinity, Infinity], "q_25": 11.254623790999176, "q_75": 11.254623790999176, "min": 11.254623790999176, "max": 11.254623790999176, "mean": 11.254623790999176, "std": 0.0, "repeat": 1, "number": 1}]}, "benchmarks.DTWF.time_long_sequence_length": {"result": [12.50197013799334], "stats": [{"ci_99": [-Infinity, Infinity], "q_25": 12.50197013799334, "q_75": 12.50197013799334, "min": 12.50197013799334, "max": 12.50197013799334, "mean": 12.50197013799334, "std": 0.0, "repeat": 1, "number": 1}]}, "benchmarks.DTWF.time_many_replicates": {"result": [51.96086851900327], "stats": [{"ci_99": [-Infinity, Infinity], "q_25": 51.96086851900327, "q_75": 51.96086851900327, "min": 51.96086851900327, "max": 51.96086851900327, "mean": 51.96086851900327, "std": 0.0, "repeat": 1, "number": 1}]}, "benchmarks.Hudson.peakmem_human_chr22": 143527936, "benchmarks.Hudson.peakmem_large_sample_size": 842534912, "benchmarks.Hudson.peakmem_long_sequence_length": 167280640, "benchmarks.Hudson.peakmem_long_sequence_length_gene_conversion": 170221568, "benchmarks.Hudson.peakmem_many_replicates": 47910912, "benchmarks.Hudson.time_human_chr22": {"result": [32.63488356297603], "stats": [{"ci_99": [-Infinity, Infinity], "q_25": 32.63488356297603, "q_75": 32.63488356297603, "min": 32.63488356297603, "max": 32.63488356297603, "mean": 32.63488356297603, "std": 0.0, "repeat": 1, "number": 1}]}, "benchmarks.Hudson.time_large_sample_size": {"result": [60.38815066800453], "stats": [{"ci_99": [-Infinity, Infinity], "q_25": 60.38815066800453, "q_75": 60.38815066800453, "min": 60.38815066800453, "max": 60.38815066800453, "mean": 60.38815066800453, "std": 0.0, "repeat": 1, "number": 1}]}, "benchmarks.Hudson.time_long_sequence_length": {"result": [48.75164816400502], "stats": [{"ci_99": [-Infinity, Infinity], "q_25": 48.75164816400502, "q_75": 48.75164816400502, "min": 48.75164816400502, "max": 48.75164816400502, "mean": 48.75164816400502, "std": 0.0, "repeat": 1, "number": 1}]}, "benchmarks.Hudson.time_long_sequence_length_gene_conversion": {"result": [50.2606938520039], "stats": [{"ci_99": [-Infinity, Infinity], "q_25": 50.2606938520039, "q_75": 50.2606938520039, "min": 50.2606938520039, "max": 50.2606938520039, "mean": 50.2606938520039, "std": 0.0, "repeat": 1, "number": 1}]}, "benchmarks.Hudson.time_many_replicates": {"result": [32.22402206598781], "stats": [{"ci_99": [-Infinity, Infinity], "q_25": 32.22402206598781, "q_75": 32.22402206598781, "min": 32.22402206598781, "max": 32.22402206598781, "mean": 32.22402206598781, "std": 0.0, "repeat": 1, "number": 1}]}}, "params": {"arch": "x86_64", "cpu": "Intel(R) Core(TM) i5-3317U CPU @ 1.70GHz", "machine": "poplar", "num_cpu": "4", "os": "Linux 3.13.0-24-generic", "ram": "3931396", "python": "3.8", "stdpopsim": ""}, "requirements": {"stdpopsim": ""}, "commit_hash": "dfa3586869bc059b20875e9e24a25da206882755", "date": 1594297336000, "env_name": "virtualenv-py3.8-stdpopsim", "python": "3.8", "profiles": {}, "started_at": {"benchmarks.DTWF.peakmem_human_chr22": 1602031517050, "benchmarks.DTWF.peakmem_large_population_size": 1602031557484, "benchmarks.DTWF.peakmem_long_sequence_length": 1602031568860, "benchmarks.DTWF.peakmem_many_replicates": 1602031581681, "benchmarks.DTWF.time_human_chr22": 1602031633709, "benchmarks.DTWF.time_large_population_size": 1602031670685, "benchmarks.DTWF.time_long_sequence_length": 1602031682060, "benchmarks.DTWF.time_many_replicates": 1602031694681, "benchmarks.Hudson.peakmem_human_chr22": 1602031746759, "benchmarks.Hudson.peakmem_large_sample_size": 1602031779676, "benchmarks.Hudson.peakmem_long_sequence_length": 1602031837133, "benchmarks.Hudson.peakmem_long_sequence_length_gene_conversion": 1602031887933, "benchmarks.Hudson.peakmem_many_replicates": 1602031938934, "benchmarks.Hudson.time_human_chr22": 1602031971334, "benchmarks.Hudson.time_large_sample_size": 1602032004100, "benchmarks.Hudson.time_long_sequence_length": 1602032064613, "benchmarks.Hudson.time_long_sequence_length_gene_conversion": 1602032113460, "benchmarks.Hudson.time_many_replicates": 1602032163811}, "ended_at": {"benchmarks.DTWF.peakmem_human_chr22": 1602031557484, "benchmarks.DTWF.peakmem_large_population_size": 1602031568860, "benchmarks.DTWF.peakmem_long_sequence_length": 1602031581681, "benchmarks.DTWF.peakmem_many_replicates": 1602031633708, "benchmarks.DTWF.time_human_chr22": 1602031670684, "benchmarks.DTWF.time_large_population_size": 1602031682060, "benchmarks.DTWF.time_long_sequence_length": 1602031694681, "benchmarks.DTWF.time_many_replicates": 1602031746759, "benchmarks.Hudson.peakmem_human_chr22": 1602031779676, "benchmarks.Hudson.peakmem_large_sample_size": 1602031837132, "benchmarks.Hudson.peakmem_long_sequence_length": 1602031887933, "benchmarks.Hudson.peakmem_long_sequence_length_gene_conversion": 1602031938934, "benchmarks.Hudson.peakmem_many_replicates": 1602031971334, "benchmarks.Hudson.time_human_chr22": 1602032004100, "benchmarks.Hudson.time_large_sample_size": 1602032064612, "benchmarks.Hudson.time_long_sequence_length": 1602032113460, "benchmarks.Hudson.time_long_sequence_length_gene_conversion": 1602032163811, "benchmarks.Hudson.time_many_replicates": 1602032196160}, "benchmark_version": {"benchmarks.DTWF.peakmem_human_chr22": "f848688127844489b5870c5598d06fc61bdb8c1a31b2c71741fb842ce4869124", "benchmarks.DTWF.peakmem_large_population_size": "1c54016f27b74e5d827e0cf71dee2587b99237d50e0c3aa5bfb1e9a54bedf712", "benchmarks.DTWF.peakmem_long_sequence_length": "72b4498a433ac926a303683be39aa07c206b25c22caa613088af6cbe51544ce9", "benchmarks.DTWF.peakmem_many_replicates": "8d591fe1a84bfd039f312aef953605c494b28ed3e3b28bd41773b5a6bbab8e13", "benchmarks.DTWF.time_human_chr22": "d016729b716d45e5a6cc8608ae18480b4f3d6192cc29f39ad8e06222786408c6", "benchmarks.DTWF.time_large_population_size": "5393d907eb6d9700c18c23789395c3a6a8aecf236b49983e2d955dccc6f793a3", "benchmarks.DTWF.time_long_sequence_length": "89860f21a2ad81e267314c086383279e852e4560e27f425d127937bd62fb83f9", "benchmarks.DTWF.time_many_replicates": "8f8fa44794e1a510a8052653f41596e3e11adbcdc838d7ca59f99bdb491be41b", "benchmarks.Hudson.peakmem_human_chr22": "20ef616d263e941e12a3089b8e8dbfee94d982362fe475e40174ebc3506b102a", "benchmarks.Hudson.peakmem_large_sample_size": "0b75d04c5ff9994c35ae62a490034e021485c38567b2699884e524931587881a", "benchmarks.Hudson.peakmem_long_sequence_length": "edd9dee8418f69b81347803203f176ff269220225a8939dc1c4bc1ab32289f94", "benchmarks.Hudson.peakmem_long_sequence_length_gene_conversion": "2236f20c5a4cc1e037abd099ce1f70d0dd2045a14914c96dcc48d0507f45e1da", "benchmarks.Hudson.peakmem_many_replicates": "b93569a722fa5396ed6631750fbdd02c7b47148d63973610f802eb69db85679e", "benchmarks.Hudson.time_human_chr22": "e648432b5c065478e09802f16a5658d37b625c204e147517826817bd6b04acb1", "benchmarks.Hudson.time_large_sample_size": "7bc273fa1975809170f8f4dd7776de03dd9993132a83866c1c135afe37e4d541", "benchmarks.Hudson.time_long_sequence_length": "0b6c7c537bd986f4e9c36c5549b8e939955cbd49901f29827e3ce763790fb3b7", "benchmarks.Hudson.time_long_sequence_length_gene_conversion": "19005a2b4b33b284a84cc0ad033e2d2c646f2d264fd59a5a55e3c2246a05851b", "benchmarks.Hudson.time_many_replicates": "c0f9f49074ade65f919a2db206a10f03ba6f5b53fa86dce2a6a32e96dd8a5067"}, "version": 1}