{"results": {"benchmarks.DTWF.peakmem_human_chr22": 109531136, "benchmarks.DTWF.peakmem_large_population_size": 52682752, "benchmarks.DTWF.peakmem_long_sequence_length": 55275520, "benchmarks.DTWF.peakmem_many_replicates": 44662784, "benchmarks.DTWF.time_human_chr22": {"result": [36.42469280201476], "stats": [{"ci_99": [-Infinity, Infinity], "q_25": 36.42469280201476, "q_75": 36.42469280201476, "min": 36.42469280201476, "max": 36.42469280201476, "mean": 36.42469280201476, "std": 0.0, "repeat": 1, "number": 1}]}, "benchmarks.DTWF.time_large_population_size": {"result": [10.866758461983409], "stats": [{"ci_99": [-Infinity, Infinity], "q_25": 10.866758461983409, "q_75": 10.866758461983409, "min": 10.866758461983409, "max": 10.866758461983409, "mean": 10.866758461983409, "std": 0.0, "repeat": 1, "number": 1}]}, "benchmarks.DTWF.time_long_sequence_length": {"result": [12.568893227988156], "stats": [{"ci_99": [-Infinity, Infinity], "q_25": 12.568893227988156, "q_75": 12.568893227988156, "min": 12.568893227988156, "max": 12.568893227988156, "mean": 12.568893227988156, "std": 0.0, "repeat": 1, "number": 1}]}, "benchmarks.DTWF.time_many_replicates": {"result": [51.342905026016524], "stats": [{"ci_99": [-Infinity, Infinity], "q_25": 51.342905026016524, "q_75": 51.342905026016524, "min": 51.342905026016524, "max": 51.342905026016524, "mean": 51.342905026016524, "std": 0.0, "repeat": 1, "number": 1}]}, "benchmarks.Hudson.peakmem_human_chr22": 142528512, "benchmarks.Hudson.peakmem_large_sample_size": 836009984, "benchmarks.Hudson.peakmem_long_sequence_length": 166379520, "benchmarks.Hudson.peakmem_long_sequence_length_gene_conversion": 166379520, "benchmarks.Hudson.peakmem_many_replicates": 43896832, "benchmarks.Hudson.time_human_chr22": {"result": [30.915698352997424], "stats": [{"ci_99": [-Infinity, Infinity], "q_25": 30.915698352997424, "q_75": 30.915698352997424, "min": 30.915698352997424, "max": 30.915698352997424, "mean": 30.915698352997424, "std": 0.0, "repeat": 1, "number": 1}]}, "benchmarks.Hudson.time_large_sample_size": {"result": [62.46170274697943], "stats": [{"ci_99": [-Infinity, Infinity], "q_25": 62.46170274697943, "q_75": 62.46170274697943, "min": 62.46170274697943, "max": 62.46170274697943, "mean": 62.46170274697943, "std": 0.0, "repeat": 1, "number": 1}]}, "benchmarks.Hudson.time_long_sequence_length": {"result": [49.00925435399404], "stats": [{"ci_99": [-Infinity, Infinity], "q_25": 49.00925435399404, "q_75": 49.00925435399404, "min": 49.00925435399404, "max": 49.00925435399404, "mean": 49.00925435399404, "std": 0.0, "repeat": 1, "number": 1}]}, "benchmarks.Hudson.time_long_sequence_length_gene_conversion": {"result": [50.793532299023354], "stats": [{"ci_99": [-Infinity, Infinity], "q_25": 50.793532299023354, "q_75": 50.793532299023354, "min": 50.793532299023354, "max": 50.793532299023354, "mean": 50.793532299023354, "std": 0.0, "repeat": 1, "number": 1}]}, "benchmarks.Hudson.time_many_replicates": {"result": [32.149182665976696], "stats": [{"ci_99": [-Infinity, Infinity], "q_25": 32.149182665976696, "q_75": 32.149182665976696, "min": 32.149182665976696, "max": 32.149182665976696, "mean": 32.149182665976696, "std": 0.0, "repeat": 1, "number": 1}]}}, "params": {"arch": "x86_64", "cpu": "Intel(R) Core(TM) i5-3317U CPU @ 1.70GHz", "machine": "poplar", "num_cpu": "4", "os": "Linux 3.13.0-24-generic", "ram": "3931396", "python": "3.8", "stdpopsim": ""}, "requirements": {"stdpopsim": ""}, "commit_hash": "e24b47213d556fe941537d8a94f0c35d377d96c9", "date": 1588340654000, "env_name": "virtualenv-py3.8-stdpopsim", "python": "3.8", "profiles": {}, "started_at": {"benchmarks.DTWF.peakmem_human_chr22": 1602071783717, "benchmarks.DTWF.peakmem_large_population_size": 1602071823700, "benchmarks.DTWF.peakmem_long_sequence_length": 1602071834675, "benchmarks.DTWF.peakmem_many_replicates": 1602071847096, "benchmarks.DTWF.time_human_chr22": 1602071898423, "benchmarks.DTWF.time_large_population_size": 1602071934949, "benchmarks.DTWF.time_long_sequence_length": 1602071945924, "benchmarks.DTWF.time_many_replicates": 1602071958595, "benchmarks.Hudson.peakmem_human_chr22": 1602072010072, "benchmarks.Hudson.peakmem_large_sample_size": 1602072041937, "benchmarks.Hudson.peakmem_long_sequence_length": 1602072097341, "benchmarks.Hudson.peakmem_long_sequence_length_gene_conversion": 1602072149545, "benchmarks.Hudson.peakmem_many_replicates": 1602072199596, "benchmarks.Hudson.time_human_chr22": 1602072231745, "benchmarks.Hudson.time_large_sample_size": 1602072262758, "benchmarks.Hudson.time_long_sequence_length": 1602072325322, "benchmarks.Hudson.time_long_sequence_length_gene_conversion": 1602072374471, "benchmarks.Hudson.time_many_replicates": 1602072425374}, "ended_at": {"benchmarks.DTWF.peakmem_human_chr22": 1602071823700, "benchmarks.DTWF.peakmem_large_population_size": 1602071834675, "benchmarks.DTWF.peakmem_long_sequence_length": 1602071847095, "benchmarks.DTWF.peakmem_many_replicates": 1602071898423, "benchmarks.DTWF.time_human_chr22": 1602071934949, "benchmarks.DTWF.time_large_population_size": 1602071945924, "benchmarks.DTWF.time_long_sequence_length": 1602071958594, "benchmarks.DTWF.time_many_replicates": 1602072010072, "benchmarks.Hudson.peakmem_human_chr22": 1602072041937, "benchmarks.Hudson.peakmem_large_sample_size": 1602072097341, "benchmarks.Hudson.peakmem_long_sequence_length": 1602072149545, "benchmarks.Hudson.peakmem_long_sequence_length_gene_conversion": 1602072199595, "benchmarks.Hudson.peakmem_many_replicates": 1602072231744, "benchmarks.Hudson.time_human_chr22": 1602072262758, "benchmarks.Hudson.time_large_sample_size": 1602072325322, "benchmarks.Hudson.time_long_sequence_length": 1602072374470, "benchmarks.Hudson.time_long_sequence_length_gene_conversion": 1602072425374, "benchmarks.Hudson.time_many_replicates": 1602072457623}, "benchmark_version": {"benchmarks.DTWF.peakmem_human_chr22": "f848688127844489b5870c5598d06fc61bdb8c1a31b2c71741fb842ce4869124", "benchmarks.DTWF.peakmem_large_population_size": "1c54016f27b74e5d827e0cf71dee2587b99237d50e0c3aa5bfb1e9a54bedf712", "benchmarks.DTWF.peakmem_long_sequence_length": "72b4498a433ac926a303683be39aa07c206b25c22caa613088af6cbe51544ce9", "benchmarks.DTWF.peakmem_many_replicates": "8d591fe1a84bfd039f312aef953605c494b28ed3e3b28bd41773b5a6bbab8e13", "benchmarks.DTWF.time_human_chr22": "d016729b716d45e5a6cc8608ae18480b4f3d6192cc29f39ad8e06222786408c6", "benchmarks.DTWF.time_large_population_size": "5393d907eb6d9700c18c23789395c3a6a8aecf236b49983e2d955dccc6f793a3", "benchmarks.DTWF.time_long_sequence_length": "89860f21a2ad81e267314c086383279e852e4560e27f425d127937bd62fb83f9", "benchmarks.DTWF.time_many_replicates": "8f8fa44794e1a510a8052653f41596e3e11adbcdc838d7ca59f99bdb491be41b", "benchmarks.Hudson.peakmem_human_chr22": "20ef616d263e941e12a3089b8e8dbfee94d982362fe475e40174ebc3506b102a", "benchmarks.Hudson.peakmem_large_sample_size": "0b75d04c5ff9994c35ae62a490034e021485c38567b2699884e524931587881a", "benchmarks.Hudson.peakmem_long_sequence_length": "edd9dee8418f69b81347803203f176ff269220225a8939dc1c4bc1ab32289f94", "benchmarks.Hudson.peakmem_long_sequence_length_gene_conversion": "2236f20c5a4cc1e037abd099ce1f70d0dd2045a14914c96dcc48d0507f45e1da", "benchmarks.Hudson.peakmem_many_replicates": "b93569a722fa5396ed6631750fbdd02c7b47148d63973610f802eb69db85679e", "benchmarks.Hudson.time_human_chr22": "e648432b5c065478e09802f16a5658d37b625c204e147517826817bd6b04acb1", "benchmarks.Hudson.time_large_sample_size": "7bc273fa1975809170f8f4dd7776de03dd9993132a83866c1c135afe37e4d541", "benchmarks.Hudson.time_long_sequence_length": "0b6c7c537bd986f4e9c36c5549b8e939955cbd49901f29827e3ce763790fb3b7", "benchmarks.Hudson.time_long_sequence_length_gene_conversion": "19005a2b4b33b284a84cc0ad033e2d2c646f2d264fd59a5a55e3c2246a05851b", "benchmarks.Hudson.time_many_replicates": "c0f9f49074ade65f919a2db206a10f03ba6f5b53fa86dce2a6a32e96dd8a5067"}, "version": 1}