{"results": {"benchmarks.DTWF.peakmem_human_chr22": 109490176, "benchmarks.DTWF.peakmem_large_population_size": 51810304, "benchmarks.DTWF.peakmem_long_sequence_length": 58245120, "benchmarks.DTWF.peakmem_many_replicates": 47083520, "benchmarks.DTWF.time_human_chr22": {"result": [36.59639805898769], "stats": [{"ci_99": [-Infinity, Infinity], "q_25": 36.59639805898769, "q_75": 36.59639805898769, "min": 36.59639805898769, "max": 36.59639805898769, "mean": 36.59639805898769, "std": 0.0, "repeat": 1, "number": 1}]}, "benchmarks.DTWF.time_large_population_size": {"result": [12.448483472981025], "stats": [{"ci_99": [-Infinity, Infinity], "q_25": 12.448483472981025, "q_75": 12.448483472981025, "min": 12.448483472981025, "max": 12.448483472981025, "mean": 12.448483472981025, "std": 0.0, "repeat": 1, "number": 1}]}, "benchmarks.DTWF.time_long_sequence_length": {"result": [12.90941108498373], "stats": [{"ci_99": [-Infinity, Infinity], "q_25": 12.90941108498373, "q_75": 12.90941108498373, "min": 12.90941108498373, "max": 12.90941108498373, "mean": 12.90941108498373, "std": 0.0, "repeat": 1, "number": 1}]}, "benchmarks.DTWF.time_many_replicates": {"result": [52.06568102398887], "stats": [{"ci_99": [-Infinity, Infinity], "q_25": 52.06568102398887, "q_75": 52.06568102398887, "min": 52.06568102398887, "max": 52.06568102398887, "mean": 52.06568102398887, "std": 0.0, "repeat": 1, "number": 1}]}, "benchmarks.Hudson.peakmem_human_chr22": 141639680, "benchmarks.Hudson.peakmem_large_sample_size": 835960832, "benchmarks.Hudson.peakmem_long_sequence_length": 166055936, "benchmarks.Hudson.peakmem_long_sequence_length_gene_conversion": 166490112, "benchmarks.Hudson.peakmem_many_replicates": 47288320, "benchmarks.Hudson.time_human_chr22": {"result": [32.25127271900419], "stats": [{"ci_99": [-Infinity, Infinity], "q_25": 32.25127271900419, "q_75": 32.25127271900419, "min": 32.25127271900419, "max": 32.25127271900419, "mean": 32.25127271900419, "std": 0.0, "repeat": 1, "number": 1}]}, "benchmarks.Hudson.time_large_sample_size": {"result": [53.78629273499246], "stats": [{"ci_99": [-Infinity, Infinity], "q_25": 53.78629273499246, "q_75": 53.78629273499246, "min": 53.78629273499246, "max": 53.78629273499246, "mean": 53.78629273499246, "std": 0.0, "repeat": 1, "number": 1}]}, "benchmarks.Hudson.time_long_sequence_length": {"result": [49.56884351398912], "stats": [{"ci_99": [-Infinity, Infinity], "q_25": 49.56884351398912, "q_75": 49.56884351398912, "min": 49.56884351398912, "max": 49.56884351398912, "mean": 49.56884351398912, "std": 0.0, "repeat": 1, "number": 1}]}, "benchmarks.Hudson.time_long_sequence_length_gene_conversion": {"result": [50.234810766996816], "stats": [{"ci_99": [-Infinity, Infinity], "q_25": 50.234810766996816, "q_75": 50.234810766996816, "min": 50.234810766996816, "max": 50.234810766996816, "mean": 50.234810766996816, "std": 0.0, "repeat": 1, "number": 1}]}, "benchmarks.Hudson.time_many_replicates": {"result": [31.46138147098827], "stats": [{"ci_99": [-Infinity, Infinity], "q_25": 31.46138147098827, "q_75": 31.46138147098827, "min": 31.46138147098827, "max": 31.46138147098827, "mean": 31.46138147098827, "std": 0.0, "repeat": 1, "number": 1}]}}, "params": {"arch": "x86_64", "cpu": "Intel(R) Core(TM) i5-3317U CPU @ 1.70GHz", "machine": "poplar", "num_cpu": "4", "os": "Linux 3.13.0-24-generic", "ram": "3931396", "python": "3.8", "stdpopsim": ""}, "requirements": {"stdpopsim": ""}, "commit_hash": "e31c94f1319615512d589908dca9ed6c1dcddfeb", "date": 1587463367000, "env_name": "virtualenv-py3.8-stdpopsim", "python": "3.8", "profiles": {}, "started_at": {"benchmarks.DTWF.peakmem_human_chr22": 1602084149359, "benchmarks.DTWF.peakmem_large_population_size": 1602084189793, "benchmarks.DTWF.peakmem_long_sequence_length": 1602084202371, "benchmarks.DTWF.peakmem_many_replicates": 1602084215542, "benchmarks.DTWF.time_human_chr22": 1602084267520, "benchmarks.DTWF.time_large_population_size": 1602084304247, "benchmarks.DTWF.time_long_sequence_length": 1602084316825, "benchmarks.DTWF.time_many_replicates": 1602084329846, "benchmarks.Hudson.peakmem_human_chr22": 1602084382024, "benchmarks.Hudson.peakmem_large_sample_size": 1602084413789, "benchmarks.Hudson.peakmem_long_sequence_length": 1602084467039, "benchmarks.Hudson.peakmem_long_sequence_length_gene_conversion": 1602084516839, "benchmarks.Hudson.peakmem_many_replicates": 1602084567091, "benchmarks.Hudson.time_human_chr22": 1602084598489, "benchmarks.Hudson.time_large_sample_size": 1602084630855, "benchmarks.Hudson.time_long_sequence_length": 1602084684755, "benchmarks.Hudson.time_long_sequence_length_gene_conversion": 1602084734456, "benchmarks.Hudson.time_many_replicates": 1602084784808}, "ended_at": {"benchmarks.DTWF.peakmem_human_chr22": 1602084189793, "benchmarks.DTWF.peakmem_large_population_size": 1602084202371, "benchmarks.DTWF.peakmem_long_sequence_length": 1602084215542, "benchmarks.DTWF.peakmem_many_replicates": 1602084267520, "benchmarks.DTWF.time_human_chr22": 1602084304247, "benchmarks.DTWF.time_large_population_size": 1602084316824, "benchmarks.DTWF.time_long_sequence_length": 1602084329846, "benchmarks.DTWF.time_many_replicates": 1602084382024, "benchmarks.Hudson.peakmem_human_chr22": 1602084413789, "benchmarks.Hudson.peakmem_large_sample_size": 1602084467038, "benchmarks.Hudson.peakmem_long_sequence_length": 1602084516839, "benchmarks.Hudson.peakmem_long_sequence_length_gene_conversion": 1602084567091, "benchmarks.Hudson.peakmem_many_replicates": 1602084598489, "benchmarks.Hudson.time_human_chr22": 1602084630855, "benchmarks.Hudson.time_large_sample_size": 1602084684755, "benchmarks.Hudson.time_long_sequence_length": 1602084734456, "benchmarks.Hudson.time_long_sequence_length_gene_conversion": 1602084784808, "benchmarks.Hudson.time_many_replicates": 1602084816407}, "benchmark_version": {"benchmarks.DTWF.peakmem_human_chr22": "f848688127844489b5870c5598d06fc61bdb8c1a31b2c71741fb842ce4869124", "benchmarks.DTWF.peakmem_large_population_size": "1c54016f27b74e5d827e0cf71dee2587b99237d50e0c3aa5bfb1e9a54bedf712", "benchmarks.DTWF.peakmem_long_sequence_length": "72b4498a433ac926a303683be39aa07c206b25c22caa613088af6cbe51544ce9", "benchmarks.DTWF.peakmem_many_replicates": "8d591fe1a84bfd039f312aef953605c494b28ed3e3b28bd41773b5a6bbab8e13", "benchmarks.DTWF.time_human_chr22": "d016729b716d45e5a6cc8608ae18480b4f3d6192cc29f39ad8e06222786408c6", "benchmarks.DTWF.time_large_population_size": "5393d907eb6d9700c18c23789395c3a6a8aecf236b49983e2d955dccc6f793a3", "benchmarks.DTWF.time_long_sequence_length": "89860f21a2ad81e267314c086383279e852e4560e27f425d127937bd62fb83f9", "benchmarks.DTWF.time_many_replicates": "8f8fa44794e1a510a8052653f41596e3e11adbcdc838d7ca59f99bdb491be41b", "benchmarks.Hudson.peakmem_human_chr22": "20ef616d263e941e12a3089b8e8dbfee94d982362fe475e40174ebc3506b102a", "benchmarks.Hudson.peakmem_large_sample_size": "0b75d04c5ff9994c35ae62a490034e021485c38567b2699884e524931587881a", "benchmarks.Hudson.peakmem_long_sequence_length": "edd9dee8418f69b81347803203f176ff269220225a8939dc1c4bc1ab32289f94", "benchmarks.Hudson.peakmem_long_sequence_length_gene_conversion": "2236f20c5a4cc1e037abd099ce1f70d0dd2045a14914c96dcc48d0507f45e1da", "benchmarks.Hudson.peakmem_many_replicates": "b93569a722fa5396ed6631750fbdd02c7b47148d63973610f802eb69db85679e", "benchmarks.Hudson.time_human_chr22": "e648432b5c065478e09802f16a5658d37b625c204e147517826817bd6b04acb1", "benchmarks.Hudson.time_large_sample_size": "7bc273fa1975809170f8f4dd7776de03dd9993132a83866c1c135afe37e4d541", "benchmarks.Hudson.time_long_sequence_length": "0b6c7c537bd986f4e9c36c5549b8e939955cbd49901f29827e3ce763790fb3b7", "benchmarks.Hudson.time_long_sequence_length_gene_conversion": "19005a2b4b33b284a84cc0ad033e2d2c646f2d264fd59a5a55e3c2246a05851b", "benchmarks.Hudson.time_many_replicates": "c0f9f49074ade65f919a2db206a10f03ba6f5b53fa86dce2a6a32e96dd8a5067"}, "version": 1}