{"results": {"benchmarks.DTWF.peakmem_human_chr22": 113356800, "benchmarks.DTWF.peakmem_large_population_size": 54710272, "benchmarks.DTWF.peakmem_long_sequence_length": 58613760, "benchmarks.DTWF.peakmem_many_replicates": 47874048, "benchmarks.DTWF.time_human_chr22": {"result": [37.195441522984765], "stats": [{"ci_99": [-Infinity, Infinity], "q_25": 37.195441522984765, "q_75": 37.195441522984765, "min": 37.195441522984765, "max": 37.195441522984765, "mean": 37.195441522984765, "std": 0.0, "repeat": 1, "number": 1}]}, "benchmarks.DTWF.time_large_population_size": {"result": [11.246085101010976], "stats": [{"ci_99": [-Infinity, Infinity], "q_25": 11.246085101010976, "q_75": 11.246085101010976, "min": 11.246085101010976, "max": 11.246085101010976, "mean": 11.246085101010976, "std": 0.0, "repeat": 1, "number": 1}]}, "benchmarks.DTWF.time_long_sequence_length": {"result": [12.230342121009016], "stats": [{"ci_99": [-Infinity, Infinity], "q_25": 12.230342121009016, "q_75": 12.230342121009016, "min": 12.230342121009016, "max": 12.230342121009016, "mean": 12.230342121009016, "std": 0.0, "repeat": 1, "number": 1}]}, "benchmarks.DTWF.time_many_replicates": {"result": [52.370049974008], "stats": [{"ci_99": [-Infinity, Infinity], "q_25": 52.370049974008, "q_75": 52.370049974008, "min": 52.370049974008, "max": 52.370049974008, "mean": 52.370049974008, "std": 0.0, "repeat": 1, "number": 1}]}, "benchmarks.Hudson.peakmem_human_chr22": 147750912, "benchmarks.Hudson.peakmem_large_sample_size": null, "benchmarks.Hudson.peakmem_long_sequence_length": 173502464, "benchmarks.Hudson.peakmem_long_sequence_length_gene_conversion": 176156672, "benchmarks.Hudson.peakmem_many_replicates": 48123904, "benchmarks.Hudson.time_human_chr22": {"result": [34.38668974098982], "stats": [{"ci_99": [-Infinity, Infinity], "q_25": 34.38668974098982, "q_75": 34.38668974098982, "min": 34.38668974098982, "max": 34.38668974098982, "mean": 34.38668974098982, "std": 0.0, "repeat": 1, "number": 1}]}, "benchmarks.Hudson.time_large_sample_size": null, "benchmarks.Hudson.time_long_sequence_length": {"result": [50.40405320399441], "stats": [{"ci_99": [-Infinity, Infinity], "q_25": 50.40405320399441, "q_75": 50.40405320399441, "min": 50.40405320399441, "max": 50.40405320399441, "mean": 50.40405320399441, "std": 0.0, "repeat": 1, "number": 1}]}, "benchmarks.Hudson.time_long_sequence_length_gene_conversion": {"result": [52.94817972398596], "stats": [{"ci_99": [-Infinity, Infinity], "q_25": 52.94817972398596, "q_75": 52.94817972398596, "min": 52.94817972398596, "max": 52.94817972398596, "mean": 52.94817972398596, "std": 0.0, "repeat": 1, "number": 1}]}, "benchmarks.Hudson.time_many_replicates": {"result": [33.08878490899224], "stats": [{"ci_99": [-Infinity, Infinity], "q_25": 33.08878490899224, "q_75": 33.08878490899224, "min": 33.08878490899224, "max": 33.08878490899224, "mean": 33.08878490899224, "std": 0.0, "repeat": 1, "number": 1}]}}, "params": {"arch": "x86_64", "cpu": "Intel(R) Core(TM) i5-3317U CPU @ 1.70GHz", "machine": "poplar", "num_cpu": "4", "os": "Linux 3.13.0-24-generic", "ram": "3931396", "python": "3.8", "stdpopsim": ""}, "requirements": {"stdpopsim": ""}, "commit_hash": "e6ed58e040cce837bb6fb30b9bebdf7f852a842e", "date": 1599045916000, "env_name": "virtualenv-py3.8-stdpopsim", "python": "3.8", "profiles": {}, "started_at": {"benchmarks.DTWF.peakmem_human_chr22": 1602006590574, "benchmarks.DTWF.peakmem_large_population_size": 1602006628052, "benchmarks.DTWF.peakmem_long_sequence_length": 1602006639427, "benchmarks.DTWF.peakmem_many_replicates": 1602006651898, "benchmarks.DTWF.time_human_chr22": 1602006704276, "benchmarks.DTWF.time_large_population_size": 1602006741603, "benchmarks.DTWF.time_long_sequence_length": 1602006752978, "benchmarks.DTWF.time_many_replicates": 1602006765346, "benchmarks.Hudson.peakmem_human_chr22": 1602006817820, "benchmarks.Hudson.peakmem_large_sample_size": 1602006850632, "benchmarks.Hudson.peakmem_long_sequence_length": 1602006970732, "benchmarks.Hudson.peakmem_long_sequence_length_gene_conversion": 1602007020430, "benchmarks.Hudson.peakmem_many_replicates": 1602007072182, "benchmarks.Hudson.time_human_chr22": 1602007105483, "benchmarks.Hudson.time_large_sample_size": 1602007140003, "benchmarks.Hudson.time_long_sequence_length": 1602007260102, "benchmarks.Hudson.time_long_sequence_length_gene_conversion": 1602007310601, "benchmarks.Hudson.time_many_replicates": 1602007363657}, "ended_at": {"benchmarks.DTWF.peakmem_human_chr22": 1602006628052, "benchmarks.DTWF.peakmem_large_population_size": 1602006639427, "benchmarks.DTWF.peakmem_long_sequence_length": 1602006651898, "benchmarks.DTWF.peakmem_many_replicates": 1602006704276, "benchmarks.DTWF.time_human_chr22": 1602006741603, "benchmarks.DTWF.time_large_population_size": 1602006752978, "benchmarks.DTWF.time_long_sequence_length": 1602006765346, "benchmarks.DTWF.time_many_replicates": 1602006817819, "benchmarks.Hudson.peakmem_human_chr22": 1602006850632, "benchmarks.Hudson.peakmem_large_sample_size": 1602006970731, "benchmarks.Hudson.peakmem_long_sequence_length": 1602007020430, "benchmarks.Hudson.peakmem_long_sequence_length_gene_conversion": 1602007072182, "benchmarks.Hudson.peakmem_many_replicates": 1602007105483, "benchmarks.Hudson.time_human_chr22": 1602007140003, "benchmarks.Hudson.time_large_sample_size": 1602007260101, "benchmarks.Hudson.time_long_sequence_length": 1602007310601, "benchmarks.Hudson.time_long_sequence_length_gene_conversion": 1602007363657, "benchmarks.Hudson.time_many_replicates": 1602007396857}, "benchmark_version": {"benchmarks.DTWF.peakmem_human_chr22": "f848688127844489b5870c5598d06fc61bdb8c1a31b2c71741fb842ce4869124", "benchmarks.DTWF.peakmem_large_population_size": "1c54016f27b74e5d827e0cf71dee2587b99237d50e0c3aa5bfb1e9a54bedf712", "benchmarks.DTWF.peakmem_long_sequence_length": "72b4498a433ac926a303683be39aa07c206b25c22caa613088af6cbe51544ce9", "benchmarks.DTWF.peakmem_many_replicates": "8d591fe1a84bfd039f312aef953605c494b28ed3e3b28bd41773b5a6bbab8e13", "benchmarks.DTWF.time_human_chr22": "d016729b716d45e5a6cc8608ae18480b4f3d6192cc29f39ad8e06222786408c6", "benchmarks.DTWF.time_large_population_size": "5393d907eb6d9700c18c23789395c3a6a8aecf236b49983e2d955dccc6f793a3", "benchmarks.DTWF.time_long_sequence_length": "89860f21a2ad81e267314c086383279e852e4560e27f425d127937bd62fb83f9", "benchmarks.DTWF.time_many_replicates": "8f8fa44794e1a510a8052653f41596e3e11adbcdc838d7ca59f99bdb491be41b", "benchmarks.Hudson.peakmem_human_chr22": "20ef616d263e941e12a3089b8e8dbfee94d982362fe475e40174ebc3506b102a", "benchmarks.Hudson.peakmem_large_sample_size": "0b75d04c5ff9994c35ae62a490034e021485c38567b2699884e524931587881a", "benchmarks.Hudson.peakmem_long_sequence_length": "edd9dee8418f69b81347803203f176ff269220225a8939dc1c4bc1ab32289f94", "benchmarks.Hudson.peakmem_long_sequence_length_gene_conversion": "2236f20c5a4cc1e037abd099ce1f70d0dd2045a14914c96dcc48d0507f45e1da", "benchmarks.Hudson.peakmem_many_replicates": "b93569a722fa5396ed6631750fbdd02c7b47148d63973610f802eb69db85679e", "benchmarks.Hudson.time_human_chr22": "e648432b5c065478e09802f16a5658d37b625c204e147517826817bd6b04acb1", "benchmarks.Hudson.time_large_sample_size": "7bc273fa1975809170f8f4dd7776de03dd9993132a83866c1c135afe37e4d541", "benchmarks.Hudson.time_long_sequence_length": "0b6c7c537bd986f4e9c36c5549b8e939955cbd49901f29827e3ce763790fb3b7", "benchmarks.Hudson.time_long_sequence_length_gene_conversion": "19005a2b4b33b284a84cc0ad033e2d2c646f2d264fd59a5a55e3c2246a05851b", "benchmarks.Hudson.time_many_replicates": "c0f9f49074ade65f919a2db206a10f03ba6f5b53fa86dce2a6a32e96dd8a5067"}, "version": 1}