{"results": {"benchmarks.DTWF.peakmem_human_chr22": 111357952, "benchmarks.DTWF.peakmem_large_population_size": 54616064, "benchmarks.DTWF.peakmem_long_sequence_length": 58871808, "benchmarks.DTWF.peakmem_many_replicates": 48087040, "benchmarks.DTWF.time_human_chr22": {"result": [37.03476506401785], "stats": [{"ci_99": [-Infinity, Infinity], "q_25": 37.03476506401785, "q_75": 37.03476506401785, "min": 37.03476506401785, "max": 37.03476506401785, "mean": 37.03476506401785, "std": 0.0, "repeat": 1, "number": 1}]}, "benchmarks.DTWF.time_large_population_size": {"result": [11.692271129984874], "stats": [{"ci_99": [-Infinity, Infinity], "q_25": 11.692271129984874, "q_75": 11.692271129984874, "min": 11.692271129984874, "max": 11.692271129984874, "mean": 11.692271129984874, "std": 0.0, "repeat": 1, "number": 1}]}, "benchmarks.DTWF.time_long_sequence_length": {"result": [12.348142049013404], "stats": [{"ci_99": [-Infinity, Infinity], "q_25": 12.348142049013404, "q_75": 12.348142049013404, "min": 12.348142049013404, "max": 12.348142049013404, "mean": 12.348142049013404, "std": 0.0, "repeat": 1, "number": 1}]}, "benchmarks.DTWF.time_many_replicates": {"result": [52.176785942021525], "stats": [{"ci_99": [-Infinity, Infinity], "q_25": 52.176785942021525, "q_75": 52.176785942021525, "min": 52.176785942021525, "max": 52.176785942021525, "mean": 52.176785942021525, "std": 0.0, "repeat": 1, "number": 1}]}, "benchmarks.Hudson.peakmem_human_chr22": 144166912, "benchmarks.Hudson.peakmem_large_sample_size": null, "benchmarks.Hudson.peakmem_long_sequence_length": 167591936, "benchmarks.Hudson.peakmem_long_sequence_length_gene_conversion": 169062400, "benchmarks.Hudson.peakmem_many_replicates": 48279552, "benchmarks.Hudson.time_human_chr22": {"result": [32.66984024600242], "stats": [{"ci_99": [-Infinity, Infinity], "q_25": 32.66984024600242, "q_75": 32.66984024600242, "min": 32.66984024600242, "max": 32.66984024600242, "mean": 32.66984024600242, "std": 0.0, "repeat": 1, "number": 1}]}, "benchmarks.Hudson.time_large_sample_size": null, "benchmarks.Hudson.time_long_sequence_length": {"result": [52.486223107000114], "stats": [{"ci_99": [-Infinity, Infinity], "q_25": 52.486223107000114, "q_75": 52.486223107000114, "min": 52.486223107000114, "max": 52.486223107000114, "mean": 52.486223107000114, "std": 0.0, "repeat": 1, "number": 1}]}, "benchmarks.Hudson.time_long_sequence_length_gene_conversion": {"result": [50.67662877700059], "stats": [{"ci_99": [-Infinity, Infinity], "q_25": 50.67662877700059, "q_75": 50.67662877700059, "min": 50.67662877700059, "max": 50.67662877700059, "mean": 50.67662877700059, "std": 0.0, "repeat": 1, "number": 1}]}, "benchmarks.Hudson.time_many_replicates": {"result": [32.47130676198867], "stats": [{"ci_99": [-Infinity, Infinity], "q_25": 32.47130676198867, "q_75": 32.47130676198867, "min": 32.47130676198867, "max": 32.47130676198867, "mean": 32.47130676198867, "std": 0.0, "repeat": 1, "number": 1}]}}, "params": {"arch": "x86_64", "cpu": "Intel(R) Core(TM) i5-3317U CPU @ 1.70GHz", "machine": "poplar", "num_cpu": "4", "os": "Linux 3.13.0-24-generic", "ram": "3931396", "python": "3.8", "stdpopsim": ""}, "requirements": {"stdpopsim": ""}, "commit_hash": "e812a649322d3437ff63077bebcf74cd41df1c40", "date": 1597944377000, "env_name": "virtualenv-py3.8-stdpopsim", "python": "3.8", "profiles": {}, "started_at": {"benchmarks.DTWF.peakmem_human_chr22": 1602018200771, "benchmarks.DTWF.peakmem_large_population_size": 1602018238350, "benchmarks.DTWF.peakmem_long_sequence_length": 1602018250126, "benchmarks.DTWF.peakmem_many_replicates": 1602018262647, "benchmarks.DTWF.time_human_chr22": 1602018315175, "benchmarks.DTWF.time_large_population_size": 1602018352302, "benchmarks.DTWF.time_long_sequence_length": 1602018364129, "benchmarks.DTWF.time_many_replicates": 1602018376599, "benchmarks.Hudson.peakmem_human_chr22": 1602018428878, "benchmarks.Hudson.peakmem_large_sample_size": 1602018461344, "benchmarks.Hudson.peakmem_long_sequence_length": 1602018581445, "benchmarks.Hudson.peakmem_long_sequence_length_gene_conversion": 1602018631495, "benchmarks.Hudson.peakmem_many_replicates": 1602018682246, "benchmarks.Hudson.time_human_chr22": 1602018714946, "benchmarks.Hudson.time_large_sample_size": 1602018747713, "benchmarks.Hudson.time_long_sequence_length": 1602018867815, "benchmarks.Hudson.time_long_sequence_length_gene_conversion": 1602018920420, "benchmarks.Hudson.time_many_replicates": 1602018971222}, "ended_at": {"benchmarks.DTWF.peakmem_human_chr22": 1602018238350, "benchmarks.DTWF.peakmem_large_population_size": 1602018250126, "benchmarks.DTWF.peakmem_long_sequence_length": 1602018262646, "benchmarks.DTWF.peakmem_many_replicates": 1602018315175, "benchmarks.DTWF.time_human_chr22": 1602018352302, "benchmarks.DTWF.time_large_population_size": 1602018364129, "benchmarks.DTWF.time_long_sequence_length": 1602018376599, "benchmarks.DTWF.time_many_replicates": 1602018428878, "benchmarks.Hudson.peakmem_human_chr22": 1602018461344, "benchmarks.Hudson.peakmem_large_sample_size": 1602018581445, "benchmarks.Hudson.peakmem_long_sequence_length": 1602018631495, "benchmarks.Hudson.peakmem_long_sequence_length_gene_conversion": 1602018682246, "benchmarks.Hudson.peakmem_many_replicates": 1602018714946, "benchmarks.Hudson.time_human_chr22": 1602018747713, "benchmarks.Hudson.time_large_sample_size": 1602018867815, "benchmarks.Hudson.time_long_sequence_length": 1602018920420, "benchmarks.Hudson.time_long_sequence_length_gene_conversion": 1602018971222, "benchmarks.Hudson.time_many_replicates": 1602019003821}, "benchmark_version": {"benchmarks.DTWF.peakmem_human_chr22": "f848688127844489b5870c5598d06fc61bdb8c1a31b2c71741fb842ce4869124", "benchmarks.DTWF.peakmem_large_population_size": "1c54016f27b74e5d827e0cf71dee2587b99237d50e0c3aa5bfb1e9a54bedf712", "benchmarks.DTWF.peakmem_long_sequence_length": "72b4498a433ac926a303683be39aa07c206b25c22caa613088af6cbe51544ce9", "benchmarks.DTWF.peakmem_many_replicates": "8d591fe1a84bfd039f312aef953605c494b28ed3e3b28bd41773b5a6bbab8e13", "benchmarks.DTWF.time_human_chr22": "d016729b716d45e5a6cc8608ae18480b4f3d6192cc29f39ad8e06222786408c6", "benchmarks.DTWF.time_large_population_size": "5393d907eb6d9700c18c23789395c3a6a8aecf236b49983e2d955dccc6f793a3", "benchmarks.DTWF.time_long_sequence_length": "89860f21a2ad81e267314c086383279e852e4560e27f425d127937bd62fb83f9", "benchmarks.DTWF.time_many_replicates": "8f8fa44794e1a510a8052653f41596e3e11adbcdc838d7ca59f99bdb491be41b", "benchmarks.Hudson.peakmem_human_chr22": "20ef616d263e941e12a3089b8e8dbfee94d982362fe475e40174ebc3506b102a", "benchmarks.Hudson.peakmem_large_sample_size": "0b75d04c5ff9994c35ae62a490034e021485c38567b2699884e524931587881a", "benchmarks.Hudson.peakmem_long_sequence_length": "edd9dee8418f69b81347803203f176ff269220225a8939dc1c4bc1ab32289f94", "benchmarks.Hudson.peakmem_long_sequence_length_gene_conversion": "2236f20c5a4cc1e037abd099ce1f70d0dd2045a14914c96dcc48d0507f45e1da", "benchmarks.Hudson.peakmem_many_replicates": "b93569a722fa5396ed6631750fbdd02c7b47148d63973610f802eb69db85679e", "benchmarks.Hudson.time_human_chr22": "e648432b5c065478e09802f16a5658d37b625c204e147517826817bd6b04acb1", "benchmarks.Hudson.time_large_sample_size": "7bc273fa1975809170f8f4dd7776de03dd9993132a83866c1c135afe37e4d541", "benchmarks.Hudson.time_long_sequence_length": "0b6c7c537bd986f4e9c36c5549b8e939955cbd49901f29827e3ce763790fb3b7", "benchmarks.Hudson.time_long_sequence_length_gene_conversion": "19005a2b4b33b284a84cc0ad033e2d2c646f2d264fd59a5a55e3c2246a05851b", "benchmarks.Hudson.time_many_replicates": "c0f9f49074ade65f919a2db206a10f03ba6f5b53fa86dce2a6a32e96dd8a5067"}, "version": 1}