{"results": {"benchmarks.DTWF.peakmem_human_chr22": 109830144, "benchmarks.DTWF.peakmem_large_population_size": 54710272, "benchmarks.DTWF.peakmem_long_sequence_length": 56725504, "benchmarks.DTWF.peakmem_many_replicates": 46374912, "benchmarks.DTWF.time_human_chr22": {"result": [28.572048242000164], "stats": [{"ci_99": [-Infinity, Infinity], "q_25": 28.572048242000164, "q_75": 28.572048242000164, "min": 28.572048242000164, "max": 28.572048242000164, "mean": 28.572048242000164, "std": 0.0, "repeat": 1, "number": 1}]}, "benchmarks.DTWF.time_large_population_size": {"result": [10.850218039005995], "stats": [{"ci_99": [-Infinity, Infinity], "q_25": 10.850218039005995, "q_75": 10.850218039005995, "min": 10.850218039005995, "max": 10.850218039005995, "mean": 10.850218039005995, "std": 0.0, "repeat": 1, "number": 1}]}, "benchmarks.DTWF.time_long_sequence_length": {"result": [11.89436027899501], "stats": [{"ci_99": [-Infinity, Infinity], "q_25": 11.89436027899501, "q_75": 11.89436027899501, "min": 11.89436027899501, "max": 11.89436027899501, "mean": 11.89436027899501, "std": 0.0, "repeat": 1, "number": 1}]}, "benchmarks.DTWF.time_many_replicates": {"result": [52.65416336999624], "stats": [{"ci_99": [-Infinity, Infinity], "q_25": 52.65416336999624, "q_75": 52.65416336999624, "min": 52.65416336999624, "max": 52.65416336999624, "mean": 52.65416336999624, "std": 0.0, "repeat": 1, "number": 1}]}, "benchmarks.Hudson.peakmem_human_chr22": 145121280, "benchmarks.Hudson.peakmem_large_sample_size": 801386496, "benchmarks.Hudson.peakmem_long_sequence_length": 171343872, "benchmarks.Hudson.peakmem_long_sequence_length_gene_conversion": 174137344, "benchmarks.Hudson.peakmem_many_replicates": 46624768, "benchmarks.Hudson.time_human_chr22": {"result": [52.94866652900237], "stats": [{"ci_99": [-Infinity, Infinity], "q_25": 52.94866652900237, "q_75": 52.94866652900237, "min": 52.94866652900237, "max": 52.94866652900237, "mean": 52.94866652900237, "std": 0.0, "repeat": 1, "number": 1}]}, "benchmarks.Hudson.time_large_sample_size": {"result": [56.41210094001144], "stats": [{"ci_99": [-Infinity, Infinity], "q_25": 56.41210094001144, "q_75": 56.41210094001144, "min": 56.41210094001144, "max": 56.41210094001144, "mean": 56.41210094001144, "std": 0.0, "repeat": 1, "number": 1}]}, "benchmarks.Hudson.time_long_sequence_length": {"result": [48.06540825701086], "stats": [{"ci_99": [-Infinity, Infinity], "q_25": 48.06540825701086, "q_75": 48.06540825701086, "min": 48.06540825701086, "max": 48.06540825701086, "mean": 48.06540825701086, "std": 0.0, "repeat": 1, "number": 1}]}, "benchmarks.Hudson.time_long_sequence_length_gene_conversion": {"result": [49.35290969899506], "stats": [{"ci_99": [-Infinity, Infinity], "q_25": 49.35290969899506, "q_75": 49.35290969899506, "min": 49.35290969899506, "max": 49.35290969899506, "mean": 49.35290969899506, "std": 0.0, "repeat": 1, "number": 1}]}, "benchmarks.Hudson.time_many_replicates": {"result": [33.893827722000424], "stats": [{"ci_99": [-Infinity, Infinity], "q_25": 33.893827722000424, "q_75": 33.893827722000424, "min": 33.893827722000424, "max": 33.893827722000424, "mean": 33.893827722000424, "std": 0.0, "repeat": 1, "number": 1}]}}, "params": {"arch": "x86_64", "cpu": "Intel(R) Core(TM) i5-3317U CPU @ 1.70GHz", "machine": "poplar", "num_cpu": "4", "os": "Linux 3.13.0-24-generic", "ram": "3931396", "python": "3.8", "stdpopsim": ""}, "requirements": {"stdpopsim": ""}, "commit_hash": "e8ef0ed1c4001cdaa63facafd73457a2bdddcb03", "date": 1599672878000, "env_name": "virtualenv-py3.8-stdpopsim", "python": "3.8", "profiles": {}, "started_at": {"benchmarks.DTWF.peakmem_human_chr22": 1601999888273, "benchmarks.DTWF.peakmem_large_population_size": 1601999916883, "benchmarks.DTWF.peakmem_long_sequence_length": 1601999927858, "benchmarks.DTWF.peakmem_many_replicates": 1601999940028, "benchmarks.DTWF.time_human_chr22": 1601999993057, "benchmarks.DTWF.time_large_population_size": 1602000021767, "benchmarks.DTWF.time_long_sequence_length": 1602000032742, "benchmarks.DTWF.time_many_replicates": 1602000044762, "benchmarks.Hudson.peakmem_human_chr22": 1602000097541, "benchmarks.Hudson.peakmem_large_sample_size": 1602000149644, "benchmarks.Hudson.peakmem_long_sequence_length": 1602000215162, "benchmarks.Hudson.peakmem_long_sequence_length_gene_conversion": 1602000263358, "benchmarks.Hudson.peakmem_many_replicates": 1602000312806, "benchmarks.Hudson.time_human_chr22": 1602000346909, "benchmarks.Hudson.time_large_sample_size": 1602000399964, "benchmarks.Hudson.time_long_sequence_length": 1602000456519, "benchmarks.Hudson.time_long_sequence_length_gene_conversion": 1602000504714, "benchmarks.Hudson.time_many_replicates": 1602000554161}, "ended_at": {"benchmarks.DTWF.peakmem_human_chr22": 1601999916883, "benchmarks.DTWF.peakmem_large_population_size": 1601999927857, "benchmarks.DTWF.peakmem_long_sequence_length": 1601999940028, "benchmarks.DTWF.peakmem_many_replicates": 1601999993057, "benchmarks.DTWF.time_human_chr22": 1602000021767, "benchmarks.DTWF.time_large_population_size": 1602000032742, "benchmarks.DTWF.time_long_sequence_length": 1602000044762, "benchmarks.DTWF.time_many_replicates": 1602000097541, "benchmarks.Hudson.peakmem_human_chr22": 1602000149644, "benchmarks.Hudson.peakmem_large_sample_size": 1602000215162, "benchmarks.Hudson.peakmem_long_sequence_length": 1602000263358, "benchmarks.Hudson.peakmem_long_sequence_length_gene_conversion": 1602000312806, "benchmarks.Hudson.peakmem_many_replicates": 1602000346908, "benchmarks.Hudson.time_human_chr22": 1602000399963, "benchmarks.Hudson.time_large_sample_size": 1602000456518, "benchmarks.Hudson.time_long_sequence_length": 1602000504713, "benchmarks.Hudson.time_long_sequence_length_gene_conversion": 1602000554161, "benchmarks.Hudson.time_many_replicates": 1602000588162}, "benchmark_version": {"benchmarks.DTWF.peakmem_human_chr22": "f848688127844489b5870c5598d06fc61bdb8c1a31b2c71741fb842ce4869124", "benchmarks.DTWF.peakmem_large_population_size": "1c54016f27b74e5d827e0cf71dee2587b99237d50e0c3aa5bfb1e9a54bedf712", "benchmarks.DTWF.peakmem_long_sequence_length": "72b4498a433ac926a303683be39aa07c206b25c22caa613088af6cbe51544ce9", "benchmarks.DTWF.peakmem_many_replicates": "8d591fe1a84bfd039f312aef953605c494b28ed3e3b28bd41773b5a6bbab8e13", "benchmarks.DTWF.time_human_chr22": "d016729b716d45e5a6cc8608ae18480b4f3d6192cc29f39ad8e06222786408c6", "benchmarks.DTWF.time_large_population_size": "5393d907eb6d9700c18c23789395c3a6a8aecf236b49983e2d955dccc6f793a3", "benchmarks.DTWF.time_long_sequence_length": "89860f21a2ad81e267314c086383279e852e4560e27f425d127937bd62fb83f9", "benchmarks.DTWF.time_many_replicates": "8f8fa44794e1a510a8052653f41596e3e11adbcdc838d7ca59f99bdb491be41b", "benchmarks.Hudson.peakmem_human_chr22": "20ef616d263e941e12a3089b8e8dbfee94d982362fe475e40174ebc3506b102a", "benchmarks.Hudson.peakmem_large_sample_size": "0b75d04c5ff9994c35ae62a490034e021485c38567b2699884e524931587881a", "benchmarks.Hudson.peakmem_long_sequence_length": "edd9dee8418f69b81347803203f176ff269220225a8939dc1c4bc1ab32289f94", "benchmarks.Hudson.peakmem_long_sequence_length_gene_conversion": "2236f20c5a4cc1e037abd099ce1f70d0dd2045a14914c96dcc48d0507f45e1da", "benchmarks.Hudson.peakmem_many_replicates": "b93569a722fa5396ed6631750fbdd02c7b47148d63973610f802eb69db85679e", "benchmarks.Hudson.time_human_chr22": "e648432b5c065478e09802f16a5658d37b625c204e147517826817bd6b04acb1", "benchmarks.Hudson.time_large_sample_size": "7bc273fa1975809170f8f4dd7776de03dd9993132a83866c1c135afe37e4d541", "benchmarks.Hudson.time_long_sequence_length": "0b6c7c537bd986f4e9c36c5549b8e939955cbd49901f29827e3ce763790fb3b7", "benchmarks.Hudson.time_long_sequence_length_gene_conversion": "19005a2b4b33b284a84cc0ad033e2d2c646f2d264fd59a5a55e3c2246a05851b", "benchmarks.Hudson.time_many_replicates": "c0f9f49074ade65f919a2db206a10f03ba6f5b53fa86dce2a6a32e96dd8a5067"}, "version": 1}