{"results": {"benchmarks.DTWF.peakmem_human_chr22": 109654016, "benchmarks.DTWF.peakmem_large_population_size": 54001664, "benchmarks.DTWF.peakmem_long_sequence_length": 56422400, "benchmarks.DTWF.peakmem_many_replicates": 45236224, "benchmarks.DTWF.time_human_chr22": {"result": [37.008386092988076], "stats": [{"ci_99": [-Infinity, Infinity], "q_25": 37.008386092988076, "q_75": 37.008386092988076, "min": 37.008386092988076, "max": 37.008386092988076, "mean": 37.008386092988076, "std": 0.0, "repeat": 1, "number": 1}]}, "benchmarks.DTWF.time_large_population_size": {"result": [12.446400576998712], "stats": [{"ci_99": [-Infinity, Infinity], "q_25": 12.446400576998712, "q_75": 12.446400576998712, "min": 12.446400576998712, "max": 12.446400576998712, "mean": 12.446400576998712, "std": 0.0, "repeat": 1, "number": 1}]}, "benchmarks.DTWF.time_long_sequence_length": {"result": [13.110771681996994], "stats": [{"ci_99": [-Infinity, Infinity], "q_25": 13.110771681996994, "q_75": 13.110771681996994, "min": 13.110771681996994, "max": 13.110771681996994, "mean": 13.110771681996994, "std": 0.0, "repeat": 1, "number": 1}]}, "benchmarks.DTWF.time_many_replicates": {"result": [51.93016732900287], "stats": [{"ci_99": [-Infinity, Infinity], "q_25": 51.93016732900287, "q_75": 51.93016732900287, "min": 51.93016732900287, "max": 51.93016732900287, "mean": 51.93016732900287, "std": 0.0, "repeat": 1, "number": 1}]}, "benchmarks.Hudson.peakmem_human_chr22": 141955072, "benchmarks.Hudson.peakmem_large_sample_size": 856092672, "benchmarks.Hudson.peakmem_long_sequence_length": 165900288, "benchmarks.Hudson.peakmem_long_sequence_length_gene_conversion": 167858176, "benchmarks.Hudson.peakmem_many_replicates": 45342720, "benchmarks.Hudson.time_human_chr22": {"result": [32.0413911259966], "stats": [{"ci_99": [-Infinity, Infinity], "q_25": 32.0413911259966, "q_75": 32.0413911259966, "min": 32.0413911259966, "max": 32.0413911259966, "mean": 32.0413911259966, "std": 0.0, "repeat": 1, "number": 1}]}, "benchmarks.Hudson.time_large_sample_size": {"result": [55.2532969120075], "stats": [{"ci_99": [-Infinity, Infinity], "q_25": 55.2532969120075, "q_75": 55.2532969120075, "min": 55.2532969120075, "max": 55.2532969120075, "mean": 55.2532969120075, "std": 0.0, "repeat": 1, "number": 1}]}, "benchmarks.Hudson.time_long_sequence_length": {"result": [49.54555772099411], "stats": [{"ci_99": [-Infinity, Infinity], "q_25": 49.54555772099411, "q_75": 49.54555772099411, "min": 49.54555772099411, "max": 49.54555772099411, "mean": 49.54555772099411, "std": 0.0, "repeat": 1, "number": 1}]}, "benchmarks.Hudson.time_long_sequence_length_gene_conversion": {"result": [50.687826990993926], "stats": [{"ci_99": [-Infinity, Infinity], "q_25": 50.687826990993926, "q_75": 50.687826990993926, "min": 50.687826990993926, "max": 50.687826990993926, "mean": 50.687826990993926, "std": 0.0, "repeat": 1, "number": 1}]}, "benchmarks.Hudson.time_many_replicates": {"result": [31.436373141012155], "stats": [{"ci_99": [-Infinity, Infinity], "q_25": 31.436373141012155, "q_75": 31.436373141012155, "min": 31.436373141012155, "max": 31.436373141012155, "mean": 31.436373141012155, "std": 0.0, "repeat": 1, "number": 1}]}}, "params": {"arch": "x86_64", "cpu": "Intel(R) Core(TM) i5-3317U CPU @ 1.70GHz", "machine": "poplar", "num_cpu": "4", "os": "Linux 3.13.0-24-generic", "ram": "3931396", "python": "3.8", "stdpopsim": ""}, "requirements": {"stdpopsim": ""}, "commit_hash": "e9e4d1bdb0541446f63aecda206e3878adc6527d", "date": 1588756626000, "env_name": "virtualenv-py3.8-stdpopsim", "python": "3.8", "profiles": {}, "started_at": {"benchmarks.DTWF.peakmem_human_chr22": 1602067516218, "benchmarks.DTWF.peakmem_large_population_size": 1602067552790, "benchmarks.DTWF.peakmem_long_sequence_length": 1602067565367, "benchmarks.DTWF.peakmem_many_replicates": 1602067578789, "benchmarks.DTWF.time_human_chr22": 1602067631017, "benchmarks.DTWF.time_large_population_size": 1602067668143, "benchmarks.DTWF.time_long_sequence_length": 1602067680721, "benchmarks.DTWF.time_many_replicates": 1602067693942, "benchmarks.Hudson.peakmem_human_chr22": 1602067745970, "benchmarks.Hudson.peakmem_large_sample_size": 1602067776833, "benchmarks.Hudson.peakmem_long_sequence_length": 1602067830734, "benchmarks.Hudson.peakmem_long_sequence_length_gene_conversion": 1602067880233, "benchmarks.Hudson.peakmem_many_replicates": 1602067931085, "benchmarks.Hudson.time_human_chr22": 1602067962733, "benchmarks.Hudson.time_large_sample_size": 1602067994899, "benchmarks.Hudson.time_long_sequence_length": 1602068050251, "benchmarks.Hudson.time_long_sequence_length_gene_conversion": 1602068099901, "benchmarks.Hudson.time_many_replicates": 1602068150703}, "ended_at": {"benchmarks.DTWF.peakmem_human_chr22": 1602067552790, "benchmarks.DTWF.peakmem_large_population_size": 1602067565367, "benchmarks.DTWF.peakmem_long_sequence_length": 1602067578789, "benchmarks.DTWF.peakmem_many_replicates": 1602067631016, "benchmarks.DTWF.time_human_chr22": 1602067668143, "benchmarks.DTWF.time_large_population_size": 1602067680720, "benchmarks.DTWF.time_long_sequence_length": 1602067693942, "benchmarks.DTWF.time_many_replicates": 1602067745970, "benchmarks.Hudson.peakmem_human_chr22": 1602067776833, "benchmarks.Hudson.peakmem_large_sample_size": 1602067830734, "benchmarks.Hudson.peakmem_long_sequence_length": 1602067880233, "benchmarks.Hudson.peakmem_long_sequence_length_gene_conversion": 1602067931085, "benchmarks.Hudson.peakmem_many_replicates": 1602067962733, "benchmarks.Hudson.time_human_chr22": 1602067994898, "benchmarks.Hudson.time_large_sample_size": 1602068050251, "benchmarks.Hudson.time_long_sequence_length": 1602068099901, "benchmarks.Hudson.time_long_sequence_length_gene_conversion": 1602068150703, "benchmarks.Hudson.time_many_replicates": 1602068182251}, "benchmark_version": {"benchmarks.DTWF.peakmem_human_chr22": "f848688127844489b5870c5598d06fc61bdb8c1a31b2c71741fb842ce4869124", "benchmarks.DTWF.peakmem_large_population_size": "1c54016f27b74e5d827e0cf71dee2587b99237d50e0c3aa5bfb1e9a54bedf712", "benchmarks.DTWF.peakmem_long_sequence_length": "72b4498a433ac926a303683be39aa07c206b25c22caa613088af6cbe51544ce9", "benchmarks.DTWF.peakmem_many_replicates": "8d591fe1a84bfd039f312aef953605c494b28ed3e3b28bd41773b5a6bbab8e13", "benchmarks.DTWF.time_human_chr22": "d016729b716d45e5a6cc8608ae18480b4f3d6192cc29f39ad8e06222786408c6", "benchmarks.DTWF.time_large_population_size": "5393d907eb6d9700c18c23789395c3a6a8aecf236b49983e2d955dccc6f793a3", "benchmarks.DTWF.time_long_sequence_length": "89860f21a2ad81e267314c086383279e852e4560e27f425d127937bd62fb83f9", "benchmarks.DTWF.time_many_replicates": "8f8fa44794e1a510a8052653f41596e3e11adbcdc838d7ca59f99bdb491be41b", "benchmarks.Hudson.peakmem_human_chr22": "20ef616d263e941e12a3089b8e8dbfee94d982362fe475e40174ebc3506b102a", "benchmarks.Hudson.peakmem_large_sample_size": "0b75d04c5ff9994c35ae62a490034e021485c38567b2699884e524931587881a", "benchmarks.Hudson.peakmem_long_sequence_length": "edd9dee8418f69b81347803203f176ff269220225a8939dc1c4bc1ab32289f94", "benchmarks.Hudson.peakmem_long_sequence_length_gene_conversion": "2236f20c5a4cc1e037abd099ce1f70d0dd2045a14914c96dcc48d0507f45e1da", "benchmarks.Hudson.peakmem_many_replicates": "b93569a722fa5396ed6631750fbdd02c7b47148d63973610f802eb69db85679e", "benchmarks.Hudson.time_human_chr22": "e648432b5c065478e09802f16a5658d37b625c204e147517826817bd6b04acb1", "benchmarks.Hudson.time_large_sample_size": "7bc273fa1975809170f8f4dd7776de03dd9993132a83866c1c135afe37e4d541", "benchmarks.Hudson.time_long_sequence_length": "0b6c7c537bd986f4e9c36c5549b8e939955cbd49901f29827e3ce763790fb3b7", "benchmarks.Hudson.time_long_sequence_length_gene_conversion": "19005a2b4b33b284a84cc0ad033e2d2c646f2d264fd59a5a55e3c2246a05851b", "benchmarks.Hudson.time_many_replicates": "c0f9f49074ade65f919a2db206a10f03ba6f5b53fa86dce2a6a32e96dd8a5067"}, "version": 1}