{"results": {"benchmarks.DTWF.peakmem_human_chr22": 99254272, "benchmarks.DTWF.peakmem_large_population_size": null, "benchmarks.DTWF.peakmem_long_sequence_length": 53755904, "benchmarks.DTWF.peakmem_many_replicates": null, "benchmarks.DTWF.time_human_chr22": {"result": [69.99140902596992], "stats": [{"ci_99": [-Infinity, Infinity], "q_25": 69.99140902596992, "q_75": 69.99140902596992, "min": 69.99140902596992, "max": 69.99140902596992, "mean": 69.99140902596992, "std": 0.0, "repeat": 1, "number": 1}]}, "benchmarks.DTWF.time_large_population_size": null, "benchmarks.DTWF.time_long_sequence_length": {"result": [100.53014068497578], "stats": [{"ci_99": [-Infinity, Infinity], "q_25": 100.53014068497578, "q_75": 100.53014068497578, "min": 100.53014068497578, "max": 100.53014068497578, "mean": 100.53014068497578, "std": 0.0, "repeat": 1, "number": 1}]}, "benchmarks.DTWF.time_many_replicates": null, "benchmarks.Hudson.peakmem_human_chr22": 134041600, "benchmarks.Hudson.peakmem_large_sample_size": 790450176, "benchmarks.Hudson.peakmem_long_sequence_length": 163119104, "benchmarks.Hudson.peakmem_long_sequence_length_gene_conversion": 164663296, "benchmarks.Hudson.peakmem_many_replicates": 43356160, "benchmarks.Hudson.time_human_chr22": {"result": [26.523764047014993], "stats": [{"ci_99": [-Infinity, Infinity], "q_25": 26.523764047014993, "q_75": 26.523764047014993, "min": 26.523764047014993, "max": 26.523764047014993, "mean": 26.523764047014993, "std": 0.0, "repeat": 1, "number": 1}]}, "benchmarks.Hudson.time_large_sample_size": {"result": [54.60155492700869], "stats": [{"ci_99": [-Infinity, Infinity], "q_25": 54.60155492700869, "q_75": 54.60155492700869, "min": 54.60155492700869, "max": 54.60155492700869, "mean": 54.60155492700869, "std": 0.0, "repeat": 1, "number": 1}]}, "benchmarks.Hudson.time_long_sequence_length": {"result": [45.67522335401736], "stats": [{"ci_99": [-Infinity, Infinity], "q_25": 45.67522335401736, "q_75": 45.67522335401736, "min": 45.67522335401736, "max": 45.67522335401736, "mean": 45.67522335401736, "std": 0.0, "repeat": 1, "number": 1}]}, "benchmarks.Hudson.time_long_sequence_length_gene_conversion": {"result": [48.33508635300677], "stats": [{"ci_99": [-Infinity, Infinity], "q_25": 48.33508635300677, "q_75": 48.33508635300677, "min": 48.33508635300677, "max": 48.33508635300677, "mean": 48.33508635300677, "std": 0.0, "repeat": 1, "number": 1}]}, "benchmarks.Hudson.time_many_replicates": {"result": [30.054536723007914], "stats": [{"ci_99": [-Infinity, Infinity], "q_25": 30.054536723007914, "q_75": 30.054536723007914, "min": 30.054536723007914, "max": 30.054536723007914, "mean": 30.054536723007914, "std": 0.0, "repeat": 1, "number": 1}]}}, "params": {"arch": "x86_64", "cpu": "Intel(R) Core(TM) i5-3317U CPU @ 1.70GHz", "machine": "poplar", "num_cpu": "4", "os": "Linux 3.13.0-24-generic", "ram": "3931396", "python": "3.8", "stdpopsim": ""}, "requirements": {"stdpopsim": ""}, "commit_hash": "eb0b971dde6da9820a9709cf20a7455b84e2df08", "date": 1579864405000, "env_name": "virtualenv-py3.8-stdpopsim", "python": "3.8", "profiles": {}, "started_at": {"benchmarks.DTWF.peakmem_human_chr22": 1602139388289, "benchmarks.DTWF.peakmem_large_population_size": 1602139466238, "benchmarks.DTWF.peakmem_long_sequence_length": 1602139586290, "benchmarks.DTWF.peakmem_many_replicates": 1602139682376, "benchmarks.DTWF.time_human_chr22": 1602139802447, "benchmarks.DTWF.time_large_population_size": 1602139872533, "benchmarks.DTWF.time_long_sequence_length": 1602139992590, "benchmarks.DTWF.time_many_replicates": 1602140093234, "benchmarks.Hudson.peakmem_human_chr22": 1602140213307, "benchmarks.Hudson.peakmem_large_sample_size": 1602140239758, "benchmarks.Hudson.peakmem_long_sequence_length": 1602140294361, "benchmarks.Hudson.peakmem_long_sequence_length_gene_conversion": 1602140338849, "benchmarks.Hudson.peakmem_many_replicates": 1602140387446, "benchmarks.Hudson.time_human_chr22": 1602140417641, "benchmarks.Hudson.time_large_sample_size": 1602140444293, "benchmarks.Hudson.time_long_sequence_length": 1602140498996, "benchmarks.Hudson.time_long_sequence_length_gene_conversion": 1602140544787, "benchmarks.Hudson.time_many_replicates": 1602140593232}, "ended_at": {"benchmarks.DTWF.peakmem_human_chr22": 1602139466238, "benchmarks.DTWF.peakmem_large_population_size": 1602139586290, "benchmarks.DTWF.peakmem_long_sequence_length": 1602139682376, "benchmarks.DTWF.peakmem_many_replicates": 1602139802446, "benchmarks.DTWF.time_human_chr22": 1602139872533, "benchmarks.DTWF.time_large_population_size": 1602139992590, "benchmarks.DTWF.time_long_sequence_length": 1602140093233, "benchmarks.DTWF.time_many_replicates": 1602140213307, "benchmarks.Hudson.peakmem_human_chr22": 1602140239758, "benchmarks.Hudson.peakmem_large_sample_size": 1602140294360, "benchmarks.Hudson.peakmem_long_sequence_length": 1602140338849, "benchmarks.Hudson.peakmem_long_sequence_length_gene_conversion": 1602140387446, "benchmarks.Hudson.peakmem_many_replicates": 1602140417641, "benchmarks.Hudson.time_human_chr22": 1602140444293, "benchmarks.Hudson.time_large_sample_size": 1602140498996, "benchmarks.Hudson.time_long_sequence_length": 1602140544787, "benchmarks.Hudson.time_long_sequence_length_gene_conversion": 1602140593232, "benchmarks.Hudson.time_many_replicates": 1602140623377}, "benchmark_version": {"benchmarks.DTWF.peakmem_human_chr22": "f848688127844489b5870c5598d06fc61bdb8c1a31b2c71741fb842ce4869124", "benchmarks.DTWF.peakmem_large_population_size": "1c54016f27b74e5d827e0cf71dee2587b99237d50e0c3aa5bfb1e9a54bedf712", "benchmarks.DTWF.peakmem_long_sequence_length": "72b4498a433ac926a303683be39aa07c206b25c22caa613088af6cbe51544ce9", "benchmarks.DTWF.peakmem_many_replicates": "8d591fe1a84bfd039f312aef953605c494b28ed3e3b28bd41773b5a6bbab8e13", "benchmarks.DTWF.time_human_chr22": "d016729b716d45e5a6cc8608ae18480b4f3d6192cc29f39ad8e06222786408c6", "benchmarks.DTWF.time_large_population_size": "5393d907eb6d9700c18c23789395c3a6a8aecf236b49983e2d955dccc6f793a3", "benchmarks.DTWF.time_long_sequence_length": "89860f21a2ad81e267314c086383279e852e4560e27f425d127937bd62fb83f9", "benchmarks.DTWF.time_many_replicates": "8f8fa44794e1a510a8052653f41596e3e11adbcdc838d7ca59f99bdb491be41b", "benchmarks.Hudson.peakmem_human_chr22": "20ef616d263e941e12a3089b8e8dbfee94d982362fe475e40174ebc3506b102a", "benchmarks.Hudson.peakmem_large_sample_size": "0b75d04c5ff9994c35ae62a490034e021485c38567b2699884e524931587881a", "benchmarks.Hudson.peakmem_long_sequence_length": "edd9dee8418f69b81347803203f176ff269220225a8939dc1c4bc1ab32289f94", "benchmarks.Hudson.peakmem_long_sequence_length_gene_conversion": "2236f20c5a4cc1e037abd099ce1f70d0dd2045a14914c96dcc48d0507f45e1da", "benchmarks.Hudson.peakmem_many_replicates": "b93569a722fa5396ed6631750fbdd02c7b47148d63973610f802eb69db85679e", "benchmarks.Hudson.time_human_chr22": "e648432b5c065478e09802f16a5658d37b625c204e147517826817bd6b04acb1", "benchmarks.Hudson.time_large_sample_size": "7bc273fa1975809170f8f4dd7776de03dd9993132a83866c1c135afe37e4d541", "benchmarks.Hudson.time_long_sequence_length": "0b6c7c537bd986f4e9c36c5549b8e939955cbd49901f29827e3ce763790fb3b7", "benchmarks.Hudson.time_long_sequence_length_gene_conversion": "19005a2b4b33b284a84cc0ad033e2d2c646f2d264fd59a5a55e3c2246a05851b", "benchmarks.Hudson.time_many_replicates": "c0f9f49074ade65f919a2db206a10f03ba6f5b53fa86dce2a6a32e96dd8a5067"}, "version": 1}