{"results": {"benchmarks.DTWF.peakmem_human_chr22": 107003904, "benchmarks.DTWF.peakmem_large_population_size": 51773440, "benchmarks.DTWF.peakmem_long_sequence_length": 54026240, "benchmarks.DTWF.peakmem_many_replicates": 43696128, "benchmarks.DTWF.time_human_chr22": {"result": [38.39572631698684], "stats": [{"ci_99": [-Infinity, Infinity], "q_25": 38.39572631698684, "q_75": 38.39572631698684, "min": 38.39572631698684, "max": 38.39572631698684, "mean": 38.39572631698684, "std": 0.0, "repeat": 1, "number": 1}]}, "benchmarks.DTWF.time_large_population_size": {"result": [10.901098492002347], "stats": [{"ci_99": [-Infinity, Infinity], "q_25": 10.901098492002347, "q_75": 10.901098492002347, "min": 10.901098492002347, "max": 10.901098492002347, "mean": 10.901098492002347, "std": 0.0, "repeat": 1, "number": 1}]}, "benchmarks.DTWF.time_long_sequence_length": {"result": [12.144719728996279], "stats": [{"ci_99": [-Infinity, Infinity], "q_25": 12.144719728996279, "q_75": 12.144719728996279, "min": 12.144719728996279, "max": 12.144719728996279, "mean": 12.144719728996279, "std": 0.0, "repeat": 1, "number": 1}]}, "benchmarks.DTWF.time_many_replicates": {"result": [51.06163113701041], "stats": [{"ci_99": [-Infinity, Infinity], "q_25": 51.06163113701041, "q_75": 51.06163113701041, "min": 51.06163113701041, "max": 51.06163113701041, "mean": 51.06163113701041, "std": 0.0, "repeat": 1, "number": 1}]}, "benchmarks.Hudson.peakmem_human_chr22": 140808192, "benchmarks.Hudson.peakmem_large_sample_size": 835801088, "benchmarks.Hudson.peakmem_long_sequence_length": 167583744, "benchmarks.Hudson.peakmem_long_sequence_length_gene_conversion": 167583744, "benchmarks.Hudson.peakmem_many_replicates": 43614208, "benchmarks.Hudson.time_human_chr22": {"result": [31.04679855098948], "stats": [{"ci_99": [-Infinity, Infinity], "q_25": 31.04679855098948, "q_75": 31.04679855098948, "min": 31.04679855098948, "max": 31.04679855098948, "mean": 31.04679855098948, "std": 0.0, "repeat": 1, "number": 1}]}, "benchmarks.Hudson.time_large_sample_size": {"result": [62.831559895013925], "stats": [{"ci_99": [-Infinity, Infinity], "q_25": 62.831559895013925, "q_75": 62.831559895013925, "min": 62.831559895013925, "max": 62.831559895013925, "mean": 62.831559895013925, "std": 0.0, "repeat": 1, "number": 1}]}, "benchmarks.Hudson.time_long_sequence_length": {"result": [48.89766646397766], "stats": [{"ci_99": [-Infinity, Infinity], "q_25": 48.89766646397766, "q_75": 48.89766646397766, "min": 48.89766646397766, "max": 48.89766646397766, "mean": 48.89766646397766, "std": 0.0, "repeat": 1, "number": 1}]}, "benchmarks.Hudson.time_long_sequence_length_gene_conversion": {"result": [50.725498004001565], "stats": [{"ci_99": [-Infinity, Infinity], "q_25": 50.725498004001565, "q_75": 50.725498004001565, "min": 50.725498004001565, "max": 50.725498004001565, "mean": 50.725498004001565, "std": 0.0, "repeat": 1, "number": 1}]}, "benchmarks.Hudson.time_many_replicates": {"result": [32.08599177899305], "stats": [{"ci_99": [-Infinity, Infinity], "q_25": 32.08599177899305, "q_75": 32.08599177899305, "min": 32.08599177899305, "max": 32.08599177899305, "mean": 32.08599177899305, "std": 0.0, "repeat": 1, "number": 1}]}}, "params": {"arch": "x86_64", "cpu": "Intel(R) Core(TM) i5-3317U CPU @ 1.70GHz", "machine": "poplar", "num_cpu": "4", "os": "Linux 3.13.0-24-generic", "ram": "3931396", "python": "3.8", "stdpopsim": ""}, "requirements": {"stdpopsim": ""}, "commit_hash": "ed4879ad923eeb0119752f51e5f96c5e9cb9f1d2", "date": 1583945442000, "env_name": "virtualenv-py3.8-stdpopsim", "python": "3.8", "profiles": {}, "started_at": {"benchmarks.DTWF.peakmem_human_chr22": 1602103514134, "benchmarks.DTWF.peakmem_large_population_size": 1602103552163, "benchmarks.DTWF.peakmem_long_sequence_length": 1602103563188, "benchmarks.DTWF.peakmem_many_replicates": 1602103575809, "benchmarks.DTWF.time_human_chr22": 1602103627036, "benchmarks.DTWF.time_large_population_size": 1602103665566, "benchmarks.DTWF.time_long_sequence_length": 1602103676591, "benchmarks.DTWF.time_many_replicates": 1602103688861, "benchmarks.Hudson.peakmem_human_chr22": 1602103740038, "benchmarks.Hudson.peakmem_large_sample_size": 1602103772204, "benchmarks.Hudson.peakmem_long_sequence_length": 1602103827757, "benchmarks.Hudson.peakmem_long_sequence_length_gene_conversion": 1602103877408, "benchmarks.Hudson.peakmem_many_replicates": 1602103926908, "benchmarks.Hudson.time_human_chr22": 1602103959107, "benchmarks.Hudson.time_large_sample_size": 1602103990272, "benchmarks.Hudson.time_long_sequence_length": 1602104053241, "benchmarks.Hudson.time_long_sequence_length_gene_conversion": 1602104102242, "benchmarks.Hudson.time_many_replicates": 1602104153097}, "ended_at": {"benchmarks.DTWF.peakmem_human_chr22": 1602103552163, "benchmarks.DTWF.peakmem_large_population_size": 1602103563188, "benchmarks.DTWF.peakmem_long_sequence_length": 1602103575809, "benchmarks.DTWF.peakmem_many_replicates": 1602103627036, "benchmarks.DTWF.time_human_chr22": 1602103665566, "benchmarks.DTWF.time_large_population_size": 1602103676591, "benchmarks.DTWF.time_long_sequence_length": 1602103688861, "benchmarks.DTWF.time_many_replicates": 1602103740038, "benchmarks.Hudson.peakmem_human_chr22": 1602103772204, "benchmarks.Hudson.peakmem_large_sample_size": 1602103827757, "benchmarks.Hudson.peakmem_long_sequence_length": 1602103877408, "benchmarks.Hudson.peakmem_long_sequence_length_gene_conversion": 1602103926908, "benchmarks.Hudson.peakmem_many_replicates": 1602103959107, "benchmarks.Hudson.time_human_chr22": 1602103990272, "benchmarks.Hudson.time_large_sample_size": 1602104053241, "benchmarks.Hudson.time_long_sequence_length": 1602104102242, "benchmarks.Hudson.time_long_sequence_length_gene_conversion": 1602104153097, "benchmarks.Hudson.time_many_replicates": 1602104185297}, "benchmark_version": {"benchmarks.DTWF.peakmem_human_chr22": "f848688127844489b5870c5598d06fc61bdb8c1a31b2c71741fb842ce4869124", "benchmarks.DTWF.peakmem_large_population_size": "1c54016f27b74e5d827e0cf71dee2587b99237d50e0c3aa5bfb1e9a54bedf712", "benchmarks.DTWF.peakmem_long_sequence_length": "72b4498a433ac926a303683be39aa07c206b25c22caa613088af6cbe51544ce9", "benchmarks.DTWF.peakmem_many_replicates": "8d591fe1a84bfd039f312aef953605c494b28ed3e3b28bd41773b5a6bbab8e13", "benchmarks.DTWF.time_human_chr22": "d016729b716d45e5a6cc8608ae18480b4f3d6192cc29f39ad8e06222786408c6", "benchmarks.DTWF.time_large_population_size": "5393d907eb6d9700c18c23789395c3a6a8aecf236b49983e2d955dccc6f793a3", "benchmarks.DTWF.time_long_sequence_length": "89860f21a2ad81e267314c086383279e852e4560e27f425d127937bd62fb83f9", "benchmarks.DTWF.time_many_replicates": "8f8fa44794e1a510a8052653f41596e3e11adbcdc838d7ca59f99bdb491be41b", "benchmarks.Hudson.peakmem_human_chr22": "20ef616d263e941e12a3089b8e8dbfee94d982362fe475e40174ebc3506b102a", "benchmarks.Hudson.peakmem_large_sample_size": "0b75d04c5ff9994c35ae62a490034e021485c38567b2699884e524931587881a", "benchmarks.Hudson.peakmem_long_sequence_length": "edd9dee8418f69b81347803203f176ff269220225a8939dc1c4bc1ab32289f94", "benchmarks.Hudson.peakmem_long_sequence_length_gene_conversion": "2236f20c5a4cc1e037abd099ce1f70d0dd2045a14914c96dcc48d0507f45e1da", "benchmarks.Hudson.peakmem_many_replicates": "b93569a722fa5396ed6631750fbdd02c7b47148d63973610f802eb69db85679e", "benchmarks.Hudson.time_human_chr22": "e648432b5c065478e09802f16a5658d37b625c204e147517826817bd6b04acb1", "benchmarks.Hudson.time_large_sample_size": "7bc273fa1975809170f8f4dd7776de03dd9993132a83866c1c135afe37e4d541", "benchmarks.Hudson.time_long_sequence_length": "0b6c7c537bd986f4e9c36c5549b8e939955cbd49901f29827e3ce763790fb3b7", "benchmarks.Hudson.time_long_sequence_length_gene_conversion": "19005a2b4b33b284a84cc0ad033e2d2c646f2d264fd59a5a55e3c2246a05851b", "benchmarks.Hudson.time_many_replicates": "c0f9f49074ade65f919a2db206a10f03ba6f5b53fa86dce2a6a32e96dd8a5067"}, "version": 1}