{"results": {"benchmarks.DTWF.peakmem_human_chr22": 111251456, "benchmarks.DTWF.peakmem_large_population_size": 53440512, "benchmarks.DTWF.peakmem_long_sequence_length": 58966016, "benchmarks.DTWF.peakmem_many_replicates": 48758784, "benchmarks.DTWF.time_human_chr22": {"result": [28.244227082002908], "stats": [{"ci_99": [-Infinity, Infinity], "q_25": 28.244227082002908, "q_75": 28.244227082002908, "min": 28.244227082002908, "max": 28.244227082002908, "mean": 28.244227082002908, "std": 0.0, "repeat": 1, "number": 1}]}, "benchmarks.DTWF.time_large_population_size": {"result": [11.25106679298915], "stats": [{"ci_99": [-Infinity, Infinity], "q_25": 11.25106679298915, "q_75": 11.25106679298915, "min": 11.25106679298915, "max": 11.25106679298915, "mean": 11.25106679298915, "std": 0.0, "repeat": 1, "number": 1}]}, "benchmarks.DTWF.time_long_sequence_length": {"result": [12.05750687699765], "stats": [{"ci_99": [-Infinity, Infinity], "q_25": 12.05750687699765, "q_75": 12.05750687699765, "min": 12.05750687699765, "max": 12.05750687699765, "mean": 12.05750687699765, "std": 0.0, "repeat": 1, "number": 1}]}, "benchmarks.DTWF.time_many_replicates": {"result": [52.706357818009565], "stats": [{"ci_99": [-Infinity, Infinity], "q_25": 52.706357818009565, "q_75": 52.706357818009565, "min": 52.706357818009565, "max": 52.706357818009565, "mean": 52.706357818009565, "std": 0.0, "repeat": 1, "number": 1}]}, "benchmarks.Hudson.peakmem_human_chr22": 144306176, "benchmarks.Hudson.peakmem_large_sample_size": 801525760, "benchmarks.Hudson.peakmem_long_sequence_length": 170020864, "benchmarks.Hudson.peakmem_long_sequence_length_gene_conversion": 172576768, "benchmarks.Hudson.peakmem_many_replicates": 49012736, "benchmarks.Hudson.time_human_chr22": {"result": [54.12111409701174], "stats": [{"ci_99": [-Infinity, Infinity], "q_25": 54.12111409701174, "q_75": 54.12111409701174, "min": 54.12111409701174, "max": 54.12111409701174, "mean": 54.12111409701174, "std": 0.0, "repeat": 1, "number": 1}]}, "benchmarks.Hudson.time_large_sample_size": {"result": [56.25941852800315], "stats": [{"ci_99": [-Infinity, Infinity], "q_25": 56.25941852800315, "q_75": 56.25941852800315, "min": 56.25941852800315, "max": 56.25941852800315, "mean": 56.25941852800315, "std": 0.0, "repeat": 1, "number": 1}]}, "benchmarks.Hudson.time_long_sequence_length": {"result": [49.781420812010765], "stats": [{"ci_99": [-Infinity, Infinity], "q_25": 49.781420812010765, "q_75": 49.781420812010765, "min": 49.781420812010765, "max": 49.781420812010765, "mean": 49.781420812010765, "std": 0.0, "repeat": 1, "number": 1}]}, "benchmarks.Hudson.time_long_sequence_length_gene_conversion": {"result": [51.9106165660196], "stats": [{"ci_99": [-Infinity, Infinity], "q_25": 51.9106165660196, "q_75": 51.9106165660196, "min": 51.9106165660196, "max": 51.9106165660196, "mean": 51.9106165660196, "std": 0.0, "repeat": 1, "number": 1}]}, "benchmarks.Hudson.time_many_replicates": {"result": [33.66026088298531], "stats": [{"ci_99": [-Infinity, Infinity], "q_25": 33.66026088298531, "q_75": 33.66026088298531, "min": 33.66026088298531, "max": 33.66026088298531, "mean": 33.66026088298531, "std": 0.0, "repeat": 1, "number": 1}]}}, "params": {"arch": "x86_64", "cpu": "Intel(R) Core(TM) i5-3317U CPU @ 1.70GHz", "machine": "poplar", "num_cpu": "4", "os": "Linux 3.13.0-24-generic", "ram": "3931396", "python": "3.8", "stdpopsim": ""}, "requirements": {"stdpopsim": ""}, "commit_hash": "edf0d1dfacd4d99b2748e40a926ae39a823fc965", "date": 1599583129000, "env_name": "virtualenv-py3.8-stdpopsim", "python": "3.8", "profiles": {}, "started_at": {"benchmarks.DTWF.peakmem_human_chr22": 1602002787071, "benchmarks.DTWF.peakmem_large_population_size": 1602002816031, "benchmarks.DTWF.peakmem_long_sequence_length": 1602002827406, "benchmarks.DTWF.peakmem_many_replicates": 1602002839426, "benchmarks.DTWF.time_human_chr22": 1602002892455, "benchmarks.DTWF.time_large_population_size": 1602002920815, "benchmarks.DTWF.time_long_sequence_length": 1602002932190, "benchmarks.DTWF.time_many_replicates": 1602002944361, "benchmarks.Hudson.peakmem_human_chr22": 1602002997190, "benchmarks.Hudson.peakmem_large_sample_size": 1602003050946, "benchmarks.Hudson.peakmem_long_sequence_length": 1602003113708, "benchmarks.Hudson.peakmem_long_sequence_length_gene_conversion": 1602003163206, "benchmarks.Hudson.peakmem_many_replicates": 1602003214657, "benchmarks.Hudson.time_human_chr22": 1602003248458, "benchmarks.Hudson.time_large_sample_size": 1602003302715, "benchmarks.Hudson.time_long_sequence_length": 1602003359070, "benchmarks.Hudson.time_long_sequence_length_gene_conversion": 1602003408968, "benchmarks.Hudson.time_many_replicates": 1602003460971}, "ended_at": {"benchmarks.DTWF.peakmem_human_chr22": 1602002816031, "benchmarks.DTWF.peakmem_large_population_size": 1602002827406, "benchmarks.DTWF.peakmem_long_sequence_length": 1602002839426, "benchmarks.DTWF.peakmem_many_replicates": 1602002892455, "benchmarks.DTWF.time_human_chr22": 1602002920815, "benchmarks.DTWF.time_large_population_size": 1602002932190, "benchmarks.DTWF.time_long_sequence_length": 1602002944360, "benchmarks.DTWF.time_many_replicates": 1602002997190, "benchmarks.Hudson.peakmem_human_chr22": 1602003050946, "benchmarks.Hudson.peakmem_large_sample_size": 1602003113708, "benchmarks.Hudson.peakmem_long_sequence_length": 1602003163205, "benchmarks.Hudson.peakmem_long_sequence_length_gene_conversion": 1602003214657, "benchmarks.Hudson.peakmem_many_replicates": 1602003248458, "benchmarks.Hudson.time_human_chr22": 1602003302715, "benchmarks.Hudson.time_large_sample_size": 1602003359069, "benchmarks.Hudson.time_long_sequence_length": 1602003408967, "benchmarks.Hudson.time_long_sequence_length_gene_conversion": 1602003460971, "benchmarks.Hudson.time_many_replicates": 1602003494722}, "benchmark_version": {"benchmarks.DTWF.peakmem_human_chr22": "f848688127844489b5870c5598d06fc61bdb8c1a31b2c71741fb842ce4869124", "benchmarks.DTWF.peakmem_large_population_size": "1c54016f27b74e5d827e0cf71dee2587b99237d50e0c3aa5bfb1e9a54bedf712", "benchmarks.DTWF.peakmem_long_sequence_length": "72b4498a433ac926a303683be39aa07c206b25c22caa613088af6cbe51544ce9", "benchmarks.DTWF.peakmem_many_replicates": "8d591fe1a84bfd039f312aef953605c494b28ed3e3b28bd41773b5a6bbab8e13", "benchmarks.DTWF.time_human_chr22": "d016729b716d45e5a6cc8608ae18480b4f3d6192cc29f39ad8e06222786408c6", "benchmarks.DTWF.time_large_population_size": "5393d907eb6d9700c18c23789395c3a6a8aecf236b49983e2d955dccc6f793a3", "benchmarks.DTWF.time_long_sequence_length": "89860f21a2ad81e267314c086383279e852e4560e27f425d127937bd62fb83f9", "benchmarks.DTWF.time_many_replicates": "8f8fa44794e1a510a8052653f41596e3e11adbcdc838d7ca59f99bdb491be41b", "benchmarks.Hudson.peakmem_human_chr22": "20ef616d263e941e12a3089b8e8dbfee94d982362fe475e40174ebc3506b102a", "benchmarks.Hudson.peakmem_large_sample_size": "0b75d04c5ff9994c35ae62a490034e021485c38567b2699884e524931587881a", "benchmarks.Hudson.peakmem_long_sequence_length": "edd9dee8418f69b81347803203f176ff269220225a8939dc1c4bc1ab32289f94", "benchmarks.Hudson.peakmem_long_sequence_length_gene_conversion": "2236f20c5a4cc1e037abd099ce1f70d0dd2045a14914c96dcc48d0507f45e1da", "benchmarks.Hudson.peakmem_many_replicates": "b93569a722fa5396ed6631750fbdd02c7b47148d63973610f802eb69db85679e", "benchmarks.Hudson.time_human_chr22": "e648432b5c065478e09802f16a5658d37b625c204e147517826817bd6b04acb1", "benchmarks.Hudson.time_large_sample_size": "7bc273fa1975809170f8f4dd7776de03dd9993132a83866c1c135afe37e4d541", "benchmarks.Hudson.time_long_sequence_length": "0b6c7c537bd986f4e9c36c5549b8e939955cbd49901f29827e3ce763790fb3b7", "benchmarks.Hudson.time_long_sequence_length_gene_conversion": "19005a2b4b33b284a84cc0ad033e2d2c646f2d264fd59a5a55e3c2246a05851b", "benchmarks.Hudson.time_many_replicates": "c0f9f49074ade65f919a2db206a10f03ba6f5b53fa86dce2a6a32e96dd8a5067"}, "version": 1}