{"results": {"benchmarks.DTWF.peakmem_human_chr22": 101281792, "benchmarks.DTWF.peakmem_large_population_size": null, "benchmarks.DTWF.peakmem_long_sequence_length": 54140928, "benchmarks.DTWF.peakmem_many_replicates": null, "benchmarks.DTWF.time_human_chr22": {"result": [95.8773919059895], "stats": [{"ci_99": [-Infinity, Infinity], "q_25": 95.8773919059895, "q_75": 95.8773919059895, "min": 95.8773919059895, "max": 95.8773919059895, "mean": 95.8773919059895, "std": 0.0, "repeat": 1, "number": 1}]}, "benchmarks.DTWF.time_large_population_size": null, "benchmarks.DTWF.time_long_sequence_length": {"result": [95.35498243797338], "stats": [{"ci_99": [-Infinity, Infinity], "q_25": 95.35498243797338, "q_75": 95.35498243797338, "min": 95.35498243797338, "max": 95.35498243797338, "mean": 95.35498243797338, "std": 0.0, "repeat": 1, "number": 1}]}, "benchmarks.DTWF.time_many_replicates": null, "benchmarks.Hudson.peakmem_human_chr22": 133779456, "benchmarks.Hudson.peakmem_large_sample_size": 793157632, "benchmarks.Hudson.peakmem_long_sequence_length": 162021376, "benchmarks.Hudson.peakmem_long_sequence_length_gene_conversion": 162021376, "benchmarks.Hudson.peakmem_many_replicates": 43073536, "benchmarks.Hudson.time_human_chr22": {"result": [57.542562785034534], "stats": [{"ci_99": [-Infinity, Infinity], "q_25": 57.542562785034534, "q_75": 57.542562785034534, "min": 57.542562785034534, "max": 57.542562785034534, "mean": 57.542562785034534, "std": 0.0, "repeat": 1, "number": 1}]}, "benchmarks.Hudson.time_large_sample_size": {"result": [52.54809923499124], "stats": [{"ci_99": [-Infinity, Infinity], "q_25": 52.54809923499124, "q_75": 52.54809923499124, "min": 52.54809923499124, "max": 52.54809923499124, "mean": 52.54809923499124, "std": 0.0, "repeat": 1, "number": 1}]}, "benchmarks.Hudson.time_long_sequence_length": {"result": [47.304149948002305], "stats": [{"ci_99": [-Infinity, Infinity], "q_25": 47.304149948002305, "q_75": 47.304149948002305, "min": 47.304149948002305, "max": 47.304149948002305, "mean": 47.304149948002305, "std": 0.0, "repeat": 1, "number": 1}]}, "benchmarks.Hudson.time_long_sequence_length_gene_conversion": {"result": [46.492934937996324], "stats": [{"ci_99": [-Infinity, Infinity], "q_25": 46.492934937996324, "q_75": 46.492934937996324, "min": 46.492934937996324, "max": 46.492934937996324, "mean": 46.492934937996324, "std": 0.0, "repeat": 1, "number": 1}]}, "benchmarks.Hudson.time_many_replicates": {"result": [30.535311067011207], "stats": [{"ci_99": [-Infinity, Infinity], "q_25": 30.535311067011207, "q_75": 30.535311067011207, "min": 30.535311067011207, "max": 30.535311067011207, "mean": 30.535311067011207, "std": 0.0, "repeat": 1, "number": 1}]}}, "params": {"arch": "x86_64", "cpu": "Intel(R) Core(TM) i5-3317U CPU @ 1.70GHz", "machine": "poplar", "num_cpu": "4", "os": "Linux 3.13.0-24-generic", "ram": "3931396", "python": "3.8", "stdpopsim": ""}, "requirements": {"stdpopsim": ""}, "commit_hash": "eecf9c2afea5ada9d9ec34229e2c31fe63c436e7", "date": 1560410098000, "env_name": "virtualenv-py3.8-stdpopsim", "python": "3.8", "profiles": {}, "started_at": {"benchmarks.DTWF.peakmem_human_chr22": 1602204307710, "benchmarks.DTWF.peakmem_large_population_size": 1602204404401, "benchmarks.DTWF.peakmem_long_sequence_length": 1602204524461, "benchmarks.DTWF.peakmem_many_replicates": 1602204620001, "benchmarks.DTWF.time_human_chr22": 1602204740076, "benchmarks.DTWF.time_large_population_size": 1602204836068, "benchmarks.DTWF.time_long_sequence_length": 1602204956129, "benchmarks.DTWF.time_many_replicates": 1602205051569, "benchmarks.Hudson.peakmem_human_chr22": 1602205171645, "benchmarks.Hudson.peakmem_large_sample_size": 1602205228006, "benchmarks.Hudson.peakmem_long_sequence_length": 1602205284609, "benchmarks.Hudson.peakmem_long_sequence_length_gene_conversion": 1602205328898, "benchmarks.Hudson.peakmem_many_replicates": 1602205377042, "benchmarks.Hudson.time_human_chr22": 1602205407739, "benchmarks.Hudson.time_large_sample_size": 1602205465401, "benchmarks.Hudson.time_long_sequence_length": 1602205518050, "benchmarks.Hudson.time_long_sequence_length_gene_conversion": 1602205565444, "benchmarks.Hudson.time_many_replicates": 1602205612038}, "ended_at": {"benchmarks.DTWF.peakmem_human_chr22": 1602204404400, "benchmarks.DTWF.peakmem_large_population_size": 1602204524461, "benchmarks.DTWF.peakmem_long_sequence_length": 1602204620001, "benchmarks.DTWF.peakmem_many_replicates": 1602204740076, "benchmarks.DTWF.time_human_chr22": 1602204836067, "benchmarks.DTWF.time_large_population_size": 1602204956128, "benchmarks.DTWF.time_long_sequence_length": 1602205051568, "benchmarks.DTWF.time_many_replicates": 1602205171645, "benchmarks.Hudson.peakmem_human_chr22": 1602205228006, "benchmarks.Hudson.peakmem_large_sample_size": 1602205284609, "benchmarks.Hudson.peakmem_long_sequence_length": 1602205328898, "benchmarks.Hudson.peakmem_long_sequence_length_gene_conversion": 1602205377042, "benchmarks.Hudson.peakmem_many_replicates": 1602205407739, "benchmarks.Hudson.time_human_chr22": 1602205465401, "benchmarks.Hudson.time_large_sample_size": 1602205518050, "benchmarks.Hudson.time_long_sequence_length": 1602205565444, "benchmarks.Hudson.time_long_sequence_length_gene_conversion": 1602205612037, "benchmarks.Hudson.time_many_replicates": 1602205642684}, "benchmark_version": {"benchmarks.DTWF.peakmem_human_chr22": "f848688127844489b5870c5598d06fc61bdb8c1a31b2c71741fb842ce4869124", "benchmarks.DTWF.peakmem_large_population_size": "1c54016f27b74e5d827e0cf71dee2587b99237d50e0c3aa5bfb1e9a54bedf712", "benchmarks.DTWF.peakmem_long_sequence_length": "72b4498a433ac926a303683be39aa07c206b25c22caa613088af6cbe51544ce9", "benchmarks.DTWF.peakmem_many_replicates": "8d591fe1a84bfd039f312aef953605c494b28ed3e3b28bd41773b5a6bbab8e13", "benchmarks.DTWF.time_human_chr22": "d016729b716d45e5a6cc8608ae18480b4f3d6192cc29f39ad8e06222786408c6", "benchmarks.DTWF.time_large_population_size": "5393d907eb6d9700c18c23789395c3a6a8aecf236b49983e2d955dccc6f793a3", "benchmarks.DTWF.time_long_sequence_length": "89860f21a2ad81e267314c086383279e852e4560e27f425d127937bd62fb83f9", "benchmarks.DTWF.time_many_replicates": "8f8fa44794e1a510a8052653f41596e3e11adbcdc838d7ca59f99bdb491be41b", "benchmarks.Hudson.peakmem_human_chr22": "20ef616d263e941e12a3089b8e8dbfee94d982362fe475e40174ebc3506b102a", "benchmarks.Hudson.peakmem_large_sample_size": "0b75d04c5ff9994c35ae62a490034e021485c38567b2699884e524931587881a", "benchmarks.Hudson.peakmem_long_sequence_length": "edd9dee8418f69b81347803203f176ff269220225a8939dc1c4bc1ab32289f94", "benchmarks.Hudson.peakmem_long_sequence_length_gene_conversion": "2236f20c5a4cc1e037abd099ce1f70d0dd2045a14914c96dcc48d0507f45e1da", "benchmarks.Hudson.peakmem_many_replicates": "b93569a722fa5396ed6631750fbdd02c7b47148d63973610f802eb69db85679e", "benchmarks.Hudson.time_human_chr22": "e648432b5c065478e09802f16a5658d37b625c204e147517826817bd6b04acb1", "benchmarks.Hudson.time_large_sample_size": "7bc273fa1975809170f8f4dd7776de03dd9993132a83866c1c135afe37e4d541", "benchmarks.Hudson.time_long_sequence_length": "0b6c7c537bd986f4e9c36c5549b8e939955cbd49901f29827e3ce763790fb3b7", "benchmarks.Hudson.time_long_sequence_length_gene_conversion": "19005a2b4b33b284a84cc0ad033e2d2c646f2d264fd59a5a55e3c2246a05851b", "benchmarks.Hudson.time_many_replicates": "c0f9f49074ade65f919a2db206a10f03ba6f5b53fa86dce2a6a32e96dd8a5067"}, "version": 1}