{"results": {"benchmarks.DTWF.peakmem_human_chr22": 106921984, "benchmarks.DTWF.peakmem_large_population_size": 52662272, "benchmarks.DTWF.peakmem_long_sequence_length": 55046144, "benchmarks.DTWF.peakmem_many_replicates": 43683840, "benchmarks.DTWF.time_human_chr22": {"result": [37.49162309599342], "stats": [{"ci_99": [-Infinity, Infinity], "q_25": 37.49162309599342, "q_75": 37.49162309599342, "min": 37.49162309599342, "max": 37.49162309599342, "mean": 37.49162309599342, "std": 0.0, "repeat": 1, "number": 1}]}, "benchmarks.DTWF.time_large_population_size": {"result": [10.868689341994468], "stats": [{"ci_99": [-Infinity, Infinity], "q_25": 10.868689341994468, "q_75": 10.868689341994468, "min": 10.868689341994468, "max": 10.868689341994468, "mean": 10.868689341994468, "std": 0.0, "repeat": 1, "number": 1}]}, "benchmarks.DTWF.time_long_sequence_length": {"result": [12.56058797298465], "stats": [{"ci_99": [-Infinity, Infinity], "q_25": 12.56058797298465, "q_75": 12.56058797298465, "min": 12.56058797298465, "max": 12.56058797298465, "mean": 12.56058797298465, "std": 0.0, "repeat": 1, "number": 1}]}, "benchmarks.DTWF.time_many_replicates": {"result": [50.668626742990455], "stats": [{"ci_99": [-Infinity, Infinity], "q_25": 50.668626742990455, "q_75": 50.668626742990455, "min": 50.668626742990455, "max": 50.668626742990455, "mean": 50.668626742990455, "std": 0.0, "repeat": 1, "number": 1}]}, "benchmarks.Hudson.peakmem_human_chr22": 140922880, "benchmarks.Hudson.peakmem_large_sample_size": 835940352, "benchmarks.Hudson.peakmem_long_sequence_length": 167849984, "benchmarks.Hudson.peakmem_long_sequence_length_gene_conversion": 167849984, "benchmarks.Hudson.peakmem_many_replicates": 43737088, "benchmarks.Hudson.time_human_chr22": {"result": [30.70712978899246], "stats": [{"ci_99": [-Infinity, Infinity], "q_25": 30.70712978899246, "q_75": 30.70712978899246, "min": 30.70712978899246, "max": 30.70712978899246, "mean": 30.70712978899246, "std": 0.0, "repeat": 1, "number": 1}]}, "benchmarks.Hudson.time_large_sample_size": {"result": [62.857310752006015], "stats": [{"ci_99": [-Infinity, Infinity], "q_25": 62.857310752006015, "q_75": 62.857310752006015, "min": 62.857310752006015, "max": 62.857310752006015, "mean": 62.857310752006015, "std": 0.0, "repeat": 1, "number": 1}]}, "benchmarks.Hudson.time_long_sequence_length": {"result": [48.94461975499871], "stats": [{"ci_99": [-Infinity, Infinity], "q_25": 48.94461975499871, "q_75": 48.94461975499871, "min": 48.94461975499871, "max": 48.94461975499871, "mean": 48.94461975499871, "std": 0.0, "repeat": 1, "number": 1}]}, "benchmarks.Hudson.time_long_sequence_length_gene_conversion": {"result": [50.310028437001165], "stats": [{"ci_99": [-Infinity, Infinity], "q_25": 50.310028437001165, "q_75": 50.310028437001165, "min": 50.310028437001165, "max": 50.310028437001165, "mean": 50.310028437001165, "std": 0.0, "repeat": 1, "number": 1}]}, "benchmarks.Hudson.time_many_replicates": {"result": [31.53595700801816], "stats": [{"ci_99": [-Infinity, Infinity], "q_25": 31.53595700801816, "q_75": 31.53595700801816, "min": 31.53595700801816, "max": 31.53595700801816, "mean": 31.53595700801816, "std": 0.0, "repeat": 1, "number": 1}]}}, "params": {"arch": "x86_64", "cpu": "Intel(R) Core(TM) i5-3317U CPU @ 1.70GHz", "machine": "poplar", "num_cpu": "4", "os": "Linux 3.13.0-24-generic", "ram": "3931396", "python": "3.8", "stdpopsim": ""}, "requirements": {"stdpopsim": ""}, "commit_hash": "f1259cc54d5f39cd709ec39fd9b9a0e424d6137c", "date": 1587549374000, "env_name": "virtualenv-py3.8-stdpopsim", "python": "3.8", "profiles": {}, "started_at": {"benchmarks.DTWF.peakmem_human_chr22": 1602081225716, "benchmarks.DTWF.peakmem_large_population_size": 1602081264190, "benchmarks.DTWF.peakmem_long_sequence_length": 1602081275162, "benchmarks.DTWF.peakmem_many_replicates": 1602081287530, "benchmarks.DTWF.time_human_chr22": 1602081338155, "benchmarks.DTWF.time_large_population_size": 1602081375783, "benchmarks.DTWF.time_long_sequence_length": 1602081386758, "benchmarks.DTWF.time_many_replicates": 1602081399428, "benchmarks.Hudson.peakmem_human_chr22": 1602081450204, "benchmarks.Hudson.peakmem_large_sample_size": 1602081482871, "benchmarks.Hudson.peakmem_long_sequence_length": 1602081537676, "benchmarks.Hudson.peakmem_long_sequence_length_gene_conversion": 1602081587075, "benchmarks.Hudson.peakmem_many_replicates": 1602081636524, "benchmarks.Hudson.time_human_chr22": 1602081668173, "benchmarks.Hudson.time_large_sample_size": 1602081698986, "benchmarks.Hudson.time_long_sequence_length": 1602081761951, "benchmarks.Hudson.time_long_sequence_length_gene_conversion": 1602081811000, "benchmarks.Hudson.time_many_replicates": 1602081861452}, "ended_at": {"benchmarks.DTWF.peakmem_human_chr22": 1602081264189, "benchmarks.DTWF.peakmem_large_population_size": 1602081275162, "benchmarks.DTWF.peakmem_long_sequence_length": 1602081287530, "benchmarks.DTWF.peakmem_many_replicates": 1602081338154, "benchmarks.DTWF.time_human_chr22": 1602081375782, "benchmarks.DTWF.time_large_population_size": 1602081386757, "benchmarks.DTWF.time_long_sequence_length": 1602081399428, "benchmarks.DTWF.time_many_replicates": 1602081450204, "benchmarks.Hudson.peakmem_human_chr22": 1602081482871, "benchmarks.Hudson.peakmem_large_sample_size": 1602081537676, "benchmarks.Hudson.peakmem_long_sequence_length": 1602081587075, "benchmarks.Hudson.peakmem_long_sequence_length_gene_conversion": 1602081636524, "benchmarks.Hudson.peakmem_many_replicates": 1602081668173, "benchmarks.Hudson.time_human_chr22": 1602081698986, "benchmarks.Hudson.time_large_sample_size": 1602081761951, "benchmarks.Hudson.time_long_sequence_length": 1602081811000, "benchmarks.Hudson.time_long_sequence_length_gene_conversion": 1602081861452, "benchmarks.Hudson.time_many_replicates": 1602081893100}, "benchmark_version": {"benchmarks.DTWF.peakmem_human_chr22": "f848688127844489b5870c5598d06fc61bdb8c1a31b2c71741fb842ce4869124", "benchmarks.DTWF.peakmem_large_population_size": "1c54016f27b74e5d827e0cf71dee2587b99237d50e0c3aa5bfb1e9a54bedf712", "benchmarks.DTWF.peakmem_long_sequence_length": "72b4498a433ac926a303683be39aa07c206b25c22caa613088af6cbe51544ce9", "benchmarks.DTWF.peakmem_many_replicates": "8d591fe1a84bfd039f312aef953605c494b28ed3e3b28bd41773b5a6bbab8e13", "benchmarks.DTWF.time_human_chr22": "d016729b716d45e5a6cc8608ae18480b4f3d6192cc29f39ad8e06222786408c6", "benchmarks.DTWF.time_large_population_size": "5393d907eb6d9700c18c23789395c3a6a8aecf236b49983e2d955dccc6f793a3", "benchmarks.DTWF.time_long_sequence_length": "89860f21a2ad81e267314c086383279e852e4560e27f425d127937bd62fb83f9", "benchmarks.DTWF.time_many_replicates": "8f8fa44794e1a510a8052653f41596e3e11adbcdc838d7ca59f99bdb491be41b", "benchmarks.Hudson.peakmem_human_chr22": "20ef616d263e941e12a3089b8e8dbfee94d982362fe475e40174ebc3506b102a", "benchmarks.Hudson.peakmem_large_sample_size": "0b75d04c5ff9994c35ae62a490034e021485c38567b2699884e524931587881a", "benchmarks.Hudson.peakmem_long_sequence_length": "edd9dee8418f69b81347803203f176ff269220225a8939dc1c4bc1ab32289f94", "benchmarks.Hudson.peakmem_long_sequence_length_gene_conversion": "2236f20c5a4cc1e037abd099ce1f70d0dd2045a14914c96dcc48d0507f45e1da", "benchmarks.Hudson.peakmem_many_replicates": "b93569a722fa5396ed6631750fbdd02c7b47148d63973610f802eb69db85679e", "benchmarks.Hudson.time_human_chr22": "e648432b5c065478e09802f16a5658d37b625c204e147517826817bd6b04acb1", "benchmarks.Hudson.time_large_sample_size": "7bc273fa1975809170f8f4dd7776de03dd9993132a83866c1c135afe37e4d541", "benchmarks.Hudson.time_long_sequence_length": "0b6c7c537bd986f4e9c36c5549b8e939955cbd49901f29827e3ce763790fb3b7", "benchmarks.Hudson.time_long_sequence_length_gene_conversion": "19005a2b4b33b284a84cc0ad033e2d2c646f2d264fd59a5a55e3c2246a05851b", "benchmarks.Hudson.time_many_replicates": "c0f9f49074ade65f919a2db206a10f03ba6f5b53fa86dce2a6a32e96dd8a5067"}, "version": 1}