{"results": {"benchmarks.DTWF.peakmem_human_chr22": 111800320, "benchmarks.DTWF.peakmem_large_population_size": 57217024, "benchmarks.DTWF.peakmem_long_sequence_length": 49078272, "benchmarks.DTWF.peakmem_many_replicates": 49029120, "benchmarks.DTWF.time_human_chr22": {"result": [32.56586344399966], "stats": [{"ci_99": [-Infinity, Infinity], "q_25": 32.56586344399966, "q_75": 32.56586344399966, "min": 32.56586344399966, "max": 32.56586344399966, "mean": 32.56586344399966, "std": 0.0, "repeat": 1, "number": 1}]}, "benchmarks.DTWF.time_large_population_size": {"result": [11.650467724999999], "stats": [{"ci_99": [-Infinity, Infinity], "q_25": 11.650467724999999, "q_75": 11.650467724999999, "min": 11.650467724999999, "max": 11.650467724999999, "mean": 11.650467724999999, "std": 0.0, "repeat": 1, "number": 1}]}, "benchmarks.DTWF.time_long_sequence_length": {"result": [0.11845547700022507], "stats": [{"ci_99": [-Infinity, Infinity], "q_25": 0.11845547700022507, "q_75": 0.11845547700022507, "min": 0.11845547700022507, "max": 0.11845547700022507, "mean": 0.11845547700022507, "std": 0.0, "repeat": 1, "number": 1}]}, "benchmarks.DTWF.time_many_replicates": {"result": [47.87717554500023], "stats": [{"ci_99": [-Infinity, Infinity], "q_25": 47.87717554500023, "q_75": 47.87717554500023, "min": 47.87717554500023, "max": 47.87717554500023, "mean": 47.87717554500023, "std": 0.0, "repeat": 1, "number": 1}]}, "benchmarks.Hudson.peakmem_human_chr22": 150560768, "benchmarks.Hudson.peakmem_large_sample_size": 852787200, "benchmarks.Hudson.peakmem_long_sequence_length": 176394240, "benchmarks.Hudson.peakmem_many_replicates": 49074176, "benchmarks.Hudson.time_human_chr22": {"result": [53.28164600999935], "stats": [{"ci_99": [-Infinity, Infinity], "q_25": 53.28164600999935, "q_75": 53.28164600999935, "min": 53.28164600999935, "max": 53.28164600999935, "mean": 53.28164600999935, "std": 0.0, "repeat": 1, "number": 1}]}, "benchmarks.Hudson.time_large_sample_size": {"result": [71.51125896699978], "stats": [{"ci_99": [-Infinity, Infinity], "q_25": 71.51125896699978, "q_75": 71.51125896699978, "min": 71.51125896699978, "max": 71.51125896699978, "mean": 71.51125896699978, "std": 0.0, "repeat": 1, "number": 1}]}, "benchmarks.Hudson.time_long_sequence_length": {"result": [49.90119441599927], "stats": [{"ci_99": [-Infinity, Infinity], "q_25": 49.90119441599927, "q_75": 49.90119441599927, "min": 49.90119441599927, "max": 49.90119441599927, "mean": 49.90119441599927, "std": 0.0, "repeat": 1, "number": 1}]}, "benchmarks.Hudson.time_many_replicates": {"result": [28.193628009999884], "stats": [{"ci_99": [-Infinity, Infinity], "q_25": 28.193628009999884, "q_75": 28.193628009999884, "min": 28.193628009999884, "max": 28.193628009999884, "mean": 28.193628009999884, "std": 0.0, "repeat": 1, "number": 1}]}, "benchmarks.Hudson.peakmem_long_sequence_length_gene_conversion": 172236800, "benchmarks.Hudson.time_long_sequence_length_gene_conversion": {"result": [50.23579162399983], "stats": [{"ci_99": [-Infinity, Infinity], "q_25": 50.23579162399983, "q_75": 50.23579162399983, "min": 50.23579162399983, "max": 50.23579162399983, "mean": 50.23579162399983, "std": 0.0, "repeat": 1, "number": 1}]}}, "params": {"arch": "x86_64", "cpu": "Intel(R) Core(TM) i5-3317U CPU @ 1.70GHz", "machine": "poplar", "num_cpu": "4", "os": "Linux 3.13.0-24-generic", "ram": "3931396", "python": "3.8", "stdpopsim": ""}, "requirements": {"stdpopsim": ""}, "commit_hash": "f40825e648fe5bf75e097f64f0d6cfbc3aee71cd", "date": 1601393928000, "env_name": "virtualenv-py3.8-stdpopsim", "python": "3.8", "profiles": {}, "started_at": {"benchmarks.DTWF.peakmem_human_chr22": 1601460521294, "benchmarks.DTWF.peakmem_large_population_size": 1601460553755, "benchmarks.DTWF.peakmem_long_sequence_length": 1601460565980, "benchmarks.DTWF.peakmem_many_replicates": 1601460566684, "benchmarks.DTWF.time_human_chr22": 1601460615006, "benchmarks.DTWF.time_large_population_size": 1601460648173, "benchmarks.DTWF.time_long_sequence_length": 1601460660400, "benchmarks.DTWF.time_many_replicates": 1601460661104, "benchmarks.Hudson.peakmem_human_chr22": 1601460709577, "benchmarks.Hudson.peakmem_large_sample_size": 1601460764534, "benchmarks.Hudson.peakmem_long_sequence_length": 1601460836958, "benchmarks.Hudson.peakmem_many_replicates": 1601460887709, "benchmarks.Hudson.time_human_chr22": 1601460916503, "benchmarks.Hudson.time_large_sample_size": 1601460970359, "benchmarks.Hudson.time_long_sequence_length": 1601461042482, "benchmarks.Hudson.time_many_replicates": 1601461092981, "benchmarks.Hudson.peakmem_long_sequence_length_gene_conversion": 1601473213301, "benchmarks.Hudson.time_long_sequence_length_gene_conversion": 1601473266408}, "ended_at": {"benchmarks.DTWF.peakmem_human_chr22": 1601460553755, "benchmarks.DTWF.peakmem_large_population_size": 1601460565979, "benchmarks.DTWF.peakmem_long_sequence_length": 1601460566683, "benchmarks.DTWF.peakmem_many_replicates": 1601460615005, "benchmarks.DTWF.time_human_chr22": 1601460648173, "benchmarks.DTWF.time_large_population_size": 1601460660400, "benchmarks.DTWF.time_long_sequence_length": 1601460661104, "benchmarks.DTWF.time_many_replicates": 1601460709576, "benchmarks.Hudson.peakmem_human_chr22": 1601460764534, "benchmarks.Hudson.peakmem_large_sample_size": 1601460836958, "benchmarks.Hudson.peakmem_long_sequence_length": 1601460887708, "benchmarks.Hudson.peakmem_many_replicates": 1601460916502, "benchmarks.Hudson.time_human_chr22": 1601460970358, "benchmarks.Hudson.time_large_sample_size": 1601461042482, "benchmarks.Hudson.time_long_sequence_length": 1601461092981, "benchmarks.Hudson.time_many_replicates": 1601461121775, "benchmarks.Hudson.peakmem_long_sequence_length_gene_conversion": 1601473266408, "benchmarks.Hudson.time_long_sequence_length_gene_conversion": 1601473317209}, "benchmark_version": {"benchmarks.DTWF.peakmem_human_chr22": "f848688127844489b5870c5598d06fc61bdb8c1a31b2c71741fb842ce4869124", "benchmarks.DTWF.peakmem_large_population_size": "1c54016f27b74e5d827e0cf71dee2587b99237d50e0c3aa5bfb1e9a54bedf712", "benchmarks.DTWF.peakmem_long_sequence_length": "72b4498a433ac926a303683be39aa07c206b25c22caa613088af6cbe51544ce9", "benchmarks.DTWF.peakmem_many_replicates": "8d591fe1a84bfd039f312aef953605c494b28ed3e3b28bd41773b5a6bbab8e13", "benchmarks.DTWF.time_human_chr22": "d016729b716d45e5a6cc8608ae18480b4f3d6192cc29f39ad8e06222786408c6", "benchmarks.DTWF.time_large_population_size": "5393d907eb6d9700c18c23789395c3a6a8aecf236b49983e2d955dccc6f793a3", "benchmarks.DTWF.time_long_sequence_length": "89860f21a2ad81e267314c086383279e852e4560e27f425d127937bd62fb83f9", "benchmarks.DTWF.time_many_replicates": "8f8fa44794e1a510a8052653f41596e3e11adbcdc838d7ca59f99bdb491be41b", "benchmarks.Hudson.peakmem_human_chr22": "20ef616d263e941e12a3089b8e8dbfee94d982362fe475e40174ebc3506b102a", "benchmarks.Hudson.peakmem_large_sample_size": "0b75d04c5ff9994c35ae62a490034e021485c38567b2699884e524931587881a", "benchmarks.Hudson.peakmem_long_sequence_length": "edd9dee8418f69b81347803203f176ff269220225a8939dc1c4bc1ab32289f94", "benchmarks.Hudson.peakmem_many_replicates": "b93569a722fa5396ed6631750fbdd02c7b47148d63973610f802eb69db85679e", "benchmarks.Hudson.time_human_chr22": "e648432b5c065478e09802f16a5658d37b625c204e147517826817bd6b04acb1", "benchmarks.Hudson.time_large_sample_size": "7bc273fa1975809170f8f4dd7776de03dd9993132a83866c1c135afe37e4d541", "benchmarks.Hudson.time_long_sequence_length": "0b6c7c537bd986f4e9c36c5549b8e939955cbd49901f29827e3ce763790fb3b7", "benchmarks.Hudson.time_many_replicates": "c0f9f49074ade65f919a2db206a10f03ba6f5b53fa86dce2a6a32e96dd8a5067", "benchmarks.Hudson.peakmem_long_sequence_length_gene_conversion": "2236f20c5a4cc1e037abd099ce1f70d0dd2045a14914c96dcc48d0507f45e1da", "benchmarks.Hudson.time_long_sequence_length_gene_conversion": "19005a2b4b33b284a84cc0ad033e2d2c646f2d264fd59a5a55e3c2246a05851b"}, "version": 1}