{"results": {"benchmarks.DTWF.peakmem_human_chr22": 109559808, "benchmarks.DTWF.peakmem_large_population_size": 54644736, "benchmarks.DTWF.peakmem_long_sequence_length": 57548800, "benchmarks.DTWF.peakmem_many_replicates": 46698496, "benchmarks.DTWF.time_human_chr22": {"result": [39.153032793983584], "stats": [{"ci_99": [-Infinity, Infinity], "q_25": 39.153032793983584, "q_75": 39.153032793983584, "min": 39.153032793983584, "max": 39.153032793983584, "mean": 39.153032793983584, "std": 0.0, "repeat": 1, "number": 1}]}, "benchmarks.DTWF.time_large_population_size": {"result": [11.239837953005917], "stats": [{"ci_99": [-Infinity, Infinity], "q_25": 11.239837953005917, "q_75": 11.239837953005917, "min": 11.239837953005917, "max": 11.239837953005917, "mean": 11.239837953005917, "std": 0.0, "repeat": 1, "number": 1}]}, "benchmarks.DTWF.time_long_sequence_length": {"result": [12.178198026987957], "stats": [{"ci_99": [-Infinity, Infinity], "q_25": 12.178198026987957, "q_75": 12.178198026987957, "min": 12.178198026987957, "max": 12.178198026987957, "mean": 12.178198026987957, "std": 0.0, "repeat": 1, "number": 1}]}, "benchmarks.DTWF.time_many_replicates": {"result": [52.20376216099248], "stats": [{"ci_99": [-Infinity, Infinity], "q_25": 52.20376216099248, "q_75": 52.20376216099248, "min": 52.20376216099248, "max": 52.20376216099248, "mean": 52.20376216099248, "std": 0.0, "repeat": 1, "number": 1}]}, "benchmarks.Hudson.peakmem_human_chr22": 143417344, "benchmarks.Hudson.peakmem_large_sample_size": null, "benchmarks.Hudson.peakmem_long_sequence_length": 167407616, "benchmarks.Hudson.peakmem_long_sequence_length_gene_conversion": 168906752, "benchmarks.Hudson.peakmem_many_replicates": 46817280, "benchmarks.Hudson.time_human_chr22": {"result": [34.43285532301525], "stats": [{"ci_99": [-Infinity, Infinity], "q_25": 34.43285532301525, "q_75": 34.43285532301525, "min": 34.43285532301525, "max": 34.43285532301525, "mean": 34.43285532301525, "std": 0.0, "repeat": 1, "number": 1}]}, "benchmarks.Hudson.time_large_sample_size": null, "benchmarks.Hudson.time_long_sequence_length": {"result": [49.46315981098451], "stats": [{"ci_99": [-Infinity, Infinity], "q_25": 49.46315981098451, "q_75": 49.46315981098451, "min": 49.46315981098451, "max": 49.46315981098451, "mean": 49.46315981098451, "std": 0.0, "repeat": 1, "number": 1}]}, "benchmarks.Hudson.time_long_sequence_length_gene_conversion": {"result": [51.32278699998278], "stats": [{"ci_99": [-Infinity, Infinity], "q_25": 51.32278699998278, "q_75": 51.32278699998278, "min": 51.32278699998278, "max": 51.32278699998278, "mean": 51.32278699998278, "std": 0.0, "repeat": 1, "number": 1}]}, "benchmarks.Hudson.time_many_replicates": {"result": [32.82630063500255], "stats": [{"ci_99": [-Infinity, Infinity], "q_25": 32.82630063500255, "q_75": 32.82630063500255, "min": 32.82630063500255, "max": 32.82630063500255, "mean": 32.82630063500255, "std": 0.0, "repeat": 1, "number": 1}]}}, "params": {"arch": "x86_64", "cpu": "Intel(R) Core(TM) i5-3317U CPU @ 1.70GHz", "machine": "poplar", "num_cpu": "4", "os": "Linux 3.13.0-24-generic", "ram": "3931396", "python": "3.8", "stdpopsim": ""}, "requirements": {"stdpopsim": ""}, "commit_hash": "f541b1452e5413513b3ac74cb58841fa9105a297", "date": 1598028053000, "env_name": "virtualenv-py3.8-stdpopsim", "python": "3.8", "profiles": {}, "started_at": {"benchmarks.DTWF.peakmem_human_chr22": 1602015748117, "benchmarks.DTWF.peakmem_large_population_size": 1602015786898, "benchmarks.DTWF.peakmem_long_sequence_length": 1602015798273, "benchmarks.DTWF.peakmem_many_replicates": 1602015810794, "benchmarks.DTWF.time_human_chr22": 1602015863373, "benchmarks.DTWF.time_large_population_size": 1602015902654, "benchmarks.DTWF.time_long_sequence_length": 1602015914030, "benchmarks.DTWF.time_many_replicates": 1602015926351, "benchmarks.Hudson.peakmem_human_chr22": 1602015978679, "benchmarks.Hudson.peakmem_large_sample_size": 1602016012698, "benchmarks.Hudson.peakmem_long_sequence_length": 1602016132799, "benchmarks.Hudson.peakmem_long_sequence_length_gene_conversion": 1602016182999, "benchmarks.Hudson.peakmem_many_replicates": 1602016234802, "benchmarks.Hudson.time_human_chr22": 1602016267902, "benchmarks.Hudson.time_large_sample_size": 1602016302473, "benchmarks.Hudson.time_long_sequence_length": 1602016422574, "benchmarks.Hudson.time_long_sequence_length_gene_conversion": 1602016472173, "benchmarks.Hudson.time_many_replicates": 1602016523626}, "ended_at": {"benchmarks.DTWF.peakmem_human_chr22": 1602015786897, "benchmarks.DTWF.peakmem_large_population_size": 1602015798273, "benchmarks.DTWF.peakmem_long_sequence_length": 1602015810794, "benchmarks.DTWF.peakmem_many_replicates": 1602015863372, "benchmarks.DTWF.time_human_chr22": 1602015902654, "benchmarks.DTWF.time_large_population_size": 1602015914030, "benchmarks.DTWF.time_long_sequence_length": 1602015926350, "benchmarks.DTWF.time_many_replicates": 1602015978679, "benchmarks.Hudson.peakmem_human_chr22": 1602016012698, "benchmarks.Hudson.peakmem_large_sample_size": 1602016132798, "benchmarks.Hudson.peakmem_long_sequence_length": 1602016182998, "benchmarks.Hudson.peakmem_long_sequence_length_gene_conversion": 1602016234802, "benchmarks.Hudson.peakmem_many_replicates": 1602016267902, "benchmarks.Hudson.time_human_chr22": 1602016302472, "benchmarks.Hudson.time_large_sample_size": 1602016422573, "benchmarks.Hudson.time_long_sequence_length": 1602016472173, "benchmarks.Hudson.time_long_sequence_length_gene_conversion": 1602016523626, "benchmarks.Hudson.time_many_replicates": 1602016556576}, "benchmark_version": {"benchmarks.DTWF.peakmem_human_chr22": "f848688127844489b5870c5598d06fc61bdb8c1a31b2c71741fb842ce4869124", "benchmarks.DTWF.peakmem_large_population_size": "1c54016f27b74e5d827e0cf71dee2587b99237d50e0c3aa5bfb1e9a54bedf712", "benchmarks.DTWF.peakmem_long_sequence_length": "72b4498a433ac926a303683be39aa07c206b25c22caa613088af6cbe51544ce9", "benchmarks.DTWF.peakmem_many_replicates": "8d591fe1a84bfd039f312aef953605c494b28ed3e3b28bd41773b5a6bbab8e13", "benchmarks.DTWF.time_human_chr22": "d016729b716d45e5a6cc8608ae18480b4f3d6192cc29f39ad8e06222786408c6", "benchmarks.DTWF.time_large_population_size": "5393d907eb6d9700c18c23789395c3a6a8aecf236b49983e2d955dccc6f793a3", "benchmarks.DTWF.time_long_sequence_length": "89860f21a2ad81e267314c086383279e852e4560e27f425d127937bd62fb83f9", "benchmarks.DTWF.time_many_replicates": "8f8fa44794e1a510a8052653f41596e3e11adbcdc838d7ca59f99bdb491be41b", "benchmarks.Hudson.peakmem_human_chr22": "20ef616d263e941e12a3089b8e8dbfee94d982362fe475e40174ebc3506b102a", "benchmarks.Hudson.peakmem_large_sample_size": "0b75d04c5ff9994c35ae62a490034e021485c38567b2699884e524931587881a", "benchmarks.Hudson.peakmem_long_sequence_length": "edd9dee8418f69b81347803203f176ff269220225a8939dc1c4bc1ab32289f94", "benchmarks.Hudson.peakmem_long_sequence_length_gene_conversion": "2236f20c5a4cc1e037abd099ce1f70d0dd2045a14914c96dcc48d0507f45e1da", "benchmarks.Hudson.peakmem_many_replicates": "b93569a722fa5396ed6631750fbdd02c7b47148d63973610f802eb69db85679e", "benchmarks.Hudson.time_human_chr22": "e648432b5c065478e09802f16a5658d37b625c204e147517826817bd6b04acb1", "benchmarks.Hudson.time_large_sample_size": "7bc273fa1975809170f8f4dd7776de03dd9993132a83866c1c135afe37e4d541", "benchmarks.Hudson.time_long_sequence_length": "0b6c7c537bd986f4e9c36c5549b8e939955cbd49901f29827e3ce763790fb3b7", "benchmarks.Hudson.time_long_sequence_length_gene_conversion": "19005a2b4b33b284a84cc0ad033e2d2c646f2d264fd59a5a55e3c2246a05851b", "benchmarks.Hudson.time_many_replicates": "c0f9f49074ade65f919a2db206a10f03ba6f5b53fa86dce2a6a32e96dd8a5067"}, "version": 1}