{"results": {"benchmarks.DTWF.peakmem_human_chr22": 111198208, "benchmarks.DTWF.peakmem_large_population_size": 53305344, "benchmarks.DTWF.peakmem_long_sequence_length": 55668736, "benchmarks.DTWF.peakmem_many_replicates": 45105152, "benchmarks.DTWF.time_human_chr22": {"result": [30.416060056999413], "stats": [{"ci_99": [-Infinity, Infinity], "q_25": 30.416060056999413, "q_75": 30.416060056999413, "min": 30.416060056999413, "max": 30.416060056999413, "mean": 30.416060056999413, "std": 0.0, "repeat": 1, "number": 1}]}, "benchmarks.DTWF.time_large_population_size": {"result": [11.67474297499939], "stats": [{"ci_99": [-Infinity, Infinity], "q_25": 11.67474297499939, "q_75": 11.67474297499939, "min": 11.67474297499939, "max": 11.67474297499939, "mean": 11.67474297499939, "std": 0.0, "repeat": 1, "number": 1}]}, "benchmarks.DTWF.time_long_sequence_length": {"result": [12.512858427999163], "stats": [{"ci_99": [-Infinity, Infinity], "q_25": 12.512858427999163, "q_75": 12.512858427999163, "min": 12.512858427999163, "max": 12.512858427999163, "mean": 12.512858427999163, "std": 0.0, "repeat": 1, "number": 1}]}, "benchmarks.DTWF.time_many_replicates": {"result": [47.73889326599965], "stats": [{"ci_99": [-Infinity, Infinity], "q_25": 47.73889326599965, "q_75": 47.73889326599965, "min": 47.73889326599965, "max": 47.73889326599965, "mean": 47.73889326599965, "std": 0.0, "repeat": 1, "number": 1}]}, "benchmarks.Hudson.peakmem_human_chr22": 146280448, "benchmarks.Hudson.peakmem_large_sample_size": 850817024, "benchmarks.Hudson.peakmem_long_sequence_length": 173826048, "benchmarks.Hudson.peakmem_long_sequence_length_gene_conversion": 174477312, "benchmarks.Hudson.peakmem_many_replicates": 45907968, "benchmarks.Hudson.time_human_chr22": {"result": [53.362802897998336], "stats": [{"ci_99": [-Infinity, Infinity], "q_25": 53.362802897998336, "q_75": 53.362802897998336, "min": 53.362802897998336, "max": 53.362802897998336, "mean": 53.362802897998336, "std": 0.0, "repeat": 1, "number": 1}]}, "benchmarks.Hudson.time_large_sample_size": {"result": [71.35685093799839], "stats": [{"ci_99": [-Infinity, Infinity], "q_25": 71.35685093799839, "q_75": 71.35685093799839, "min": 71.35685093799839, "max": 71.35685093799839, "mean": 71.35685093799839, "std": 0.0, "repeat": 1, "number": 1}]}, "benchmarks.Hudson.time_long_sequence_length": {"result": [49.310518034999404], "stats": [{"ci_99": [-Infinity, Infinity], "q_25": 49.310518034999404, "q_75": 49.310518034999404, "min": 49.310518034999404, "max": 49.310518034999404, "mean": 49.310518034999404, "std": 0.0, "repeat": 1, "number": 1}]}, "benchmarks.Hudson.time_long_sequence_length_gene_conversion": {"result": [51.47502478399838], "stats": [{"ci_99": [-Infinity, Infinity], "q_25": 51.47502478399838, "q_75": 51.47502478399838, "min": 51.47502478399838, "max": 51.47502478399838, "mean": 51.47502478399838, "std": 0.0, "repeat": 1, "number": 1}]}, "benchmarks.Hudson.time_many_replicates": {"result": [28.264004724998813], "stats": [{"ci_99": [-Infinity, Infinity], "q_25": 28.264004724998813, "q_75": 28.264004724998813, "min": 28.264004724998813, "max": 28.264004724998813, "mean": 28.264004724998813, "std": 0.0, "repeat": 1, "number": 1}]}}, "params": {"arch": "x86_64", "cpu": "Intel(R) Core(TM) i5-3317U CPU @ 1.70GHz", "machine": "poplar", "num_cpu": "4", "os": "Linux 3.13.0-24-generic", "ram": "3931396", "python": "3.8", "stdpopsim": ""}, "requirements": {"stdpopsim": ""}, "commit_hash": "f592f1ebd66e043a7d390cbc9147e5a2b627978c", "date": 1601020221000, "env_name": "virtualenv-py3.8-stdpopsim", "python": "3.8", "profiles": {}, "started_at": {"benchmarks.DTWF.peakmem_human_chr22": 1601474529199, "benchmarks.DTWF.peakmem_large_population_size": 1601474558406, "benchmarks.DTWF.peakmem_long_sequence_length": 1601474570180, "benchmarks.DTWF.peakmem_many_replicates": 1601474582801, "benchmarks.DTWF.time_human_chr22": 1601474630673, "benchmarks.DTWF.time_large_population_size": 1601474661182, "benchmarks.DTWF.time_long_sequence_length": 1601474672956, "benchmarks.DTWF.time_many_replicates": 1601474685575, "benchmarks.Hudson.peakmem_human_chr22": 1601474733447, "benchmarks.Hudson.peakmem_large_sample_size": 1601474787450, "benchmarks.Hudson.peakmem_long_sequence_length": 1601474859376, "benchmarks.Hudson.peakmem_long_sequence_length_gene_conversion": 1601474910178, "benchmarks.Hudson.peakmem_many_replicates": 1601474961779, "benchmarks.Hudson.time_human_chr22": 1601474989923, "benchmarks.Hudson.time_large_sample_size": 1601475043380, "benchmarks.Hudson.time_long_sequence_length": 1601475114859, "benchmarks.Hudson.time_long_sequence_length_gene_conversion": 1601475164307, "benchmarks.Hudson.time_many_replicates": 1601475215909}, "ended_at": {"benchmarks.DTWF.peakmem_human_chr22": 1601474558406, "benchmarks.DTWF.peakmem_large_population_size": 1601474570180, "benchmarks.DTWF.peakmem_long_sequence_length": 1601474582800, "benchmarks.DTWF.peakmem_many_replicates": 1601474630673, "benchmarks.DTWF.time_human_chr22": 1601474661182, "benchmarks.DTWF.time_large_population_size": 1601474672956, "benchmarks.DTWF.time_long_sequence_length": 1601474685575, "benchmarks.DTWF.time_many_replicates": 1601474733447, "benchmarks.Hudson.peakmem_human_chr22": 1601474787450, "benchmarks.Hudson.peakmem_large_sample_size": 1601474859376, "benchmarks.Hudson.peakmem_long_sequence_length": 1601474910177, "benchmarks.Hudson.peakmem_long_sequence_length_gene_conversion": 1601474961779, "benchmarks.Hudson.peakmem_many_replicates": 1601474989923, "benchmarks.Hudson.time_human_chr22": 1601475043380, "benchmarks.Hudson.time_large_sample_size": 1601475114858, "benchmarks.Hudson.time_long_sequence_length": 1601475164307, "benchmarks.Hudson.time_long_sequence_length_gene_conversion": 1601475215909, "benchmarks.Hudson.time_many_replicates": 1601475244303}, "benchmark_version": {"benchmarks.DTWF.peakmem_human_chr22": "f848688127844489b5870c5598d06fc61bdb8c1a31b2c71741fb842ce4869124", "benchmarks.DTWF.peakmem_large_population_size": "1c54016f27b74e5d827e0cf71dee2587b99237d50e0c3aa5bfb1e9a54bedf712", "benchmarks.DTWF.peakmem_long_sequence_length": "72b4498a433ac926a303683be39aa07c206b25c22caa613088af6cbe51544ce9", "benchmarks.DTWF.peakmem_many_replicates": "8d591fe1a84bfd039f312aef953605c494b28ed3e3b28bd41773b5a6bbab8e13", "benchmarks.DTWF.time_human_chr22": "d016729b716d45e5a6cc8608ae18480b4f3d6192cc29f39ad8e06222786408c6", "benchmarks.DTWF.time_large_population_size": "5393d907eb6d9700c18c23789395c3a6a8aecf236b49983e2d955dccc6f793a3", "benchmarks.DTWF.time_long_sequence_length": "89860f21a2ad81e267314c086383279e852e4560e27f425d127937bd62fb83f9", "benchmarks.DTWF.time_many_replicates": "8f8fa44794e1a510a8052653f41596e3e11adbcdc838d7ca59f99bdb491be41b", "benchmarks.Hudson.peakmem_human_chr22": "20ef616d263e941e12a3089b8e8dbfee94d982362fe475e40174ebc3506b102a", "benchmarks.Hudson.peakmem_large_sample_size": "0b75d04c5ff9994c35ae62a490034e021485c38567b2699884e524931587881a", "benchmarks.Hudson.peakmem_long_sequence_length": "edd9dee8418f69b81347803203f176ff269220225a8939dc1c4bc1ab32289f94", "benchmarks.Hudson.peakmem_long_sequence_length_gene_conversion": "2236f20c5a4cc1e037abd099ce1f70d0dd2045a14914c96dcc48d0507f45e1da", "benchmarks.Hudson.peakmem_many_replicates": "b93569a722fa5396ed6631750fbdd02c7b47148d63973610f802eb69db85679e", "benchmarks.Hudson.time_human_chr22": "e648432b5c065478e09802f16a5658d37b625c204e147517826817bd6b04acb1", "benchmarks.Hudson.time_large_sample_size": "7bc273fa1975809170f8f4dd7776de03dd9993132a83866c1c135afe37e4d541", "benchmarks.Hudson.time_long_sequence_length": "0b6c7c537bd986f4e9c36c5549b8e939955cbd49901f29827e3ce763790fb3b7", "benchmarks.Hudson.time_long_sequence_length_gene_conversion": "19005a2b4b33b284a84cc0ad033e2d2c646f2d264fd59a5a55e3c2246a05851b", "benchmarks.Hudson.time_many_replicates": "c0f9f49074ade65f919a2db206a10f03ba6f5b53fa86dce2a6a32e96dd8a5067"}, "version": 1}