{"results": {"benchmarks.DTWF.peakmem_human_chr22": 112001024, "benchmarks.DTWF.peakmem_large_population_size": 57200640, "benchmarks.DTWF.peakmem_long_sequence_length": 59760640, "benchmarks.DTWF.peakmem_many_replicates": 48861184, "benchmarks.DTWF.time_human_chr22": {"result": [28.4101322919596], "stats": [{"ci_99": [-Infinity, Infinity], "q_25": 28.4101322919596, "q_75": 28.4101322919596, "min": 28.4101322919596, "max": 28.4101322919596, "mean": 28.4101322919596, "std": 0.0, "repeat": 1, "number": 1}]}, "benchmarks.DTWF.time_large_population_size": {"result": [10.860445844009519], "stats": [{"ci_99": [-Infinity, Infinity], "q_25": 10.860445844009519, "q_75": 10.860445844009519, "min": 10.860445844009519, "max": 10.860445844009519, "mean": 10.860445844009519, "std": 0.0, "repeat": 1, "number": 1}]}, "benchmarks.DTWF.time_long_sequence_length": {"result": [11.744036071002483], "stats": [{"ci_99": [-Infinity, Infinity], "q_25": 11.744036071002483, "q_75": 11.744036071002483, "min": 11.744036071002483, "max": 11.744036071002483, "mean": 11.744036071002483, "std": 0.0, "repeat": 1, "number": 1}]}, "benchmarks.DTWF.time_many_replicates": {"result": [47.529460674966685], "stats": [{"ci_99": [-Infinity, Infinity], "q_25": 47.529460674966685, "q_75": 47.529460674966685, "min": 47.529460674966685, "max": 47.529460674966685, "mean": 47.529460674966685, "std": 0.0, "repeat": 1, "number": 1}]}, "benchmarks.Hudson.peakmem_human_chr22": 150503424, "benchmarks.Hudson.peakmem_large_sample_size": 856690688, "benchmarks.Hudson.peakmem_long_sequence_length": 178610176, "benchmarks.Hudson.peakmem_long_sequence_length_gene_conversion": 176181248, "benchmarks.Hudson.peakmem_many_replicates": 48869376, "benchmarks.Hudson.time_human_chr22": {"result": [36.05504392401781], "stats": [{"ci_99": [-Infinity, Infinity], "q_25": 36.05504392401781, "q_75": 36.05504392401781, "min": 36.05504392401781, "max": 36.05504392401781, "mean": 36.05504392401781, "std": 0.0, "repeat": 1, "number": 1}]}, "benchmarks.Hudson.time_large_sample_size": {"result": [71.0704658550676], "stats": [{"ci_99": [-Infinity, Infinity], "q_25": 71.0704658550676, "q_75": 71.0704658550676, "min": 71.0704658550676, "max": 71.0704658550676, "mean": 71.0704658550676, "std": 0.0, "repeat": 1, "number": 1}]}, "benchmarks.Hudson.time_long_sequence_length": {"result": [51.502477450994775], "stats": [{"ci_99": [-Infinity, Infinity], "q_25": 51.502477450994775, "q_75": 51.502477450994775, "min": 51.502477450994775, "max": 51.502477450994775, "mean": 51.502477450994775, "std": 0.0, "repeat": 1, "number": 1}]}, "benchmarks.Hudson.time_long_sequence_length_gene_conversion": {"result": [53.534720386960544], "stats": [{"ci_99": [-Infinity, Infinity], "q_25": 53.534720386960544, "q_75": 53.534720386960544, "min": 53.534720386960544, "max": 53.534720386960544, "mean": 53.534720386960544, "std": 0.0, "repeat": 1, "number": 1}]}, "benchmarks.Hudson.time_many_replicates": {"result": [28.073230601032265], "stats": [{"ci_99": [-Infinity, Infinity], "q_25": 28.073230601032265, "q_75": 28.073230601032265, "min": 28.073230601032265, "max": 28.073230601032265, "mean": 28.073230601032265, "std": 0.0, "repeat": 1, "number": 1}]}}, "params": {"arch": "x86_64", "cpu": "Intel(R) Core(TM) i5-3317U CPU @ 1.70GHz", "machine": "poplar", "num_cpu": "4", "os": "Linux 3.13.0-24-generic", "ram": "3931396", "python": "3.8", "stdpopsim": ""}, "requirements": {"stdpopsim": ""}, "commit_hash": "f7ff2057d7dd61170a5782b073ea99fd2bf83278", "date": 1605576301000, "env_name": "virtualenv-py3.8-stdpopsim", "python": "3.8", "profiles": {}, "started_at": {"benchmarks.DTWF.peakmem_human_chr22": 1605579774522, "benchmarks.DTWF.peakmem_large_population_size": 1605579805487, "benchmarks.DTWF.peakmem_long_sequence_length": 1605579816963, "benchmarks.DTWF.peakmem_many_replicates": 1605579829334, "benchmarks.DTWF.time_human_chr22": 1605579877709, "benchmarks.DTWF.time_large_population_size": 1605579906720, "benchmarks.DTWF.time_long_sequence_length": 1605579918146, "benchmarks.DTWF.time_many_replicates": 1605579930467, "benchmarks.Hudson.peakmem_human_chr22": 1605579978591, "benchmarks.Hudson.peakmem_large_sample_size": 1605580014966, "benchmarks.Hudson.peakmem_long_sequence_length": 1605580086542, "benchmarks.Hudson.peakmem_long_sequence_length_gene_conversion": 1605580137645, "benchmarks.Hudson.peakmem_many_replicates": 1605580191603, "benchmarks.Hudson.time_human_chr22": 1605580220499, "benchmarks.Hudson.time_large_sample_size": 1605580257123, "benchmarks.Hudson.time_long_sequence_length": 1605580328802, "benchmarks.Hudson.time_long_sequence_length_gene_conversion": 1605580380908, "benchmarks.Hudson.time_many_replicates": 1605580435016}, "ended_at": {"benchmarks.DTWF.peakmem_human_chr22": 1605579805487, "benchmarks.DTWF.peakmem_large_population_size": 1605579816963, "benchmarks.DTWF.peakmem_long_sequence_length": 1605579829334, "benchmarks.DTWF.peakmem_many_replicates": 1605579877709, "benchmarks.DTWF.time_human_chr22": 1605579906719, "benchmarks.DTWF.time_large_population_size": 1605579918145, "benchmarks.DTWF.time_long_sequence_length": 1605579930466, "benchmarks.DTWF.time_many_replicates": 1605579978591, "benchmarks.Hudson.peakmem_human_chr22": 1605580014965, "benchmarks.Hudson.peakmem_large_sample_size": 1605580086542, "benchmarks.Hudson.peakmem_long_sequence_length": 1605580137644, "benchmarks.Hudson.peakmem_long_sequence_length_gene_conversion": 1605580191603, "benchmarks.Hudson.peakmem_many_replicates": 1605580220499, "benchmarks.Hudson.time_human_chr22": 1605580257123, "benchmarks.Hudson.time_large_sample_size": 1605580328802, "benchmarks.Hudson.time_long_sequence_length": 1605580380908, "benchmarks.Hudson.time_long_sequence_length_gene_conversion": 1605580435016, "benchmarks.Hudson.time_many_replicates": 1605580463661}, "benchmark_version": {"benchmarks.DTWF.peakmem_human_chr22": "f848688127844489b5870c5598d06fc61bdb8c1a31b2c71741fb842ce4869124", "benchmarks.DTWF.peakmem_large_population_size": "1c54016f27b74e5d827e0cf71dee2587b99237d50e0c3aa5bfb1e9a54bedf712", "benchmarks.DTWF.peakmem_long_sequence_length": "72b4498a433ac926a303683be39aa07c206b25c22caa613088af6cbe51544ce9", "benchmarks.DTWF.peakmem_many_replicates": "8d591fe1a84bfd039f312aef953605c494b28ed3e3b28bd41773b5a6bbab8e13", "benchmarks.DTWF.time_human_chr22": "d016729b716d45e5a6cc8608ae18480b4f3d6192cc29f39ad8e06222786408c6", "benchmarks.DTWF.time_large_population_size": "5393d907eb6d9700c18c23789395c3a6a8aecf236b49983e2d955dccc6f793a3", "benchmarks.DTWF.time_long_sequence_length": "89860f21a2ad81e267314c086383279e852e4560e27f425d127937bd62fb83f9", "benchmarks.DTWF.time_many_replicates": "8f8fa44794e1a510a8052653f41596e3e11adbcdc838d7ca59f99bdb491be41b", "benchmarks.Hudson.peakmem_human_chr22": "20ef616d263e941e12a3089b8e8dbfee94d982362fe475e40174ebc3506b102a", "benchmarks.Hudson.peakmem_large_sample_size": "0b75d04c5ff9994c35ae62a490034e021485c38567b2699884e524931587881a", "benchmarks.Hudson.peakmem_long_sequence_length": "edd9dee8418f69b81347803203f176ff269220225a8939dc1c4bc1ab32289f94", "benchmarks.Hudson.peakmem_long_sequence_length_gene_conversion": "2236f20c5a4cc1e037abd099ce1f70d0dd2045a14914c96dcc48d0507f45e1da", "benchmarks.Hudson.peakmem_many_replicates": "b93569a722fa5396ed6631750fbdd02c7b47148d63973610f802eb69db85679e", "benchmarks.Hudson.time_human_chr22": "e648432b5c065478e09802f16a5658d37b625c204e147517826817bd6b04acb1", "benchmarks.Hudson.time_large_sample_size": "7bc273fa1975809170f8f4dd7776de03dd9993132a83866c1c135afe37e4d541", "benchmarks.Hudson.time_long_sequence_length": "0b6c7c537bd986f4e9c36c5549b8e939955cbd49901f29827e3ce763790fb3b7", "benchmarks.Hudson.time_long_sequence_length_gene_conversion": "19005a2b4b33b284a84cc0ad033e2d2c646f2d264fd59a5a55e3c2246a05851b", "benchmarks.Hudson.time_many_replicates": "c0f9f49074ade65f919a2db206a10f03ba6f5b53fa86dce2a6a32e96dd8a5067"}, "version": 1}