{"results": {"benchmarks.DTWF.peakmem_human_chr22": 114008064, "benchmarks.DTWF.peakmem_large_population_size": 57090048, "benchmarks.DTWF.peakmem_long_sequence_length": 59850752, "benchmarks.DTWF.peakmem_many_replicates": 49168384, "benchmarks.DTWF.time_human_chr22": {"result": [26.933474571000033], "stats": [{"ci_99": [-Infinity, Infinity], "q_25": 26.933474571000033, "q_75": 26.933474571000033, "min": 26.933474571000033, "max": 26.933474571000033, "mean": 26.933474571000033, "std": 0.0, "repeat": 1, "number": 1}]}, "benchmarks.DTWF.time_large_population_size": {"result": [10.897324874000105], "stats": [{"ci_99": [-Infinity, Infinity], "q_25": 10.897324874000105, "q_75": 10.897324874000105, "min": 10.897324874000105, "max": 10.897324874000105, "mean": 10.897324874000105, "std": 0.0, "repeat": 1, "number": 1}]}, "benchmarks.DTWF.time_long_sequence_length": {"result": [11.974482346000059], "stats": [{"ci_99": [-Infinity, Infinity], "q_25": 11.974482346000059, "q_75": 11.974482346000059, "min": 11.974482346000059, "max": 11.974482346000059, "mean": 11.974482346000059, "std": 0.0, "repeat": 1, "number": 1}]}, "benchmarks.DTWF.time_many_replicates": {"result": [47.47318407500006], "stats": [{"ci_99": [-Infinity, Infinity], "q_25": 47.47318407500006, "q_75": 47.47318407500006, "min": 47.47318407500006, "max": 47.47318407500006, "mean": 47.47318407500006, "std": 0.0, "repeat": 1, "number": 1}]}, "benchmarks.Hudson.peakmem_human_chr22": 151650304, "benchmarks.Hudson.peakmem_large_sample_size": 853164032, "benchmarks.Hudson.peakmem_long_sequence_length": 175865856, "benchmarks.Hudson.peakmem_long_sequence_length_gene_conversion": 177958912, "benchmarks.Hudson.peakmem_many_replicates": 49106944, "benchmarks.Hudson.time_human_chr22": {"result": [35.38058803299964], "stats": [{"ci_99": [-Infinity, Infinity], "q_25": 35.38058803299964, "q_75": 35.38058803299964, "min": 35.38058803299964, "max": 35.38058803299964, "mean": 35.38058803299964, "std": 0.0, "repeat": 1, "number": 1}]}, "benchmarks.Hudson.time_large_sample_size": {"result": [67.80526705700004], "stats": [{"ci_99": [-Infinity, Infinity], "q_25": 67.80526705700004, "q_75": 67.80526705700004, "min": 67.80526705700004, "max": 67.80526705700004, "mean": 67.80526705700004, "std": 0.0, "repeat": 1, "number": 1}]}, "benchmarks.Hudson.time_long_sequence_length": {"result": [50.66106071399963], "stats": [{"ci_99": [-Infinity, Infinity], "q_25": 50.66106071399963, "q_75": 50.66106071399963, "min": 50.66106071399963, "max": 50.66106071399963, "mean": 50.66106071399963, "std": 0.0, "repeat": 1, "number": 1}]}, "benchmarks.Hudson.time_long_sequence_length_gene_conversion": {"result": [51.46700498900009], "stats": [{"ci_99": [-Infinity, Infinity], "q_25": 51.46700498900009, "q_75": 51.46700498900009, "min": 51.46700498900009, "max": 51.46700498900009, "mean": 51.46700498900009, "std": 0.0, "repeat": 1, "number": 1}]}, "benchmarks.Hudson.time_many_replicates": {"result": [28.263997195999764], "stats": [{"ci_99": [-Infinity, Infinity], "q_25": 28.263997195999764, "q_75": 28.263997195999764, "min": 28.263997195999764, "max": 28.263997195999764, "mean": 28.263997195999764, "std": 0.0, "repeat": 1, "number": 1}]}}, "params": {"arch": "x86_64", "cpu": "Intel(R) Core(TM) i5-3317U CPU @ 1.70GHz", "machine": "poplar", "num_cpu": "4", "os": "Linux 3.13.0-24-generic", "ram": "3931396", "python": "3.8", "stdpopsim": ""}, "requirements": {"stdpopsim": ""}, "commit_hash": "fec5bc82feb52b9e7135392930a43013369befcd", "date": 1604709944000, "env_name": "virtualenv-py3.8-stdpopsim", "python": "3.8", "profiles": {}, "started_at": {"benchmarks.DTWF.peakmem_human_chr22": 1604922537306, "benchmarks.DTWF.peakmem_large_population_size": 1604922564010, "benchmarks.DTWF.peakmem_long_sequence_length": 1604922575486, "benchmarks.DTWF.peakmem_many_replicates": 1604922588008, "benchmarks.DTWF.time_human_chr22": 1604922635985, "benchmarks.DTWF.time_large_population_size": 1604922663494, "benchmarks.DTWF.time_long_sequence_length": 1604922674971, "benchmarks.DTWF.time_many_replicates": 1604922687543, "benchmarks.Hudson.peakmem_human_chr22": 1604922735617, "benchmarks.Hudson.peakmem_large_sample_size": 1604922771189, "benchmarks.Hudson.peakmem_long_sequence_length": 1604922839612, "benchmarks.Hudson.peakmem_long_sequence_length_gene_conversion": 1604922890015, "benchmarks.Hudson.peakmem_many_replicates": 1604922941921, "benchmarks.Hudson.time_human_chr22": 1604922970668, "benchmarks.Hudson.time_large_sample_size": 1604923006643, "benchmarks.Hudson.time_long_sequence_length": 1604923075068, "benchmarks.Hudson.time_long_sequence_length_gene_conversion": 1604923126325, "benchmarks.Hudson.time_many_replicates": 1604923178383}, "ended_at": {"benchmarks.DTWF.peakmem_human_chr22": 1604922564009, "benchmarks.DTWF.peakmem_large_population_size": 1604922575486, "benchmarks.DTWF.peakmem_long_sequence_length": 1604922588008, "benchmarks.DTWF.peakmem_many_replicates": 1604922635984, "benchmarks.DTWF.time_human_chr22": 1604922663494, "benchmarks.DTWF.time_large_population_size": 1604922674970, "benchmarks.DTWF.time_long_sequence_length": 1604922687543, "benchmarks.DTWF.time_many_replicates": 1604922735616, "benchmarks.Hudson.peakmem_human_chr22": 1604922771189, "benchmarks.Hudson.peakmem_large_sample_size": 1604922839611, "benchmarks.Hudson.peakmem_long_sequence_length": 1604922890014, "benchmarks.Hudson.peakmem_long_sequence_length_gene_conversion": 1604922941921, "benchmarks.Hudson.peakmem_many_replicates": 1604922970667, "benchmarks.Hudson.time_human_chr22": 1604923006643, "benchmarks.Hudson.time_large_sample_size": 1604923075068, "benchmarks.Hudson.time_long_sequence_length": 1604923126325, "benchmarks.Hudson.time_long_sequence_length_gene_conversion": 1604923178383, "benchmarks.Hudson.time_many_replicates": 1604923207230}, "benchmark_version": {"benchmarks.DTWF.peakmem_human_chr22": "f848688127844489b5870c5598d06fc61bdb8c1a31b2c71741fb842ce4869124", "benchmarks.DTWF.peakmem_large_population_size": "1c54016f27b74e5d827e0cf71dee2587b99237d50e0c3aa5bfb1e9a54bedf712", "benchmarks.DTWF.peakmem_long_sequence_length": "72b4498a433ac926a303683be39aa07c206b25c22caa613088af6cbe51544ce9", "benchmarks.DTWF.peakmem_many_replicates": "8d591fe1a84bfd039f312aef953605c494b28ed3e3b28bd41773b5a6bbab8e13", "benchmarks.DTWF.time_human_chr22": "d016729b716d45e5a6cc8608ae18480b4f3d6192cc29f39ad8e06222786408c6", "benchmarks.DTWF.time_large_population_size": "5393d907eb6d9700c18c23789395c3a6a8aecf236b49983e2d955dccc6f793a3", "benchmarks.DTWF.time_long_sequence_length": "89860f21a2ad81e267314c086383279e852e4560e27f425d127937bd62fb83f9", "benchmarks.DTWF.time_many_replicates": "8f8fa44794e1a510a8052653f41596e3e11adbcdc838d7ca59f99bdb491be41b", "benchmarks.Hudson.peakmem_human_chr22": "20ef616d263e941e12a3089b8e8dbfee94d982362fe475e40174ebc3506b102a", "benchmarks.Hudson.peakmem_large_sample_size": "0b75d04c5ff9994c35ae62a490034e021485c38567b2699884e524931587881a", "benchmarks.Hudson.peakmem_long_sequence_length": "edd9dee8418f69b81347803203f176ff269220225a8939dc1c4bc1ab32289f94", "benchmarks.Hudson.peakmem_long_sequence_length_gene_conversion": "2236f20c5a4cc1e037abd099ce1f70d0dd2045a14914c96dcc48d0507f45e1da", "benchmarks.Hudson.peakmem_many_replicates": "b93569a722fa5396ed6631750fbdd02c7b47148d63973610f802eb69db85679e", "benchmarks.Hudson.time_human_chr22": "e648432b5c065478e09802f16a5658d37b625c204e147517826817bd6b04acb1", "benchmarks.Hudson.time_large_sample_size": "7bc273fa1975809170f8f4dd7776de03dd9993132a83866c1c135afe37e4d541", "benchmarks.Hudson.time_long_sequence_length": "0b6c7c537bd986f4e9c36c5549b8e939955cbd49901f29827e3ce763790fb3b7", "benchmarks.Hudson.time_long_sequence_length_gene_conversion": "19005a2b4b33b284a84cc0ad033e2d2c646f2d264fd59a5a55e3c2246a05851b", "benchmarks.Hudson.time_many_replicates": "c0f9f49074ade65f919a2db206a10f03ba6f5b53fa86dce2a6a32e96dd8a5067"}, "version": 1}